-- phpMyAdmin SQL Dump
-- version 5.1.0
-- https://www.phpmyadmin.net/
--
-- Host: 127.0.0.1
-- Generation Time: May 06, 2022 at 03:09 AM
-- Server version: 10.4.18-MariaDB
-- PHP Version: 7.4.16

SET SQL_MODE = "NO_AUTO_VALUE_ON_ZERO";
START TRANSACTION;
SET time_zone = "+00:00";


/*!40101 SET @OLD_CHARACTER_SET_CLIENT=@@CHARACTER_SET_CLIENT */;
/*!40101 SET @OLD_CHARACTER_SET_RESULTS=@@CHARACTER_SET_RESULTS */;
/*!40101 SET @OLD_COLLATION_CONNECTION=@@COLLATION_CONNECTION */;
/*!40101 SET NAMES utf8mb4 */;

--
-- Database: `duet_attendance_system`
--

-- --------------------------------------------------------

--
-- Table structure for table `duet_batches`
--

CREATE TABLE `duet_batches` (
  `id` bigint(20) UNSIGNED NOT NULL,
  `name` varchar(256) COLLATE utf8mb4_unicode_ci NOT NULL,
  `department_id` bigint(20) UNSIGNED NOT NULL,
  `current_semester` bigint(20) UNSIGNED NOT NULL,
  `created_at` timestamp NULL DEFAULT NULL,
  `updated_at` timestamp NULL DEFAULT NULL
) ENGINE=InnoDB DEFAULT CHARSET=utf8mb4 COLLATE=utf8mb4_unicode_ci;

--
-- Dumping data for table `duet_batches`
--

INSERT INTO `duet_batches` (`id`, `name`, `department_id`, `current_semester`, `created_at`, `updated_at`) VALUES
(17, '21F', 26, 18, '2022-05-05 18:51:36', '2022-05-05 18:51:36'),
(18, '20F', 26, 19, '2022-05-05 18:51:48', '2022-05-05 18:51:48'),
(19, '19F', 26, 20, '2022-05-05 18:52:03', '2022-05-05 18:52:03');

-- --------------------------------------------------------

--
-- Table structure for table `duet_departments`
--

CREATE TABLE `duet_departments` (
  `id` bigint(20) UNSIGNED NOT NULL,
  `name` varchar(256) COLLATE utf8mb4_unicode_ci NOT NULL,
  `code` varchar(256) COLLATE utf8mb4_unicode_ci NOT NULL,
  `created_at` timestamp NULL DEFAULT NULL,
  `updated_at` timestamp NULL DEFAULT NULL
) ENGINE=InnoDB DEFAULT CHARSET=utf8mb4 COLLATE=utf8mb4_unicode_ci;

--
-- Dumping data for table `duet_departments`
--

INSERT INTO `duet_departments` (`id`, `name`, `code`, `created_at`, `updated_at`) VALUES
(26, 'Telecommunication', 'TE', '2022-05-05 18:48:51', '2022-05-05 18:48:51'),
(27, 'Computer System Engineering', 'CSE', '2022-05-05 18:51:02', '2022-05-05 18:51:02');

-- --------------------------------------------------------

--
-- Table structure for table `duet_failed_jobs`
--

CREATE TABLE `duet_failed_jobs` (
  `id` bigint(20) UNSIGNED NOT NULL,
  `uuid` varchar(255) COLLATE utf8mb4_unicode_ci NOT NULL,
  `connection` text COLLATE utf8mb4_unicode_ci NOT NULL,
  `queue` text COLLATE utf8mb4_unicode_ci NOT NULL,
  `payload` longtext COLLATE utf8mb4_unicode_ci NOT NULL,
  `exception` longtext COLLATE utf8mb4_unicode_ci NOT NULL,
  `failed_at` timestamp NOT NULL DEFAULT current_timestamp()
) ENGINE=InnoDB DEFAULT CHARSET=utf8mb4 COLLATE=utf8mb4_unicode_ci;

-- --------------------------------------------------------

--
-- Table structure for table `duet_migrations`
--

CREATE TABLE `duet_migrations` (
  `id` int(10) UNSIGNED NOT NULL,
  `migration` varchar(255) COLLATE utf8mb4_unicode_ci NOT NULL,
  `batch` int(11) NOT NULL
) ENGINE=InnoDB DEFAULT CHARSET=utf8mb4 COLLATE=utf8mb4_unicode_ci;

--
-- Dumping data for table `duet_migrations`
--

INSERT INTO `duet_migrations` (`id`, `migration`, `batch`) VALUES
(1, '2014_10_12_000000_create_users_table', 1),
(2, '2014_10_12_100000_create_password_resets_table', 1),
(3, '2019_08_19_000000_create_failed_jobs_table', 1),
(4, '2019_12_14_000001_create_personal_access_tokens_table', 1),
(5, '2022_04_28_203014_create_db_schema', 1);

-- --------------------------------------------------------

--
-- Table structure for table `duet_password_resets`
--

CREATE TABLE `duet_password_resets` (
  `email` varchar(255) COLLATE utf8mb4_unicode_ci NOT NULL,
  `token` varchar(255) COLLATE utf8mb4_unicode_ci NOT NULL,
  `created_at` timestamp NULL DEFAULT NULL
) ENGINE=InnoDB DEFAULT CHARSET=utf8mb4 COLLATE=utf8mb4_unicode_ci;

-- --------------------------------------------------------

--
-- Table structure for table `duet_personal_access_tokens`
--

CREATE TABLE `duet_personal_access_tokens` (
  `id` bigint(20) UNSIGNED NOT NULL,
  `tokenable_type` varchar(255) COLLATE utf8mb4_unicode_ci NOT NULL,
  `tokenable_id` bigint(20) UNSIGNED NOT NULL,
  `name` varchar(255) COLLATE utf8mb4_unicode_ci NOT NULL,
  `token` varchar(64) COLLATE utf8mb4_unicode_ci NOT NULL,
  `abilities` text COLLATE utf8mb4_unicode_ci DEFAULT NULL,
  `last_used_at` timestamp NULL DEFAULT NULL,
  `created_at` timestamp NULL DEFAULT NULL,
  `updated_at` timestamp NULL DEFAULT NULL
) ENGINE=InnoDB DEFAULT CHARSET=utf8mb4 COLLATE=utf8mb4_unicode_ci;

-- --------------------------------------------------------

--
-- Table structure for table `duet_semesters`
--

CREATE TABLE `duet_semesters` (
  `id` bigint(20) UNSIGNED NOT NULL,
  `name` varchar(256) COLLATE utf8mb4_unicode_ci NOT NULL,
  `department_id` bigint(20) UNSIGNED NOT NULL,
  `created_at` timestamp NULL DEFAULT NULL,
  `updated_at` timestamp NULL DEFAULT NULL
) ENGINE=InnoDB DEFAULT CHARSET=utf8mb4 COLLATE=utf8mb4_unicode_ci;

--
-- Dumping data for table `duet_semesters`
--

INSERT INTO `duet_semesters` (`id`, `name`, `department_id`, `created_at`, `updated_at`) VALUES
(18, '1st Semester', 26, '2022-05-05 18:50:05', '2022-05-05 18:50:05'),
(19, '3rd Semester', 26, '2022-05-05 18:50:05', '2022-05-05 18:50:05'),
(20, '5th Semester', 26, '2022-05-05 18:50:05', '2022-05-05 18:50:05'),
(21, '7th Semester', 26, '2022-05-05 18:50:05', '2022-05-05 18:50:05');

-- --------------------------------------------------------

--
-- Table structure for table `duet_students`
--

CREATE TABLE `duet_students` (
  `id` bigint(20) UNSIGNED NOT NULL,
  `first_name` varchar(256) COLLATE utf8mb4_unicode_ci NOT NULL,
  `last_name` varchar(256) COLLATE utf8mb4_unicode_ci NOT NULL,
  `roll_no` varchar(256) COLLATE utf8mb4_unicode_ci NOT NULL,
  `section` bigint(20) UNSIGNED NOT NULL,
  `batch_id` bigint(20) UNSIGNED NOT NULL,
  `created_at` timestamp NULL DEFAULT NULL,
  `updated_at` timestamp NULL DEFAULT NULL
) ENGINE=InnoDB DEFAULT CHARSET=utf8mb4 COLLATE=utf8mb4_unicode_ci;

--
-- Dumping data for table `duet_students`
--

INSERT INTO `duet_students` (`id`, `first_name`, `last_name`, `roll_no`, `section`, `batch_id`, `created_at`, `updated_at`) VALUES
(363, 'Shawna', 'Buck', 'D-21F-TE-01', 1, 17, '2022-05-05 18:58:24', '2022-05-05 18:58:24'),
(364, 'Nathaniel', 'Burke', 'D-21F-TE-02', 2, 17, '2022-05-05 18:58:24', '2022-05-05 18:58:24'),
(365, 'Elisabeth', 'Foster', 'D-21F-TE-03', 1, 17, '2022-05-05 18:58:24', '2022-05-05 18:58:24'),
(366, 'Briana', 'Lancaster', 'D-21F-TE-04', 2, 17, '2022-05-05 18:58:24', '2022-05-05 18:58:24'),
(367, 'Estella', 'Potter', 'D-21F-TE-05', 1, 17, '2022-05-05 18:58:24', '2022-05-05 18:58:24'),
(368, 'Lamont', 'Woods', 'D-21F-TE-06', 2, 17, '2022-05-05 18:58:24', '2022-05-05 18:58:24'),
(369, 'Melinda', 'Lopez', 'D-21F-TE-07', 1, 17, '2022-05-05 18:58:24', '2022-05-05 18:58:24'),
(370, 'Shanna', 'Silva', 'D-21F-TE-08', 2, 17, '2022-05-05 18:58:24', '2022-05-05 18:58:24'),
(371, 'Jasmine', 'Freeman', 'D-21F-TE-09', 1, 17, '2022-05-05 18:58:24', '2022-05-05 18:58:24'),
(372, 'Madge', 'Sargent', 'D-21F-TE-10', 2, 17, '2022-05-05 18:58:24', '2022-05-05 18:58:24'),
(373, 'Bethany', 'Cline', 'D-21F-TE-11', 1, 17, '2022-05-05 18:58:24', '2022-05-05 18:58:24'),
(374, 'Reid', 'Randolph', 'D-21F-TE-12', 2, 17, '2022-05-05 18:58:24', '2022-05-05 18:58:24'),
(375, 'Antoine', 'Wiley', 'D-21F-TE-13', 1, 17, '2022-05-05 18:58:24', '2022-05-05 18:58:24'),
(376, 'Mathew', 'Hodge', 'D-21F-TE-14', 2, 17, '2022-05-05 18:58:24', '2022-05-05 18:58:24'),
(377, 'Bernardo', 'Austin', 'D-21F-TE-15', 1, 17, '2022-05-05 18:58:24', '2022-05-05 18:58:24'),
(378, 'Cole', 'Jensen', 'D-21F-TE-16', 2, 17, '2022-05-05 18:58:24', '2022-05-05 18:58:24'),
(379, 'Tonia', 'Burns', 'D-21F-TE-17', 1, 17, '2022-05-05 18:58:24', '2022-05-05 18:58:24'),
(380, 'Tod', 'Holcomb', 'D-21F-TE-18', 2, 17, '2022-05-05 18:58:24', '2022-05-05 18:58:24'),
(381, 'Yesenia', 'Guerrero', 'D-21F-TE-19', 1, 17, '2022-05-05 18:58:24', '2022-05-05 18:58:24'),
(382, 'Carey', 'Ferrell', 'D-21F-TE-20', 2, 17, '2022-05-05 18:58:24', '2022-05-05 18:58:24'),
(383, 'Aileen', 'Blanchard', 'D-21F-TE-21', 1, 17, '2022-05-05 18:58:24', '2022-05-05 18:58:24'),
(384, 'Marta', 'Cervantes', 'D-21F-TE-22', 2, 17, '2022-05-05 18:58:24', '2022-05-05 18:58:24'),
(385, 'Arthur', 'Holloway', 'D-21F-TE-23', 1, 17, '2022-05-05 18:58:24', '2022-05-05 18:58:24'),
(386, 'Tara', 'Forbes', 'D-21F-TE-24', 2, 17, '2022-05-05 18:58:24', '2022-05-05 18:58:24'),
(387, 'Josef', 'Griffin', 'D-21F-TE-25', 1, 17, '2022-05-05 18:58:24', '2022-05-05 18:58:24'),
(388, 'Keri', 'Slater', 'D-21F-TE-26', 2, 17, '2022-05-05 18:58:24', '2022-05-05 18:58:24'),
(389, 'Desmond', 'Wynn', 'D-21F-TE-27', 1, 17, '2022-05-05 18:58:24', '2022-05-05 18:58:24'),
(390, 'Adrienne', 'Puckett', 'D-21F-TE-28', 2, 17, '2022-05-05 18:58:24', '2022-05-05 18:58:24'),
(391, 'Beatriz', 'Knowles', 'D-21F-TE-29', 1, 17, '2022-05-05 18:58:24', '2022-05-05 18:58:24'),
(392, 'Jermaine', 'Sykes', 'D-21F-TE-30', 2, 17, '2022-05-05 18:58:24', '2022-05-05 18:58:24'),
(393, 'Scott', 'Best', 'D-21F-TE-31', 1, 17, '2022-05-05 18:58:24', '2022-05-05 18:58:24'),
(394, 'Isabel', 'Espinoza', 'D-21F-TE-32', 2, 17, '2022-05-05 18:58:24', '2022-05-05 18:58:24'),
(395, 'Marcelino', 'Kinney', 'D-21F-TE-33', 1, 17, '2022-05-05 18:58:24', '2022-05-05 18:58:24'),
(396, 'Benjamin', 'Jennings', 'D-21F-TE-34', 2, 17, '2022-05-05 18:58:24', '2022-05-05 18:58:24'),
(397, 'Marcia', 'Casey', 'D-21F-TE-35', 1, 17, '2022-05-05 18:58:24', '2022-05-05 18:58:24'),
(398, 'Rudolph', 'Gordon', 'D-21F-TE-36', 2, 17, '2022-05-05 18:58:24', '2022-05-05 18:58:24'),
(399, 'Beverly', 'Rosales', 'D-21F-TE-37', 1, 17, '2022-05-05 18:58:24', '2022-05-05 18:58:24'),
(400, 'Marcus', 'Bolton', 'D-21F-TE-38', 2, 17, '2022-05-05 18:58:24', '2022-05-05 18:58:24'),
(401, 'Priscilla', 'Mays', 'D-21F-TE-39', 1, 17, '2022-05-05 18:58:24', '2022-05-05 18:58:24'),
(402, 'Lynn', 'Pena', 'D-21F-TE-40', 2, 17, '2022-05-05 18:58:24', '2022-05-05 18:58:24'),
(403, 'Tessa', 'Pace', 'D-21F-TE-41', 1, 17, '2022-05-05 18:58:24', '2022-05-05 18:58:24'),
(404, 'Rufus', 'Guerra', 'D-21F-TE-42', 2, 17, '2022-05-05 18:58:24', '2022-05-05 18:58:24'),
(405, 'Roman', 'Clark', 'D-21F-TE-43', 1, 17, '2022-05-05 18:58:24', '2022-05-05 18:58:24'),
(406, 'Carmela', 'Jefferson', 'D-21F-TE-44', 2, 17, '2022-05-05 18:58:24', '2022-05-05 18:58:24'),
(407, 'Thurman', 'Good', 'D-21F-TE-45', 1, 17, '2022-05-05 18:58:24', '2022-05-05 18:58:24'),
(408, 'Lemuel', 'Guerrero', 'D-21F-TE-46', 2, 17, '2022-05-05 18:58:24', '2022-05-05 18:58:24'),
(409, 'Clint', 'Bridges', 'D-21F-TE-47', 1, 17, '2022-05-05 18:58:24', '2022-05-05 18:58:24'),
(410, 'Karyn', 'Christian', 'D-21F-TE-48', 2, 17, '2022-05-05 18:58:24', '2022-05-05 18:58:24'),
(411, 'Lesa', 'Hughes', 'D-21F-TE-49', 1, 17, '2022-05-05 18:58:24', '2022-05-05 18:58:24'),
(412, 'Rich', 'Bates', 'D-21F-TE-50', 2, 17, '2022-05-05 18:58:24', '2022-05-05 18:58:24'),
(413, 'Liz', 'Frank', 'D-20F-TE-01', 1, 18, '2022-05-05 18:58:24', '2022-05-05 18:58:24'),
(414, 'Kendra', 'Villarreal', 'D-20F-TE-02', 1, 18, '2022-05-05 18:58:24', '2022-05-05 18:58:24'),
(415, 'Maryellen', 'Mcfadden', 'D-20F-TE-03', 1, 18, '2022-05-05 18:58:24', '2022-05-05 18:58:24'),
(416, 'German', 'Carney', 'D-20F-TE-04', 1, 18, '2022-05-05 18:58:24', '2022-05-05 18:58:24'),
(417, 'Micheal', 'Shannon', 'D-20F-TE-05', 1, 18, '2022-05-05 18:58:24', '2022-05-05 18:58:24'),
(418, 'Carlo', 'Albert', 'D-20F-TE-06', 1, 18, '2022-05-05 18:58:24', '2022-05-05 18:58:24'),
(419, 'Bianca', 'Langley', 'D-20F-TE-07', 1, 18, '2022-05-05 18:58:24', '2022-05-05 18:58:24'),
(420, 'Elias', 'Cabrera', 'D-20F-TE-08', 1, 18, '2022-05-05 18:58:24', '2022-05-05 18:58:24'),
(421, 'Alberta', 'Chapman', 'D-20F-TE-09', 1, 18, '2022-05-05 18:58:24', '2022-05-05 18:58:24'),
(422, 'Erin', 'Olsen', 'D-20F-TE-10', 1, 18, '2022-05-05 18:58:24', '2022-05-05 18:58:24'),
(423, 'Frederic', 'Stephenson', 'D-20F-TE-11', 1, 18, '2022-05-05 18:58:24', '2022-05-05 18:58:24'),
(424, 'Tanner', 'Caldwell', 'D-20F-TE-12', 1, 18, '2022-05-05 18:58:24', '2022-05-05 18:58:24'),
(425, 'Clarence', 'Powers', 'D-20F-TE-13', 1, 18, '2022-05-05 18:58:24', '2022-05-05 18:58:24'),
(426, 'German', 'Sheppard', 'D-20F-TE-14', 1, 18, '2022-05-05 18:58:24', '2022-05-05 18:58:24'),
(427, 'Dion', 'Duffy', 'D-20F-TE-15', 1, 18, '2022-05-05 18:58:24', '2022-05-05 18:58:24'),
(428, 'Cornelius', 'Townsend', 'D-20F-TE-16', 1, 18, '2022-05-05 18:58:24', '2022-05-05 18:58:24'),
(429, 'Patsy', 'Koch', 'D-20F-TE-17', 1, 18, '2022-05-05 18:58:24', '2022-05-05 18:58:24'),
(430, 'Waldo', 'Shields', 'D-20F-TE-18', 1, 18, '2022-05-05 18:58:24', '2022-05-05 18:58:24'),
(431, 'Damien', 'Rose', 'D-20F-TE-19', 1, 18, '2022-05-05 18:58:24', '2022-05-05 18:58:24'),
(432, 'Curt', 'Bridges', 'D-20F-TE-20', 1, 18, '2022-05-05 18:58:24', '2022-05-05 18:58:24'),
(433, 'Brenton', 'Matthews', 'D-20F-TE-21', 1, 18, '2022-05-05 18:58:24', '2022-05-05 18:58:24'),
(434, 'Miguel', 'Finley', 'D-20F-TE-22', 1, 18, '2022-05-05 18:58:24', '2022-05-05 18:58:24'),
(435, 'Esperanza', 'Paul', 'D-20F-TE-23', 1, 18, '2022-05-05 18:58:24', '2022-05-05 18:58:24'),
(436, 'Patricia', 'Briggs', 'D-20F-TE-24', 1, 18, '2022-05-05 18:58:24', '2022-05-05 18:58:24'),
(437, 'Forrest', 'Noel', 'D-20F-TE-25', 1, 18, '2022-05-05 18:58:24', '2022-05-05 18:58:24'),
(438, 'Marjorie', 'Wells', 'D-20F-TE-26', 2, 18, '2022-05-05 18:58:24', '2022-05-05 18:58:24'),
(439, 'Vivian', 'Burnett', 'D-20F-TE-27', 2, 18, '2022-05-05 18:58:24', '2022-05-05 18:58:24'),
(440, 'Duncan', 'Chen', 'D-20F-TE-28', 2, 18, '2022-05-05 18:58:24', '2022-05-05 18:58:24'),
(441, 'Miriam', 'Barrett', 'D-20F-TE-29', 2, 18, '2022-05-05 18:58:24', '2022-05-05 18:58:24'),
(442, 'Adam', 'Kirby', 'D-20F-TE-30', 2, 18, '2022-05-05 18:58:24', '2022-05-05 18:58:24'),
(443, 'Benjamin', 'Macdonald', 'D-20F-TE-31', 2, 18, '2022-05-05 18:58:24', '2022-05-05 18:58:24'),
(444, 'Neil', 'Murray', 'D-20F-TE-32', 2, 18, '2022-05-05 18:58:24', '2022-05-05 18:58:24'),
(445, 'Nichole', 'Oneil', 'D-20F-TE-33', 2, 18, '2022-05-05 18:58:24', '2022-05-05 18:58:24'),
(446, 'Jonathon', 'Pearson', 'D-20F-TE-34', 2, 18, '2022-05-05 18:58:24', '2022-05-05 18:58:24'),
(447, 'Brent', 'Bryant', 'D-20F-TE-35', 2, 18, '2022-05-05 18:58:24', '2022-05-05 18:58:24'),
(448, 'Carlene', 'Cain', 'D-20F-TE-36', 2, 18, '2022-05-05 18:58:24', '2022-05-05 18:58:24'),
(449, 'Arnulfo', 'Pittman', 'D-20F-TE-37', 2, 18, '2022-05-05 18:58:24', '2022-05-05 18:58:24'),
(450, 'Nickolas', 'Williams', 'D-20F-TE-38', 2, 18, '2022-05-05 18:58:24', '2022-05-05 18:58:24'),
(451, 'Raymundo', 'Kramer', 'D-20F-TE-39', 2, 18, '2022-05-05 18:58:24', '2022-05-05 18:58:24'),
(452, 'Jeremiah', 'Dotson', 'D-20F-TE-40', 2, 18, '2022-05-05 18:58:24', '2022-05-05 18:58:24'),
(453, 'Tanner', 'Matthews', 'D-20F-TE-41', 2, 18, '2022-05-05 18:58:24', '2022-05-05 18:58:24'),
(454, 'Dorian', 'Foster', 'D-20F-TE-42', 2, 18, '2022-05-05 18:58:24', '2022-05-05 18:58:24'),
(455, 'Nora', 'Hansen', 'D-20F-TE-43', 2, 18, '2022-05-05 18:58:24', '2022-05-05 18:58:24'),
(456, 'Danial', 'Watts', 'D-20F-TE-44', 2, 18, '2022-05-05 18:58:24', '2022-05-05 18:58:24'),
(457, 'Nelson', 'Mcintosh', 'D-20F-TE-45', 2, 18, '2022-05-05 18:58:24', '2022-05-05 18:58:24'),
(458, 'Manuel', 'Fulton', 'D-20F-TE-46', 2, 18, '2022-05-05 18:58:24', '2022-05-05 18:58:24'),
(459, 'Dominic', 'Henson', 'D-20F-TE-47', 2, 18, '2022-05-05 18:58:24', '2022-05-05 18:58:24'),
(460, 'Lowell', 'Erickson', 'D-20F-TE-48', 2, 18, '2022-05-05 18:58:24', '2022-05-05 18:58:24'),
(461, 'Jayne', 'Coleman', 'D-20F-TE-49', 2, 18, '2022-05-05 18:58:24', '2022-05-05 18:58:24'),
(462, 'Cornell', 'Daniel', 'D-20F-TE-50', 2, 18, '2022-05-05 18:58:24', '2022-05-05 18:58:24'),
(463, 'Doris', 'Glenn', 'D-19F-TE-01', 1, 19, '2022-05-05 18:58:24', '2022-05-05 18:58:24'),
(464, 'Tabatha', 'Gonzales', 'D-19F-TE-02', 1, 19, '2022-05-05 18:58:24', '2022-05-05 18:58:24'),
(465, 'Jerome', 'Foreman', 'D-19F-TE-03', 1, 19, '2022-05-05 18:58:24', '2022-05-05 18:58:24'),
(466, 'Elton', 'Ferguson', 'D-19F-TE-04', 1, 19, '2022-05-05 18:58:24', '2022-05-05 18:58:24'),
(467, 'Stacy', 'Jennings', 'D-19F-TE-05', 1, 19, '2022-05-05 18:58:24', '2022-05-05 18:58:24'),
(468, 'Rory', 'Fowler', 'D-19F-TE-06', 1, 19, '2022-05-05 18:58:24', '2022-05-05 18:58:24'),
(469, 'Greg', 'Kane', 'D-19F-TE-07', 1, 19, '2022-05-05 18:58:24', '2022-05-05 18:58:24'),
(470, 'Julian', 'Russo', 'D-19F-TE-08', 1, 19, '2022-05-05 18:58:24', '2022-05-05 18:58:24'),
(471, 'Agnes', 'Herman', 'D-19F-TE-09', 1, 19, '2022-05-05 18:58:24', '2022-05-05 18:58:24'),
(472, 'Nancy', 'Gillespie', 'D-19F-TE-10', 1, 19, '2022-05-05 18:58:24', '2022-05-05 18:58:24'),
(473, 'Tyrone', 'Soto', 'D-19F-TE-11', 1, 19, '2022-05-05 18:58:24', '2022-05-05 18:58:24'),
(474, 'Bradley', 'Chan', 'D-19F-TE-12', 1, 19, '2022-05-05 18:58:24', '2022-05-05 18:58:24'),
(475, 'Emile', 'Love', 'D-19F-TE-13', 1, 19, '2022-05-05 18:58:24', '2022-05-05 18:58:24'),
(476, 'Zachary', 'Gregory', 'D-19F-TE-14', 1, 19, '2022-05-05 18:58:24', '2022-05-05 18:58:24'),
(477, 'Tara', 'Gutierrez', 'D-19F-TE-15', 1, 19, '2022-05-05 18:58:24', '2022-05-05 18:58:24'),
(478, 'Aubrey', 'Pugh', 'D-19F-TE-16', 1, 19, '2022-05-05 18:58:24', '2022-05-05 18:58:24'),
(479, 'Carroll', 'Sweeney', 'D-19F-TE-17', 1, 19, '2022-05-05 18:58:24', '2022-05-05 18:58:24'),
(480, 'Claudette', 'Solomon', 'D-19F-TE-18', 1, 19, '2022-05-05 18:58:24', '2022-05-05 18:58:24'),
(481, 'Ricky', 'Bowers', 'D-19F-TE-19', 1, 19, '2022-05-05 18:58:24', '2022-05-05 18:58:24'),
(482, 'Brian', 'Fitzpatrick', 'D-19F-TE-20', 1, 19, '2022-05-05 18:58:24', '2022-05-05 18:58:24'),
(483, 'Nicholas', 'Branch', 'D-19F-TE-21', 1, 19, '2022-05-05 18:58:24', '2022-05-05 18:58:24'),
(484, 'Eileen', 'Hobbs', 'D-19F-TE-22', 1, 19, '2022-05-05 18:58:24', '2022-05-05 18:58:24'),
(485, 'Colin', 'Wilson', 'D-19F-TE-23', 1, 19, '2022-05-05 18:58:24', '2022-05-05 18:58:24'),
(486, 'Rosario', 'Trevino', 'D-19F-TE-24', 1, 19, '2022-05-05 18:58:24', '2022-05-05 18:58:24'),
(487, 'Salvador', 'Gutierrez', 'D-19F-TE-25', 1, 19, '2022-05-05 18:58:24', '2022-05-05 18:58:24'),
(488, 'Aldo', 'Medina', 'D-19F-TE-26', 1, 19, '2022-05-05 18:58:24', '2022-05-05 18:58:24'),
(489, 'Bret', 'Blevins', 'D-19F-TE-27', 1, 19, '2022-05-05 18:58:24', '2022-05-05 18:58:24'),
(490, 'Dominic', 'Mosley', 'D-19F-TE-28', 1, 19, '2022-05-05 18:58:24', '2022-05-05 18:58:24'),
(491, 'Karina', 'Owens', 'D-19F-TE-29', 1, 19, '2022-05-05 18:58:24', '2022-05-05 18:58:24'),
(492, 'Marquis', 'Perkins', 'D-19F-TE-30', 1, 19, '2022-05-05 18:58:24', '2022-05-05 18:58:24'),
(493, 'Damon', 'Solomon', 'D-19F-TE-31', 2, 19, '2022-05-05 18:58:24', '2022-05-05 18:58:24'),
(494, 'Leonel', 'Atkins', 'D-19F-TE-32', 2, 19, '2022-05-05 18:58:24', '2022-05-05 18:58:24'),
(495, 'Teddy', 'Merritt', 'D-19F-TE-33', 2, 19, '2022-05-05 18:58:24', '2022-05-05 18:58:24'),
(496, 'Alexandria', 'Long', 'D-19F-TE-34', 2, 19, '2022-05-05 18:58:24', '2022-05-05 18:58:24'),
(497, 'Margaret', 'Reilly', 'D-19F-TE-35', 2, 19, '2022-05-05 18:58:24', '2022-05-05 18:58:24'),
(498, 'Willis', 'Rose', 'D-19F-TE-36', 2, 19, '2022-05-05 18:58:24', '2022-05-05 18:58:24'),
(499, 'Donovan', 'Bowman', 'D-19F-TE-37', 2, 19, '2022-05-05 18:58:24', '2022-05-05 18:58:24'),
(500, 'Kristina', 'Mcgowan', 'D-19F-TE-38', 2, 19, '2022-05-05 18:58:24', '2022-05-05 18:58:24'),
(501, 'Garth', 'Clarke', 'D-19F-TE-39', 2, 19, '2022-05-05 18:58:24', '2022-05-05 18:58:24'),
(502, 'Martin', 'Buchanan', 'D-19F-TE-40', 2, 19, '2022-05-05 18:58:24', '2022-05-05 18:58:24'),
(503, 'Irwin', 'Jenkins', 'D-19F-TE-41', 2, 19, '2022-05-05 18:58:24', '2022-05-05 18:58:24'),
(504, 'Reynaldo', 'Sosa', 'D-19F-TE-42', 2, 19, '2022-05-05 18:58:24', '2022-05-05 18:58:24'),
(505, 'Sherri', 'Snyder', 'D-19F-TE-43', 2, 19, '2022-05-05 18:58:24', '2022-05-05 18:58:24'),
(506, 'Johnny', 'Dunlap', 'D-19F-TE-44', 2, 19, '2022-05-05 18:58:24', '2022-05-05 18:58:24'),
(507, 'Earnest', 'Kirk', 'D-19F-TE-45', 2, 19, '2022-05-05 18:58:24', '2022-05-05 18:58:24'),
(508, 'Bernardo', 'Mcdowell', 'D-19F-TE-46', 2, 19, '2022-05-05 18:58:24', '2022-05-05 18:58:24'),
(509, 'Yvette', 'Warner', 'D-19F-TE-47', 2, 19, '2022-05-05 18:58:24', '2022-05-05 18:58:24'),
(510, 'Robby', 'Jordan', 'D-19F-TE-48', 2, 19, '2022-05-05 18:58:24', '2022-05-05 18:58:24'),
(511, 'Carolina', 'Coleman', 'D-19F-TE-49', 2, 19, '2022-05-05 18:58:24', '2022-05-05 18:58:24'),
(512, 'Sonia', 'Cook', 'D-19F-TE-50', 2, 19, '2022-05-05 18:58:24', '2022-05-05 18:58:24'),
(513, 'Larry', 'Tran', 'D-19-TE-01', 2, 19, '2022-05-05 18:58:24', '2022-05-05 18:58:24'),
(514, 'Esmeralda', 'Grant', 'D-19-TE-02', 2, 19, '2022-05-05 18:58:24', '2022-05-05 18:58:24'),
(515, 'Candy', 'Singleton', 'D-19-TE-03', 2, 19, '2022-05-05 18:58:24', '2022-05-05 18:58:24'),
(516, 'Emma', 'Obrien', 'D-19-TE-04', 2, 19, '2022-05-05 18:58:24', '2022-05-05 18:58:24'),
(517, 'Scot', 'Beach', 'D-19-TE-05', 2, 19, '2022-05-05 18:58:24', '2022-05-05 18:58:24'),
(518, 'Rolland', 'Mendoza', 'D-19-TE-06', 2, 19, '2022-05-05 18:58:24', '2022-05-05 18:58:24'),
(519, 'Tommie', 'Sanchez', 'D-19-TE-07', 2, 19, '2022-05-05 18:58:24', '2022-05-05 18:58:24'),
(520, 'Jessie', 'Cortez', 'D-19-TE-08', 2, 19, '2022-05-05 18:58:24', '2022-05-05 18:58:24'),
(521, 'Isiah', 'Guthrie', 'D-19-TE-09', 2, 19, '2022-05-05 18:58:24', '2022-05-05 18:58:24'),
(522, 'Janelle', 'Gill', 'D-19-TE-10', 2, 19, '2022-05-05 18:58:24', '2022-05-05 18:58:24'),
(523, 'Christoper', 'Haynes', 'D-19-TE-11', 2, 19, '2022-05-05 18:58:24', '2022-05-05 18:58:24'),
(524, 'Kathie', 'Kirby', 'D-19-TE-12', 2, 19, '2022-05-05 18:58:24', '2022-05-05 18:58:24'),
(525, 'Antonia', 'Kinney', 'D-19-TE-13', 2, 19, '2022-05-05 18:58:24', '2022-05-05 18:58:24'),
(526, 'Ophelia', 'Wagner', 'D-19-TE-14', 2, 19, '2022-05-05 18:58:24', '2022-05-05 18:58:24'),
(527, 'Hallie', 'Cervantes', 'D-19-TE-15', 2, 19, '2022-05-05 18:58:24', '2022-05-05 18:58:24'),
(528, 'Adriana', 'Mcfarland', 'D-19-TE-16', 2, 19, '2022-05-05 18:58:24', '2022-05-05 18:58:24'),
(529, 'Jana', 'Weiss', 'D-19-TE-17', 2, 19, '2022-05-05 18:58:24', '2022-05-05 18:58:24'),
(530, 'Quentin', 'Benson', 'D-19-TE-18', 2, 19, '2022-05-05 18:58:24', '2022-05-05 18:58:24'),
(531, 'Debra', 'Pena', 'D-19-TE-19', 2, 19, '2022-05-05 18:58:24', '2022-05-05 18:58:24'),
(532, 'Kenton', 'Moreno', 'D-19-TE-20', 2, 19, '2022-05-05 18:58:24', '2022-05-05 18:58:24'),
(533, 'Ian', 'Alvarado', 'D-19-TE-21', 2, 19, '2022-05-05 18:58:24', '2022-05-05 18:58:24'),
(534, 'Jasper', 'Lucas', 'D-19-TE-22', 2, 19, '2022-05-05 18:58:24', '2022-05-05 18:58:24'),
(535, 'Brock', 'Roberts', 'D-19-TE-23', 2, 19, '2022-05-05 18:58:24', '2022-05-05 18:58:24'),
(536, 'Salvador', 'Deleon', 'D-19-TE-24', 2, 19, '2022-05-05 18:58:24', '2022-05-05 18:58:24'),
(537, 'Terence', 'Giles', 'D-19-TE-25', 2, 19, '2022-05-05 18:58:24', '2022-05-05 18:58:24'),
(538, 'Dario', 'Townsend', 'D-19-TE-26', 2, 19, '2022-05-05 18:58:24', '2022-05-05 18:58:24'),
(539, 'Ester', 'Houston', 'D-19-TE-27', 2, 19, '2022-05-05 18:58:24', '2022-05-05 18:58:24'),
(540, 'Leanne', 'Mcmahon', 'D-19-TE-28', 2, 19, '2022-05-05 18:58:24', '2022-05-05 18:58:24'),
(541, 'Valentin', 'Montoya', 'D-19-TE-29', 2, 19, '2022-05-05 18:58:24', '2022-05-05 18:58:24'),
(542, 'Jared', 'Shepherd', 'D-19-TE-30', 2, 19, '2022-05-05 18:58:24', '2022-05-05 18:58:24'),
(543, 'Jami', 'Cantrell', 'D-19-TE-31', 2, 19, '2022-05-05 18:58:24', '2022-05-05 18:58:24'),
(544, 'Bruno', 'Whitney', 'D-19-TE-32', 2, 19, '2022-05-05 18:58:24', '2022-05-05 18:58:24'),
(545, 'Garland', 'Watkins', 'D-19-TE-33', 2, 19, '2022-05-05 18:58:24', '2022-05-05 18:58:24'),
(546, 'Augustus', 'Maldonado', 'D-19-TE-34', 2, 19, '2022-05-05 18:58:24', '2022-05-05 18:58:24'),
(547, 'Luther', 'Mcneil', 'D-19-TE-35', 2, 19, '2022-05-05 18:58:24', '2022-05-05 18:58:24'),
(548, 'Jimmy', 'Molina', 'D-19-TE-36', 1, 19, '2022-05-05 18:58:24', '2022-05-05 18:58:24'),
(549, 'Morton', 'Franklin', 'D-19-TE-37', 1, 19, '2022-05-05 18:58:24', '2022-05-05 18:58:24'),
(550, 'Andrew', 'Price', 'D-19-TE-38', 1, 19, '2022-05-05 18:58:24', '2022-05-05 18:58:24'),
(551, 'Ava', 'Romero', 'D-19-TE-39', 1, 19, '2022-05-05 18:58:24', '2022-05-05 18:58:24'),
(552, 'Anastasia', 'Bowen', 'D-19-TE-40', 1, 19, '2022-05-05 18:58:24', '2022-05-05 18:58:24'),
(553, 'Sabrina', 'Fowler', 'D-19-TE-41', 1, 19, '2022-05-05 18:58:24', '2022-05-05 18:58:24'),
(554, 'Kirsten', 'Lee', 'D-19-TE-42', 1, 19, '2022-05-05 18:58:24', '2022-05-05 18:58:24'),
(555, 'Tabatha', 'Arnold', 'D-19-TE-43', 1, 19, '2022-05-05 18:58:24', '2022-05-05 18:58:24'),
(556, 'Gregg', 'Mann', 'D-19-TE-44', 1, 19, '2022-05-05 18:58:24', '2022-05-05 18:58:24'),
(557, 'Deanne', 'Mccarty', 'D-19-TE-45', 1, 19, '2022-05-05 18:58:24', '2022-05-05 18:58:24'),
(558, 'Juanita', 'Zimmerman', 'D-19-TE-46', 1, 19, '2022-05-05 18:58:24', '2022-05-05 18:58:24'),
(559, 'Doug', 'Small', 'D-19-TE-47', 1, 19, '2022-05-05 18:58:24', '2022-05-05 18:58:24'),
(560, 'Billy', 'Mcdowell', 'D-19-TE-48', 1, 19, '2022-05-05 18:58:24', '2022-05-05 18:58:24'),
(561, 'Boyd', 'Valencia', 'D-19-TE-49', 1, 19, '2022-05-05 18:58:24', '2022-05-05 18:58:24'),
(562, 'Roberto', 'Caldwell', 'D-19-TE-50', 1, 19, '2022-05-05 18:58:24', '2022-05-05 18:58:24'),
(563, 'Muhammad', 'Khan', 'D-21F-TE-150', 3, 17, '2022-05-05 19:41:53', '2022-05-05 19:41:53'),
(564, 'Donovan', 'Russo', 'D-21F-TE-151', 3, 17, '2022-05-05 19:51:17', '2022-05-05 19:51:17'),
(565, 'Robt', 'Ramsey', 'D-21F-TE-152', 4, 17, '2022-05-05 19:51:17', '2022-05-05 19:51:17'),
(566, 'Lacy', 'Rowe', 'D-21F-TE-153', 3, 17, '2022-05-05 19:51:17', '2022-05-05 19:51:17'),
(567, 'Rosemary', 'Vaughn', 'D-21F-TE-154', 3, 17, '2022-05-05 19:51:17', '2022-05-05 19:51:17'),
(568, 'Lon', 'Martin', 'D-21F-TE-155', 3, 17, '2022-05-05 19:51:17', '2022-05-05 19:51:17'),
(569, 'Grace', 'Dejesus', 'D-21F-TE-156', 3, 17, '2022-05-05 19:51:17', '2022-05-05 19:51:17'),
(570, 'Felix', 'Haynes', 'D-21F-TE-157', 3, 17, '2022-05-05 19:51:17', '2022-05-05 19:51:17'),
(571, 'Beatriz', 'Pugh', 'D-21F-TE-158', 3, 17, '2022-05-05 19:51:17', '2022-05-05 19:51:17'),
(572, 'Louisa', 'Wallace', 'D-21F-TE-159', 3, 17, '2022-05-05 19:51:17', '2022-05-05 19:51:17'),
(573, 'Aubrey', 'Myers', 'D-21F-TE-160', 3, 17, '2022-05-05 19:51:17', '2022-05-05 19:51:17'),
(574, 'Reyna', 'Mccoy', 'D-21F-TE-161', 3, 17, '2022-05-05 19:51:17', '2022-05-05 19:51:17'),
(575, 'Rusty', 'Fletcher', 'D-21F-TE-162', 4, 17, '2022-05-05 19:51:17', '2022-05-05 19:51:17'),
(576, 'Houston', 'Morris', 'D-21F-TE-163', 4, 17, '2022-05-05 19:51:17', '2022-05-05 19:51:17'),
(577, 'Edwardo', 'Stone', 'D-21F-TE-164', 4, 17, '2022-05-05 19:51:17', '2022-05-05 19:51:17'),
(578, 'Clifton', 'Langley', 'D-21F-TE-165', 4, 17, '2022-05-05 19:51:17', '2022-05-05 19:51:17'),
(579, 'Amparo', 'Campos', 'D-21F-TE-166', 4, 17, '2022-05-05 19:51:17', '2022-05-05 19:51:17'),
(580, 'Martha', 'Schmidt', 'D-21F-TE-167', 4, 17, '2022-05-05 19:51:17', '2022-05-05 19:51:17'),
(581, 'Charmaine', 'Hawkins', 'D-21F-TE-168', 4, 17, '2022-05-05 19:51:17', '2022-05-05 19:51:17'),
(582, 'Jayne', 'Thomas', 'D-21F-TE-169', 3, 17, '2022-05-05 19:51:17', '2022-05-05 19:51:17'),
(583, 'Bryce', 'Cox', 'D-21F-TE-170', 4, 17, '2022-05-05 19:51:17', '2022-05-05 19:51:17'),
(584, 'Beatrice', 'Lawson', 'D-21F-TE-171', 4, 17, '2022-05-05 19:51:17', '2022-05-05 19:51:17'),
(585, 'Alphonse', 'Torres', 'D-21F-TE-172', 3, 17, '2022-05-05 19:51:17', '2022-05-05 19:51:17'),
(586, 'Rae', 'Peck', 'D-21F-TE-173', 4, 17, '2022-05-05 19:51:17', '2022-05-05 19:51:17'),
(587, 'Dona', 'Maxwell', 'D-21F-TE-174', 3, 17, '2022-05-05 19:51:17', '2022-05-05 19:51:17'),
(588, 'David', 'Meyer', 'D-21F-TE-175', 4, 17, '2022-05-05 19:51:17', '2022-05-05 19:51:17'),
(589, 'Clara', 'Harrington', 'D-21F-TE-176', 4, 17, '2022-05-05 19:51:17', '2022-05-05 19:51:17'),
(590, 'Harlan', 'Vaughan', 'D-21F-TE-177', 4, 17, '2022-05-05 19:51:17', '2022-05-05 19:51:17'),
(591, 'Wanda', 'Lester', 'D-21F-TE-178', 4, 17, '2022-05-05 19:51:17', '2022-05-05 19:51:17'),
(592, 'Keri', 'Buchanan', 'D-21F-TE-179', 4, 17, '2022-05-05 19:51:17', '2022-05-05 19:51:17'),
(593, 'Wilfred', 'Charles', 'D-21F-TE-180', 4, 17, '2022-05-05 19:51:17', '2022-05-05 19:51:17'),
(594, 'Lynn', 'Howe', 'D-21F-TE-181', 4, 17, '2022-05-05 19:51:17', '2022-05-05 19:51:17'),
(595, 'Faye', 'Mercer', 'D-21F-TE-182', 4, 17, '2022-05-05 19:51:17', '2022-05-05 19:51:17'),
(596, 'Bennie', 'Melendez', 'D-21F-TE-183', 3, 17, '2022-05-05 19:51:17', '2022-05-05 19:51:17'),
(597, 'Scotty', 'Ellis', 'D-21F-TE-184', 4, 17, '2022-05-05 19:51:17', '2022-05-05 19:51:17'),
(598, 'Grady', 'Herman', 'D-21F-TE-185', 3, 17, '2022-05-05 19:51:17', '2022-05-05 19:51:17'),
(599, 'Eula', 'Aguirre', 'D-21F-TE-186', 3, 17, '2022-05-05 19:51:17', '2022-05-05 19:51:17'),
(600, 'Nita', 'Adams', 'D-21F-TE-187', 3, 17, '2022-05-05 19:51:17', '2022-05-05 19:51:17'),
(601, 'Zachery', 'Harvey', 'D-21F-TE-188', 4, 17, '2022-05-05 19:51:17', '2022-05-05 19:51:17'),
(602, 'Scot', 'Faulkner', 'D-21F-TE-189', 4, 17, '2022-05-05 19:51:17', '2022-05-05 19:51:17'),
(603, 'Mia', 'Joseph', 'D-21F-TE-190', 4, 17, '2022-05-05 19:51:17', '2022-05-05 19:51:17'),
(604, 'Hung', 'Herman', 'D-21F-TE-191', 3, 17, '2022-05-05 19:51:17', '2022-05-05 19:51:17'),
(605, 'Genevieve', 'Bradshaw', 'D-21F-TE-192', 4, 17, '2022-05-05 19:51:17', '2022-05-05 19:51:17'),
(606, 'Alec', 'Brown', 'D-21F-TE-193', 4, 17, '2022-05-05 19:51:17', '2022-05-05 19:51:17'),
(607, 'Pasquale', 'Knight', 'D-21F-TE-194', 4, 17, '2022-05-05 19:51:17', '2022-05-05 19:51:17'),
(608, 'Sheri', 'Whitley', 'D-21F-TE-195', 4, 17, '2022-05-05 19:51:17', '2022-05-05 19:51:17'),
(609, 'Mauro', 'Marshall', 'D-21F-TE-196', 3, 17, '2022-05-05 19:51:17', '2022-05-05 19:51:17'),
(610, 'Cristina', 'Grimes', 'D-21F-TE-197', 3, 17, '2022-05-05 19:51:17', '2022-05-05 19:51:17'),
(611, 'Raul', 'Frost', 'D-21F-TE-198', 3, 17, '2022-05-05 19:51:17', '2022-05-05 19:51:17'),
(612, 'Amparo', 'Dixon', 'D-21F-TE-199', 4, 17, '2022-05-05 19:51:17', '2022-05-05 19:51:17'),
(613, 'Efrain', 'Carney', 'D-21F-TE-200', 4, 17, '2022-05-05 19:51:17', '2022-05-05 19:51:17'),
(614, 'Stacey', 'Workman', 'D-21F-TE-201', 4, 17, '2022-05-05 19:51:17', '2022-05-05 19:51:17'),
(615, 'Leon', 'Mcgowan', 'D-21F-TE-202', 4, 17, '2022-05-05 19:51:17', '2022-05-05 19:51:17'),
(616, 'Vonda', 'Johns', 'D-21F-TE-203', 3, 17, '2022-05-05 19:51:17', '2022-05-05 19:51:17'),
(617, 'Jorge', 'Wright', 'D-21F-TE-204', 4, 17, '2022-05-05 19:51:17', '2022-05-05 19:51:17'),
(618, 'Brandy', 'Bean', 'D-21F-TE-205', 3, 17, '2022-05-05 19:51:17', '2022-05-05 19:51:17'),
(619, 'Lakeisha', 'Bowman', 'D-21F-TE-206', 4, 17, '2022-05-05 19:51:17', '2022-05-05 19:51:17'),
(620, 'Ernestine', 'Lambert', 'D-21F-TE-207', 3, 17, '2022-05-05 19:51:17', '2022-05-05 19:51:17'),
(621, 'Julius', 'Gardner', 'D-21F-TE-208', 4, 17, '2022-05-05 19:51:17', '2022-05-05 19:51:17'),
(622, 'Naomi', 'Jacobs', 'D-21F-TE-209', 3, 17, '2022-05-05 19:51:17', '2022-05-05 19:51:17'),
(623, 'Sydney', 'Frederick', 'D-21F-TE-210', 4, 17, '2022-05-05 19:51:17', '2022-05-05 19:51:17'),
(624, 'Clifton', 'Tyson', 'D-21F-TE-211', 4, 17, '2022-05-05 19:51:17', '2022-05-05 19:51:17'),
(625, 'Consuelo', 'Hamilton', 'D-21F-TE-212', 3, 17, '2022-05-05 19:51:17', '2022-05-05 19:51:17'),
(626, 'Aldo', 'Jarvis', 'D-21F-TE-213', 4, 17, '2022-05-05 19:51:17', '2022-05-05 19:51:17'),
(627, 'Deidre', 'Anthony', 'D-21F-TE-214', 3, 17, '2022-05-05 19:51:17', '2022-05-05 19:51:17'),
(628, 'Maura', 'Delaney', 'D-21F-TE-215', 3, 17, '2022-05-05 19:51:17', '2022-05-05 19:51:17'),
(629, 'Claudine', 'Landry', 'D-21F-TE-216', 3, 17, '2022-05-05 19:51:17', '2022-05-05 19:51:17'),
(630, 'Silvia', 'Ortega', 'D-21F-TE-217', 3, 17, '2022-05-05 19:51:17', '2022-05-05 19:51:17'),
(631, 'Gilda', 'Dillon', 'D-21F-TE-218', 4, 17, '2022-05-05 19:51:17', '2022-05-05 19:51:17'),
(632, 'Mai', 'Jennings', 'D-21F-TE-219', 3, 17, '2022-05-05 19:51:17', '2022-05-05 19:51:17'),
(633, 'Cecilia', 'Dawson', 'D-21F-TE-220', 4, 17, '2022-05-05 19:51:17', '2022-05-05 19:51:17'),
(634, 'Wilburn', 'Rowe', 'D-21F-TE-221', 3, 17, '2022-05-05 19:51:17', '2022-05-05 19:51:17'),
(635, 'Delbert', 'Cooley', 'D-21F-TE-222', 4, 17, '2022-05-05 19:51:17', '2022-05-05 19:51:17'),
(636, 'Vincent', 'Case', 'D-21F-TE-223', 4, 17, '2022-05-05 19:51:17', '2022-05-05 19:51:17'),
(637, 'Orlando', 'Wilkerson', 'D-21F-TE-224', 3, 17, '2022-05-05 19:51:17', '2022-05-05 19:51:17'),
(638, 'Isiah', 'Hubbard', 'D-21F-TE-225', 4, 17, '2022-05-05 19:51:17', '2022-05-05 19:51:17'),
(639, 'Jeanine', 'Ratliff', 'D-21F-TE-226', 3, 17, '2022-05-05 19:51:17', '2022-05-05 19:51:17'),
(640, 'Damien', 'Middleton', 'D-21F-TE-227', 4, 17, '2022-05-05 19:51:17', '2022-05-05 19:51:17'),
(641, 'Fern', 'Burris', 'D-21F-TE-228', 3, 17, '2022-05-05 19:51:17', '2022-05-05 19:51:17'),
(642, 'Katy', 'Glass', 'D-21F-TE-229', 4, 17, '2022-05-05 19:51:17', '2022-05-05 19:51:17'),
(643, 'Nikki', 'Bean', 'D-21F-TE-230', 3, 17, '2022-05-05 19:51:17', '2022-05-05 19:51:17'),
(644, 'Norris', 'Alvarez', 'D-21F-TE-231', 4, 17, '2022-05-05 19:51:17', '2022-05-05 19:51:17'),
(645, 'Reinaldo', 'Eaton', 'D-21F-TE-232', 4, 17, '2022-05-05 19:51:17', '2022-05-05 19:51:17'),
(646, 'Eddie', 'Irwin', 'D-21F-TE-233', 3, 17, '2022-05-05 19:51:17', '2022-05-05 19:51:17'),
(647, 'Denise', 'Swanson', 'D-21F-TE-234', 4, 17, '2022-05-05 19:51:17', '2022-05-05 19:51:17'),
(648, 'Sasha', 'Beard', 'D-21F-TE-235', 3, 17, '2022-05-05 19:51:17', '2022-05-05 19:51:17'),
(649, 'Josh', 'Tucker', 'D-21F-TE-236', 4, 17, '2022-05-05 19:51:17', '2022-05-05 19:51:17'),
(650, 'Rodger', 'Roach', 'D-21F-TE-237', 3, 17, '2022-05-05 19:51:17', '2022-05-05 19:51:17'),
(651, 'Miles', 'Mcdaniel', 'D-21F-TE-238', 4, 17, '2022-05-05 19:51:17', '2022-05-05 19:51:17'),
(652, 'Erin', 'French', 'D-21F-TE-239', 3, 17, '2022-05-05 19:51:17', '2022-05-05 19:51:17'),
(653, 'Rosalind', 'Booth', 'D-21F-TE-240', 4, 17, '2022-05-05 19:51:17', '2022-05-05 19:51:17'),
(654, 'Lenard', 'Conner', 'D-21F-TE-241', 4, 17, '2022-05-05 19:51:17', '2022-05-05 19:51:17'),
(655, 'Wilson', 'Mcmillan', 'D-21F-TE-242', 3, 17, '2022-05-05 19:51:17', '2022-05-05 19:51:17'),
(656, 'Harley', 'Murphy', 'D-21F-TE-243', 4, 17, '2022-05-05 19:51:17', '2022-05-05 19:51:17'),
(657, 'Carrie', 'Ramsey', 'D-21F-TE-244', 4, 17, '2022-05-05 19:51:17', '2022-05-05 19:51:17'),
(658, 'Esteban', 'Finch', 'D-21F-TE-245', 3, 17, '2022-05-05 19:51:17', '2022-05-05 19:51:17'),
(659, 'Merle', 'Martin', 'D-21F-TE-246', 4, 17, '2022-05-05 19:51:17', '2022-05-05 19:51:17'),
(660, 'Joanna', 'Rodriquez', 'D-21F-TE-247', 3, 17, '2022-05-05 19:51:17', '2022-05-05 19:51:17'),
(661, 'Cyrus', 'Gardner', 'D-21F-TE-248', 3, 17, '2022-05-05 19:51:17', '2022-05-05 19:51:17'),
(662, 'Mariana', 'Mcneil', 'D-21F-TE-249', 4, 17, '2022-05-05 19:51:17', '2022-05-05 19:51:17'),
(663, 'Fletcher', 'Hardin', 'D-21F-TE-250', 4, 17, '2022-05-05 19:51:17', '2022-05-05 19:51:17'),
(664, 'Edwin', 'Brock', 'D-21F-TE-251', 3, 17, '2022-05-05 19:51:17', '2022-05-05 19:51:17'),
(665, 'Noreen', 'Bray', 'D-21F-TE-252', 4, 17, '2022-05-05 19:51:17', '2022-05-05 19:51:17'),
(666, 'Ollie', 'Woods', 'D-21F-TE-253', 4, 17, '2022-05-05 19:51:17', '2022-05-05 19:51:17'),
(667, 'Cleveland', 'Kirkland', 'D-21F-TE-254', 4, 17, '2022-05-05 19:51:17', '2022-05-05 19:51:17'),
(668, 'Arron', 'Olsen', 'D-21F-TE-255', 3, 17, '2022-05-05 19:51:18', '2022-05-05 19:51:18'),
(669, 'Elijah', 'Garrison', 'D-21F-TE-256', 3, 17, '2022-05-05 19:51:18', '2022-05-05 19:51:18'),
(670, 'Allie', 'Landry', 'D-21F-TE-257', 3, 17, '2022-05-05 19:51:18', '2022-05-05 19:51:18'),
(671, 'Janie', 'Cooke', 'D-21F-TE-258', 3, 17, '2022-05-05 19:51:18', '2022-05-05 19:51:18'),
(672, 'Shelia', 'Conrad', 'D-21F-TE-259', 3, 17, '2022-05-05 19:51:18', '2022-05-05 19:51:18'),
(673, 'Aida', 'Banks', 'D-21F-TE-260', 3, 17, '2022-05-05 19:51:18', '2022-05-05 19:51:18'),
(674, 'Lora', 'Wheeler', 'D-21F-TE-261', 3, 17, '2022-05-05 19:51:18', '2022-05-05 19:51:18'),
(675, 'Fritz', 'Gross', 'D-21F-TE-262', 4, 17, '2022-05-05 19:51:18', '2022-05-05 19:51:18'),
(676, 'Natalie', 'Ellison', 'D-21F-TE-263', 4, 17, '2022-05-05 19:51:18', '2022-05-05 19:51:18'),
(677, 'Eliseo', 'Berry', 'D-21F-TE-264', 4, 17, '2022-05-05 19:51:18', '2022-05-05 19:51:18'),
(678, 'Philip', 'Mcbride', 'D-21F-TE-265', 4, 17, '2022-05-05 19:51:18', '2022-05-05 19:51:18'),
(679, 'Kay', 'Travis', 'D-21F-TE-266', 4, 17, '2022-05-05 19:51:18', '2022-05-05 19:51:18'),
(680, 'Liliana', 'Donovan', 'D-21F-TE-267', 3, 17, '2022-05-05 19:51:18', '2022-05-05 19:51:18'),
(681, 'Elise', 'Kidd', 'D-21F-TE-268', 3, 17, '2022-05-05 19:51:18', '2022-05-05 19:51:18'),
(682, 'Tabitha', 'Baird', 'D-21F-TE-269', 4, 17, '2022-05-05 19:51:18', '2022-05-05 19:51:18'),
(683, 'Barney', 'Guerrero', 'D-21F-TE-270', 4, 17, '2022-05-05 19:51:18', '2022-05-05 19:51:18'),
(684, 'Myrtle', 'Riggs', 'D-21F-TE-271', 3, 17, '2022-05-05 19:51:18', '2022-05-05 19:51:18'),
(685, 'Frederick', 'Mckay', 'D-21F-TE-272', 3, 17, '2022-05-05 19:51:18', '2022-05-05 19:51:18'),
(686, 'Debora', 'Hinton', 'D-21F-TE-273', 4, 17, '2022-05-05 19:51:18', '2022-05-05 19:51:18'),
(687, 'Merlin', 'Meyers', 'D-21F-TE-274', 3, 17, '2022-05-05 19:51:18', '2022-05-05 19:51:18'),
(688, 'Celia', 'Huffman', 'D-21F-TE-275', 3, 17, '2022-05-05 19:51:18', '2022-05-05 19:51:18'),
(689, 'Tina', 'Cabrera', 'D-21F-TE-276', 3, 17, '2022-05-05 19:51:18', '2022-05-05 19:51:18'),
(690, 'Kelsey', 'Brown', 'D-21F-TE-277', 4, 17, '2022-05-05 19:51:18', '2022-05-05 19:51:18'),
(691, 'Danny', 'Shaw', 'D-21F-TE-278', 4, 17, '2022-05-05 19:51:18', '2022-05-05 19:51:18'),
(692, 'Dena', 'Gomez', 'D-21F-TE-279', 4, 17, '2022-05-05 19:51:18', '2022-05-05 19:51:18'),
(693, 'Edmund', 'Blankenship', 'D-21F-TE-280', 4, 17, '2022-05-05 19:51:18', '2022-05-05 19:51:18'),
(694, 'Hershel', 'Cain', 'D-21F-TE-281', 4, 17, '2022-05-05 19:51:18', '2022-05-05 19:51:18'),
(695, 'Lawanda', 'Whitehead', 'D-21F-TE-282', 3, 17, '2022-05-05 19:51:18', '2022-05-05 19:51:18'),
(696, 'Sophia', 'Gregory', 'D-21F-TE-283', 3, 17, '2022-05-05 19:51:18', '2022-05-05 19:51:18'),
(697, 'Lauren', 'Mcgee', 'D-21F-TE-284', 3, 17, '2022-05-05 19:51:18', '2022-05-05 19:51:18'),
(698, 'Guy', 'Rutledge', 'D-21F-TE-285', 4, 17, '2022-05-05 19:51:18', '2022-05-05 19:51:18'),
(699, 'Kurt', 'Oconnor', 'D-21F-TE-286', 4, 17, '2022-05-05 19:51:18', '2022-05-05 19:51:18'),
(700, 'Mallory', 'Pearson', 'D-21F-TE-287', 3, 17, '2022-05-05 19:51:18', '2022-05-05 19:51:18'),
(701, 'Louisa', 'Nelson', 'D-21F-TE-288', 4, 17, '2022-05-05 19:51:18', '2022-05-05 19:51:18'),
(702, 'Diego', 'Huffman', 'D-21F-TE-289', 3, 17, '2022-05-05 19:51:18', '2022-05-05 19:51:18'),
(703, 'Louisa', 'Ellison', 'D-21F-TE-290', 4, 17, '2022-05-05 19:51:18', '2022-05-05 19:51:18'),
(704, 'Josue', 'Cross', 'D-21F-TE-291', 4, 17, '2022-05-05 19:51:18', '2022-05-05 19:51:18'),
(705, 'Ines', 'Dominguez', 'D-21F-TE-292', 3, 17, '2022-05-05 19:51:18', '2022-05-05 19:51:18'),
(706, 'Lance', 'Garza', 'D-21F-TE-293', 3, 17, '2022-05-05 19:51:18', '2022-05-05 19:51:18'),
(707, 'Belinda', 'Pace', 'D-21F-TE-294', 3, 17, '2022-05-05 19:51:18', '2022-05-05 19:51:18'),
(708, 'Gracie', 'Herring', 'D-21F-TE-295', 4, 17, '2022-05-05 19:51:18', '2022-05-05 19:51:18'),
(709, 'Benito', 'Knapp', 'D-21F-TE-296', 4, 17, '2022-05-05 19:51:18', '2022-05-05 19:51:18'),
(710, 'Lucinda', 'Mcgowan', 'D-21F-TE-297', 3, 17, '2022-05-05 19:51:18', '2022-05-05 19:51:18'),
(711, 'Jami', 'Golden', 'D-21F-TE-298', 3, 17, '2022-05-05 19:51:18', '2022-05-05 19:51:18'),
(712, 'David', 'Gutierrez', 'D-21F-TE-299', 4, 17, '2022-05-05 19:51:18', '2022-05-05 19:51:18'),
(713, 'Clement', 'Myers', 'D-21F-TE-300', 4, 17, '2022-05-05 19:51:18', '2022-05-05 19:51:18'),
(714, 'Shane', 'Porter', 'D-21F-TE-301', 3, 17, '2022-05-05 19:51:18', '2022-05-05 19:51:18'),
(715, 'Clint', 'Gross', 'D-21F-TE-302', 4, 17, '2022-05-05 19:51:18', '2022-05-05 19:51:18'),
(716, 'Ofelia', 'Pickett', 'D-21F-TE-303', 4, 17, '2022-05-05 19:51:18', '2022-05-05 19:51:18'),
(717, 'Karina', 'Green', 'D-21F-TE-304', 3, 17, '2022-05-05 19:51:18', '2022-05-05 19:51:18'),
(718, 'Sam', 'Burris', 'D-21F-TE-305', 3, 17, '2022-05-05 19:51:18', '2022-05-05 19:51:18'),
(719, 'Lina', 'Shannon', 'D-21F-TE-306', 4, 17, '2022-05-05 19:51:18', '2022-05-05 19:51:18'),
(720, 'Myles', 'Coleman', 'D-21F-TE-307', 3, 17, '2022-05-05 19:51:18', '2022-05-05 19:51:18'),
(721, 'Clay', 'Freeman', 'D-21F-TE-308', 3, 17, '2022-05-05 19:51:18', '2022-05-05 19:51:18'),
(722, 'Catalina', 'Guthrie', 'D-21F-TE-309', 4, 17, '2022-05-05 19:51:18', '2022-05-05 19:51:18'),
(723, 'Nannie', 'Moon', 'D-21F-TE-310', 3, 17, '2022-05-05 19:51:18', '2022-05-05 19:51:18'),
(724, 'Donovan', 'Serrano', 'D-21F-TE-311', 3, 17, '2022-05-05 19:51:18', '2022-05-05 19:51:18'),
(725, 'Sondra', 'Reyes', 'D-21F-TE-312', 3, 17, '2022-05-05 19:51:18', '2022-05-05 19:51:18'),
(726, 'Terrance', 'Duke', 'D-21F-TE-313', 3, 17, '2022-05-05 19:51:18', '2022-05-05 19:51:18'),
(727, 'Colleen', 'Rodriguez', 'D-21F-TE-314', 3, 17, '2022-05-05 19:51:18', '2022-05-05 19:51:18'),
(728, 'Thad', 'Luna', 'D-21F-TE-315', 3, 17, '2022-05-05 19:51:18', '2022-05-05 19:51:18'),
(729, 'Terence', 'Clay', 'D-21F-TE-316', 4, 17, '2022-05-05 19:51:18', '2022-05-05 19:51:18'),
(730, 'Bettie', 'Holman', 'D-21F-TE-317', 3, 17, '2022-05-05 19:51:18', '2022-05-05 19:51:18'),
(731, 'Boyd', 'Greer', 'D-21F-TE-318', 4, 17, '2022-05-05 19:51:18', '2022-05-05 19:51:18'),
(732, 'Corey', 'Edwards', 'D-21F-TE-319', 4, 17, '2022-05-05 19:51:18', '2022-05-05 19:51:18'),
(733, 'Violet', 'Lindsay', 'D-21F-TE-320', 3, 17, '2022-05-05 19:51:18', '2022-05-05 19:51:18'),
(734, 'Camille', 'Mullins', 'D-21F-TE-321', 4, 17, '2022-05-05 19:51:18', '2022-05-05 19:51:18'),
(735, 'Nicole', 'Rodriquez', 'D-21F-TE-322', 3, 17, '2022-05-05 19:51:18', '2022-05-05 19:51:18'),
(736, 'Joan', 'Bauer', 'D-21F-TE-323', 3, 17, '2022-05-05 19:51:18', '2022-05-05 19:51:18'),
(737, 'Kennith', 'Marquez', 'D-21F-TE-324', 4, 17, '2022-05-05 19:51:18', '2022-05-05 19:51:18'),
(738, 'Mae', 'Hurst', 'D-21F-TE-325', 3, 17, '2022-05-05 19:51:18', '2022-05-05 19:51:18'),
(739, 'Denver', 'Mann', 'D-21F-TE-326', 3, 17, '2022-05-05 19:51:18', '2022-05-05 19:51:18'),
(740, 'Milford', 'Dickerson', 'D-21F-TE-327', 3, 17, '2022-05-05 19:51:18', '2022-05-05 19:51:18'),
(741, 'Marva', 'Phelps', 'D-21F-TE-328', 3, 17, '2022-05-05 19:51:18', '2022-05-05 19:51:18');

-- --------------------------------------------------------

--
-- Table structure for table `duet_subjects`
--

CREATE TABLE `duet_subjects` (
  `id` bigint(20) UNSIGNED NOT NULL,
  `name` varchar(256) COLLATE utf8mb4_unicode_ci NOT NULL,
  `type` bigint(20) UNSIGNED NOT NULL,
  `semester_id` bigint(20) UNSIGNED NOT NULL,
  `teacher_id` bigint(20) UNSIGNED NOT NULL,
  `created_at` timestamp NULL DEFAULT NULL,
  `updated_at` timestamp NULL DEFAULT NULL
) ENGINE=InnoDB DEFAULT CHARSET=utf8mb4 COLLATE=utf8mb4_unicode_ci;

--
-- Dumping data for table `duet_subjects`
--

INSERT INTO `duet_subjects` (`id`, `name`, `type`, `semester_id`, `teacher_id`, `created_at`, `updated_at`) VALUES
(278, 'Information & Communication Technologies', 2, 18, 117, '2022-05-05 19:09:20', '2022-05-05 19:09:20'),
(279, 'Information & Communication Technologies', 1, 18, 115, '2022-05-05 19:09:20', '2022-05-05 19:09:20'),
(280, 'Electrical Circuit Analysis', 2, 18, 118, '2022-05-05 19:09:20', '2022-05-05 19:09:20'),
(281, 'Electrical Circuit Analysis', 1, 18, 116, '2022-05-05 19:09:20', '2022-05-05 19:09:20'),
(282, 'Calculus & Analytic Geometry', 2, 18, 119, '2022-05-05 19:09:20', '2022-05-05 19:09:20'),
(283, 'Pakistan Studies', 2, 18, 114, '2022-05-05 19:09:20', '2022-05-05 19:09:20'),
(284, 'Functional English', 2, 18, 112, '2022-05-05 19:09:20', '2022-05-05 19:09:20'),
(285, 'Amplifiers & Oscillators', 2, 19, 120, '2022-05-05 19:09:20', '2022-05-05 19:09:20'),
(286, 'Amplifiers & Oscillators', 1, 19, 120, '2022-05-05 19:09:20', '2022-05-05 19:09:20'),
(287, 'Digital Logic Design', 2, 19, 115, '2022-05-05 19:09:20', '2022-05-05 19:09:20'),
(288, 'Digital Logic Design', 1, 19, 121, '2022-05-05 19:09:20', '2022-05-05 19:09:20'),
(289, 'Telecommunication Systems', 2, 19, 122, '2022-05-05 19:09:20', '2022-05-05 19:09:20'),
(290, 'Differential Equations', 2, 19, 123, '2022-05-05 19:09:20', '2022-05-05 19:09:20'),
(291, 'Engineering Economics & Management', 2, 19, 124, '2022-05-05 19:09:20', '2022-05-05 19:09:20'),
(292, 'Applied Physics', 2, 18, 113, '2022-05-05 19:12:56', '2022-05-05 19:12:56'),
(293, 'Applied Physics', 1, 18, 113, '2022-05-05 19:13:09', '2022-05-05 19:13:09');

-- --------------------------------------------------------

--
-- Table structure for table `duet_teachers`
--

CREATE TABLE `duet_teachers` (
  `id` bigint(20) UNSIGNED NOT NULL,
  `first_name` varchar(256) COLLATE utf8mb4_unicode_ci NOT NULL,
  `last_name` varchar(256) COLLATE utf8mb4_unicode_ci NOT NULL,
  `qualification` bigint(20) UNSIGNED NOT NULL,
  `department_id` bigint(20) UNSIGNED NOT NULL,
  `created_at` timestamp NULL DEFAULT NULL,
  `updated_at` timestamp NULL DEFAULT NULL
) ENGINE=InnoDB DEFAULT CHARSET=utf8mb4 COLLATE=utf8mb4_unicode_ci;

--
-- Dumping data for table `duet_teachers`
--

INSERT INTO `duet_teachers` (`id`, `first_name`, `last_name`, `qualification`, `department_id`, `created_at`, `updated_at`) VALUES
(112, 'Irum', 'Pervez', 2, 26, '2022-05-05 18:56:49', '2022-05-05 18:56:49'),
(113, 'Sumraah', 'Hussain', 2, 26, '2022-05-05 18:56:49', '2022-05-05 18:56:49'),
(114, 'Faisal', 'Nawaz', 2, 26, '2022-05-05 18:56:49', '2022-05-05 18:56:49'),
(115, 'Areez', 'Memon', 2, 26, '2022-05-05 18:56:49', '2022-05-05 18:56:49'),
(116, 'Junaid', 'Ahmed', 2, 26, '2022-05-05 18:56:49', '2022-05-05 18:56:49'),
(117, 'Imran', 'Alvi', 2, 26, '2022-05-05 18:56:49', '2022-05-05 18:56:49'),
(118, 'Matloob', 'Ahmed', 2, 26, '2022-05-05 18:56:49', '2022-05-05 18:56:49'),
(119, 'Bulbul', 'Jan', 1, 26, '2022-05-05 18:56:49', '2022-05-05 18:56:49'),
(120, 'Aziza', 'Fazal', 2, 26, '2022-05-05 18:56:49', '2022-05-05 18:56:49'),
(121, 'Saima', 'Khadim', 2, 26, '2022-05-05 18:56:49', '2022-05-05 18:56:49'),
(122, 'Rizwan', 'Iqbal', 2, 26, '2022-05-05 18:56:49', '2022-05-05 18:56:49'),
(123, 'Maria', 'Khan', 2, 26, '2022-05-05 18:56:49', '2022-05-05 18:56:49'),
(124, 'Shoaib', 'Kaka', 2, 26, '2022-05-05 18:56:49', '2022-05-05 18:56:49'),
(125, 'Ayesha', 'Siddiqui', 2, 26, '2022-05-05 18:56:49', '2022-05-05 18:56:49'),
(126, 'Imran', 'Khan', 2, 26, '2022-05-05 18:56:49', '2022-05-05 18:56:49'),
(127, 'Shafqat', 'Ali', 2, 26, '2022-05-05 18:56:49', '2022-05-05 18:56:49'),
(128, 'Faisal', 'Khashkeli', 2, 26, '2022-05-05 18:56:49', '2022-05-05 18:56:49'),
(129, 'Prem', 'Singh', 2, 26, '2022-05-05 18:56:49', '2022-05-05 18:56:49'),
(130, 'Zahid', 'Tunio', 2, 26, '2022-05-05 18:56:49', '2022-05-05 18:56:49');

-- --------------------------------------------------------

--
-- Table structure for table `duet_time_tables`
--

CREATE TABLE `duet_time_tables` (
  `id` bigint(20) UNSIGNED NOT NULL,
  `department_id` bigint(20) UNSIGNED NOT NULL,
  `batch_id` bigint(20) UNSIGNED NOT NULL,
  `subject_id` bigint(20) UNSIGNED NOT NULL,
  `days` bigint(20) UNSIGNED NOT NULL,
  `start_time` time NOT NULL,
  `end_time` time NOT NULL,
  `section_id` bigint(20) UNSIGNED NOT NULL,
  `created_at` timestamp NULL DEFAULT NULL,
  `updated_at` timestamp NULL DEFAULT NULL
) ENGINE=InnoDB DEFAULT CHARSET=utf8mb4 COLLATE=utf8mb4_unicode_ci;

--
-- Dumping data for table `duet_time_tables`
--

INSERT INTO `duet_time_tables` (`id`, `department_id`, `batch_id`, `subject_id`, `days`, `start_time`, `end_time`, `section_id`, `created_at`, `updated_at`) VALUES
(115, 26, 17, 284, 1, '09:00:00', '09:55:00', 1, '2022-05-05 19:10:09', '2022-05-05 19:10:20'),
(116, 26, 17, 284, 1, '10:00:00', '10:55:00', 1, '2022-05-05 19:10:41', '2022-05-05 19:10:41'),
(117, 26, 17, 278, 1, '11:00:00', '11:55:00', 1, '2022-05-05 19:19:31', '2022-05-05 19:19:31'),
(118, 26, 17, 293, 1, '12:00:00', '15:55:00', 1, '2022-05-05 19:21:34', '2022-05-05 19:21:34'),
(119, 26, 17, 293, 1, '12:00:00', '15:55:00', 2, '2022-05-05 19:21:54', '2022-05-05 19:21:54'),
(120, 26, 17, 283, 2, '09:00:00', '09:55:00', 1, '2022-05-05 19:22:25', '2022-05-05 19:22:25'),
(121, 26, 17, 283, 2, '10:00:00', '10:55:00', 1, '2022-05-05 19:22:44', '2022-05-05 19:22:44'),
(122, 26, 17, 284, 2, '11:00:00', '11:55:00', 1, '2022-05-05 19:23:16', '2022-05-05 19:23:16'),
(123, 26, 17, 279, 2, '12:00:00', '15:55:00', 2, '2022-05-05 19:23:42', '2022-05-05 19:23:42'),
(124, 26, 17, 279, 3, '09:00:00', '11:55:00', 1, '2022-05-05 19:24:30', '2022-05-05 19:24:30'),
(125, 26, 17, 280, 3, '09:00:00', '11:55:00', 2, '2022-05-05 19:24:56', '2022-05-05 19:24:56'),
(126, 26, 17, 292, 3, '12:00:00', '12:55:00', 1, '2022-05-05 19:25:40', '2022-05-05 19:25:40'),
(127, 26, 17, 278, 3, '14:00:00', '15:55:00', 1, '2022-05-05 19:26:18', '2022-05-05 19:26:18'),
(128, 26, 17, 281, 4, '09:00:00', '11:55:00', 1, '2022-05-05 19:26:45', '2022-05-05 19:26:45'),
(129, 26, 17, 280, 4, '12:00:00', '12:55:00', 1, '2022-05-05 19:27:17', '2022-05-05 19:27:17'),
(130, 26, 17, 282, 4, '14:00:00', '14:55:00', 1, '2022-05-05 19:27:52', '2022-05-05 19:27:52'),
(131, 26, 17, 282, 4, '15:00:00', '15:55:00', 1, '2022-05-05 19:28:19', '2022-05-05 19:28:19'),
(132, 26, 17, 280, 5, '09:00:00', '10:55:00', 1, '2022-05-05 19:28:56', '2022-05-05 19:28:56'),
(133, 26, 17, 282, 5, '11:00:00', '11:55:00', 1, '2022-05-05 19:29:18', '2022-05-05 19:29:18'),
(134, 26, 17, 279, 1, '09:00:00', '11:55:00', 3, '2022-05-05 19:52:21', '2022-05-05 19:52:21'),
(135, 26, 17, 281, 1, '09:00:00', '11:55:00', 4, '2022-05-05 19:52:47', '2022-05-05 19:52:47'),
(136, 26, 17, 283, 1, '12:00:00', '12:55:00', 3, '2022-05-05 19:53:07', '2022-05-05 19:53:07');

-- --------------------------------------------------------

--
-- Table structure for table `duet_users`
--

CREATE TABLE `duet_users` (
  `id` bigint(20) UNSIGNED NOT NULL,
  `name` varchar(255) COLLATE utf8mb4_unicode_ci NOT NULL,
  `email` varchar(255) COLLATE utf8mb4_unicode_ci NOT NULL,
  `email_verified_at` timestamp NULL DEFAULT NULL,
  `password` varchar(255) COLLATE utf8mb4_unicode_ci NOT NULL,
  `remember_token` varchar(100) COLLATE utf8mb4_unicode_ci DEFAULT NULL,
  `created_at` timestamp NULL DEFAULT NULL,
  `updated_at` timestamp NULL DEFAULT NULL
) ENGINE=InnoDB DEFAULT CHARSET=utf8mb4 COLLATE=utf8mb4_unicode_ci;

--
-- Dumping data for table `duet_users`
--

INSERT INTO `duet_users` (`id`, `name`, `email`, `email_verified_at`, `password`, `remember_token`, `created_at`, `updated_at`) VALUES
(1, 'Muhammad Ismail', 'Ismail@yopmail.com', NULL, '$2y$10$e/z0ApTZo/kA2vCzIlRVJ.Bpzk7uBz7DtJbLmq.xbBWFTvgixH3re', NULL, '2022-05-02 03:04:00', '2022-05-02 03:04:00'),
(2, 'Ishraq', 'ishraqqureshi99@yopmail.com', NULL, '$2y$10$7LUWmWHQ08ZuFHABBmTIGO5aWNhEMPrfTbXpUB/df3GT9mKoiCGXi', NULL, '2022-05-03 08:37:29', '2022-05-03 08:37:29'),
(3, 'Muhammad Ismail', 'mismail@yopmail.com', NULL, '$2y$10$w2lQAa4qINmYMoE2eOxl1.s39XDYjkRwOT2nT3VLpBpwOj/NaLeve', NULL, '2022-05-05 18:42:03', '2022-05-05 18:42:03'),
(4, 'admin', 'admin@yopmail.com', NULL, '$2y$10$XbRa.6Qs0g5gHrmlkdD7eO9zDghgh1gLZzzMCml0I8J4hyzTORM2W', NULL, '2022-05-05 18:43:46', '2022-05-05 18:43:46');

--
-- Indexes for dumped tables
--

--
-- Indexes for table `duet_batches`
--
ALTER TABLE `duet_batches`
  ADD PRIMARY KEY (`id`),
  ADD KEY `duet_batches_department_id_foreign` (`department_id`),
  ADD KEY `duet_batches_current_semester_foreign` (`current_semester`);

--
-- Indexes for table `duet_departments`
--
ALTER TABLE `duet_departments`
  ADD PRIMARY KEY (`id`);

--
-- Indexes for table `duet_failed_jobs`
--
ALTER TABLE `duet_failed_jobs`
  ADD PRIMARY KEY (`id`),
  ADD UNIQUE KEY `duet_failed_jobs_uuid_unique` (`uuid`);

--
-- Indexes for table `duet_migrations`
--
ALTER TABLE `duet_migrations`
  ADD PRIMARY KEY (`id`);

--
-- Indexes for table `duet_password_resets`
--
ALTER TABLE `duet_password_resets`
  ADD KEY `duet_password_resets_email_index` (`email`);

--
-- Indexes for table `duet_personal_access_tokens`
--
ALTER TABLE `duet_personal_access_tokens`
  ADD PRIMARY KEY (`id`),
  ADD UNIQUE KEY `duet_personal_access_tokens_token_unique` (`token`),
  ADD KEY `duet_personal_access_tokens_tokenable_type_tokenable_id_index` (`tokenable_type`,`tokenable_id`);

--
-- Indexes for table `duet_semesters`
--
ALTER TABLE `duet_semesters`
  ADD PRIMARY KEY (`id`),
  ADD KEY `duet_semesters_department_id_foreign` (`department_id`);

--
-- Indexes for table `duet_students`
--
ALTER TABLE `duet_students`
  ADD PRIMARY KEY (`id`),
  ADD KEY `duet_students_batch_id_foreign` (`batch_id`);

--
-- Indexes for table `duet_subjects`
--
ALTER TABLE `duet_subjects`
  ADD PRIMARY KEY (`id`),
  ADD KEY `duet_subjects_semester_id_foreign` (`semester_id`),
  ADD KEY `duet_subjects_teacher_id_foreign` (`teacher_id`);

--
-- Indexes for table `duet_teachers`
--
ALTER TABLE `duet_teachers`
  ADD PRIMARY KEY (`id`),
  ADD KEY `duet_teachers_department_id_foreign` (`department_id`);

--
-- Indexes for table `duet_time_tables`
--
ALTER TABLE `duet_time_tables`
  ADD PRIMARY KEY (`id`),
  ADD KEY `duet_time_tables_batch_id_foreign` (`batch_id`),
  ADD KEY `duet_time_tables_subject_id_foreign` (`subject_id`),
  ADD KEY `duet_time_tables_department_id_foreign` (`department_id`);

--
-- Indexes for table `duet_users`
--
ALTER TABLE `duet_users`
  ADD PRIMARY KEY (`id`),
  ADD UNIQUE KEY `duet_users_email_unique` (`email`);

--
-- AUTO_INCREMENT for dumped tables
--

--
-- AUTO_INCREMENT for table `duet_batches`
--
ALTER TABLE `duet_batches`
  MODIFY `id` bigint(20) UNSIGNED NOT NULL AUTO_INCREMENT, AUTO_INCREMENT=20;

--
-- AUTO_INCREMENT for table `duet_departments`
--
ALTER TABLE `duet_departments`
  MODIFY `id` bigint(20) UNSIGNED NOT NULL AUTO_INCREMENT, AUTO_INCREMENT=28;

--
-- AUTO_INCREMENT for table `duet_failed_jobs`
--
ALTER TABLE `duet_failed_jobs`
  MODIFY `id` bigint(20) UNSIGNED NOT NULL AUTO_INCREMENT;

--
-- AUTO_INCREMENT for table `duet_migrations`
--
ALTER TABLE `duet_migrations`
  MODIFY `id` int(10) UNSIGNED NOT NULL AUTO_INCREMENT, AUTO_INCREMENT=6;

--
-- AUTO_INCREMENT for table `duet_personal_access_tokens`
--
ALTER TABLE `duet_personal_access_tokens`
  MODIFY `id` bigint(20) UNSIGNED NOT NULL AUTO_INCREMENT;

--
-- AUTO_INCREMENT for table `duet_semesters`
--
ALTER TABLE `duet_semesters`
  MODIFY `id` bigint(20) UNSIGNED NOT NULL AUTO_INCREMENT, AUTO_INCREMENT=22;

--
-- AUTO_INCREMENT for table `duet_students`
--
ALTER TABLE `duet_students`
  MODIFY `id` bigint(20) UNSIGNED NOT NULL AUTO_INCREMENT, AUTO_INCREMENT=742;

--
-- AUTO_INCREMENT for table `duet_subjects`
--
ALTER TABLE `duet_subjects`
  MODIFY `id` bigint(20) UNSIGNED NOT NULL AUTO_INCREMENT, AUTO_INCREMENT=294;

--
-- AUTO_INCREMENT for table `duet_teachers`
--
ALTER TABLE `duet_teachers`
  MODIFY `id` bigint(20) UNSIGNED NOT NULL AUTO_INCREMENT, AUTO_INCREMENT=131;

--
-- AUTO_INCREMENT for table `duet_time_tables`
--
ALTER TABLE `duet_time_tables`
  MODIFY `id` bigint(20) UNSIGNED NOT NULL AUTO_INCREMENT, AUTO_INCREMENT=137;

--
-- AUTO_INCREMENT for table `duet_users`
--
ALTER TABLE `duet_users`
  MODIFY `id` bigint(20) UNSIGNED NOT NULL AUTO_INCREMENT, AUTO_INCREMENT=5;

--
-- Constraints for dumped tables
--

--
-- Constraints for table `duet_batches`
--
ALTER TABLE `duet_batches`
  ADD CONSTRAINT `duet_batches_current_semester_foreign` FOREIGN KEY (`current_semester`) REFERENCES `duet_semesters` (`id`),
  ADD CONSTRAINT `duet_batches_department_id_foreign` FOREIGN KEY (`department_id`) REFERENCES `duet_departments` (`id`);

--
-- Constraints for table `duet_semesters`
--
ALTER TABLE `duet_semesters`
  ADD CONSTRAINT `duet_semesters_department_id_foreign` FOREIGN KEY (`department_id`) REFERENCES `duet_departments` (`id`);

--
-- Constraints for table `duet_students`
--
ALTER TABLE `duet_students`
  ADD CONSTRAINT `duet_students_batch_id_foreign` FOREIGN KEY (`batch_id`) REFERENCES `duet_batches` (`id`);

--
-- Constraints for table `duet_subjects`
--
ALTER TABLE `duet_subjects`
  ADD CONSTRAINT `duet_subjects_semester_id_foreign` FOREIGN KEY (`semester_id`) REFERENCES `duet_semesters` (`id`),
  ADD CONSTRAINT `duet_subjects_teacher_id_foreign` FOREIGN KEY (`teacher_id`) REFERENCES `duet_teachers` (`id`);

--
-- Constraints for table `duet_teachers`
--
ALTER TABLE `duet_teachers`
  ADD CONSTRAINT `duet_teachers_department_id_foreign` FOREIGN KEY (`department_id`) REFERENCES `duet_departments` (`id`);

--
-- Constraints for table `duet_time_tables`
--
ALTER TABLE `duet_time_tables`
  ADD CONSTRAINT `duet_time_tables_batch_id_foreign` FOREIGN KEY (`batch_id`) REFERENCES `duet_batches` (`id`),
  ADD CONSTRAINT `duet_time_tables_department_id_foreign` FOREIGN KEY (`department_id`) REFERENCES `duet_departments` (`id`),
  ADD CONSTRAINT `duet_time_tables_subject_id_foreign` FOREIGN KEY (`subject_id`) REFERENCES `duet_subjects` (`id`);
COMMIT;

/*!40101 SET CHARACTER_SET_CLIENT=@OLD_CHARACTER_SET_CLIENT */;
/*!40101 SET CHARACTER_SET_RESULTS=@OLD_CHARACTER_SET_RESULTS */;
/*!40101 SET COLLATION_CONNECTION=@OLD_COLLATION_CONNECTION */;
