-- phpMyAdmin SQL Dump
-- version 5.1.0
-- https://www.phpmyadmin.net/
--
-- Host: 127.0.0.1
-- Generation Time: May 09, 2022 at 11:46 PM
-- Server version: 10.4.18-MariaDB
-- PHP Version: 7.4.16

SET SQL_MODE = "NO_AUTO_VALUE_ON_ZERO";
START TRANSACTION;
SET time_zone = "+00:00";


/*!40101 SET @OLD_CHARACTER_SET_CLIENT=@@CHARACTER_SET_CLIENT */;
/*!40101 SET @OLD_CHARACTER_SET_RESULTS=@@CHARACTER_SET_RESULTS */;
/*!40101 SET @OLD_COLLATION_CONNECTION=@@COLLATION_CONNECTION */;
/*!40101 SET NAMES utf8mb4 */;

--
-- Database: `duet_attendance_system`
--

-- --------------------------------------------------------

--
-- Table structure for table `duet_batches`
--

CREATE TABLE `duet_batches` (
  `id` bigint(20) UNSIGNED NOT NULL,
  `name` varchar(256) COLLATE utf8mb4_unicode_ci NOT NULL,
  `department_id` bigint(20) UNSIGNED NOT NULL,
  `current_semester` bigint(20) UNSIGNED NOT NULL,
  `created_at` timestamp NULL DEFAULT NULL,
  `updated_at` timestamp NULL DEFAULT NULL
) ENGINE=InnoDB DEFAULT CHARSET=utf8mb4 COLLATE=utf8mb4_unicode_ci;

--
-- Dumping data for table `duet_batches`
--

INSERT INTO `duet_batches` (`id`, `name`, `department_id`, `current_semester`, `created_at`, `updated_at`) VALUES
(20, '21F', 28, 22, '2022-05-08 05:59:59', '2022-05-08 05:59:59'),
(21, '20F', 28, 23, '2022-05-08 05:59:59', '2022-05-08 05:59:59'),
(22, '19F', 28, 24, '2022-05-08 05:59:59', '2022-05-08 05:59:59'),
(23, '19', 28, 25, '2022-05-08 05:59:59', '2022-05-08 05:59:59'),
(24, '21F', 29, 26, '2022-05-08 05:59:59', '2022-05-08 14:30:36'),
(25, '20F', 29, 27, '2022-05-08 05:59:59', '2022-05-08 14:30:43'),
(26, '19F', 29, 28, '2022-05-08 05:59:59', '2022-05-08 14:30:50'),
(27, '19', 29, 29, '2022-05-08 05:59:59', '2022-05-08 14:30:57'),
(28, '21F', 30, 30, '2022-05-08 05:59:59', '2022-05-08 14:31:03'),
(29, '20F', 30, 31, '2022-05-08 05:59:59', '2022-05-08 14:33:44'),
(30, '19F', 30, 32, '2022-05-08 05:59:59', '2022-05-08 14:34:01'),
(31, '19', 30, 33, '2022-05-08 05:59:59', '2022-05-08 14:34:14'),
(32, '21F', 34, 34, '2022-05-08 05:59:59', '2022-05-08 14:34:27'),
(33, '20F', 34, 35, '2022-05-08 05:59:59', '2022-05-08 14:34:31'),
(34, '19F', 34, 36, '2022-05-08 05:59:59', '2022-05-08 14:34:34'),
(35, '19', 34, 37, '2022-05-08 05:59:59', '2022-05-08 14:34:36'),
(36, '21F', 31, 38, '2022-05-08 05:59:59', '2022-05-08 14:25:41'),
(37, '20F', 31, 39, '2022-05-08 05:59:59', '2022-05-08 14:29:03'),
(38, '19F', 31, 40, '2022-05-08 05:59:59', '2022-05-08 14:29:13'),
(39, '19', 31, 41, '2022-05-08 05:59:59', '2022-05-08 14:29:34'),
(40, '21F', 40, 42, '2022-05-08 05:59:59', '2022-05-08 14:34:55'),
(41, '20F', 40, 43, '2022-05-08 05:59:59', '2022-05-08 14:34:59'),
(42, '19F', 40, 44, '2022-05-08 05:59:59', '2022-05-08 14:35:13'),
(43, '19', 40, 45, '2022-05-08 05:59:59', '2022-05-08 14:35:15'),
(44, '21F', 37, 46, '2022-05-08 05:59:59', '2022-05-08 14:35:19'),
(45, '20F', 37, 47, '2022-05-08 05:59:59', '2022-05-08 14:35:21'),
(46, '19F', 37, 48, '2022-05-08 05:59:59', '2022-05-08 14:35:25'),
(47, '19', 37, 49, '2022-05-08 05:59:59', '2022-05-08 14:35:28'),
(48, '21F', 33, 50, '2022-05-08 05:59:59', '2022-05-08 14:35:31'),
(49, '20F', 33, 51, '2022-05-08 05:59:59', '2022-05-08 14:35:33'),
(50, '19F', 33, 52, '2022-05-08 05:59:59', '2022-05-08 14:35:52'),
(51, '19', 33, 53, '2022-05-08 05:59:59', '2022-05-08 14:35:54'),
(52, '21F', 32, 54, '2022-05-08 05:59:59', '2022-05-08 14:35:56'),
(53, '20F', 32, 55, '2022-05-08 05:59:59', '2022-05-08 14:35:59'),
(54, '19F', 32, 56, '2022-05-08 05:59:59', '2022-05-08 14:36:02'),
(55, '19', 32, 57, '2022-05-08 05:59:59', '2022-05-08 16:20:16'),
(56, '21F', 36, 61, '2022-05-08 05:59:59', '2022-05-08 14:36:05'),
(57, '21F', 38, 59, '2022-05-08 05:59:59', '2022-05-08 14:36:14'),
(58, '21F', 39, 60, '2022-05-08 05:59:59', '2022-05-08 14:36:16'),
(59, '21F', 35, 58, '2022-05-08 05:59:59', '2022-05-08 14:36:19');

-- --------------------------------------------------------

--
-- Table structure for table `duet_departments`
--

CREATE TABLE `duet_departments` (
  `id` bigint(20) UNSIGNED NOT NULL,
  `name` varchar(256) COLLATE utf8mb4_unicode_ci NOT NULL,
  `code` varchar(256) COLLATE utf8mb4_unicode_ci NOT NULL,
  `created_at` timestamp NULL DEFAULT NULL,
  `updated_at` timestamp NULL DEFAULT NULL
) ENGINE=InnoDB DEFAULT CHARSET=utf8mb4 COLLATE=utf8mb4_unicode_ci;

--
-- Dumping data for table `duet_departments`
--

INSERT INTO `duet_departments` (`id`, `name`, `code`, `created_at`, `updated_at`) VALUES
(28, 'Telecommunication Engineering', 'TE', '2022-05-08 05:58:47', '2022-05-08 05:58:47'),
(29, 'Electronics Engineering', 'ESE', '2022-05-08 05:58:47', '2022-05-08 05:58:47'),
(30, 'Computer Systems Engineering', 'CSE', '2022-05-08 05:58:47', '2022-05-08 05:58:47'),
(31, 'Chemical Engineering', 'CHE', '2022-05-08 05:58:47', '2022-05-08 05:58:47'),
(32, 'Petroleum & Gas Engineering', 'PGE', '2022-05-08 05:58:47', '2022-05-08 05:58:47'),
(33, 'Metallurgy & Materials Engineering', 'MME', '2022-05-08 05:58:47', '2022-05-08 05:58:47'),
(34, 'Architecture & Planning Engineering', 'ARP', '2022-05-08 05:58:47', '2022-05-08 05:58:47'),
(35, 'Mathematics', 'BSM', '2022-05-08 05:58:47', '2022-05-08 05:58:47'),
(36, 'BS Computer Science', 'BSCS', '2022-05-08 05:58:47', '2022-05-08 05:58:47'),
(37, 'Industrial Engineering & Management', 'IEM', '2022-05-08 05:58:47', '2022-05-08 05:58:47'),
(38, 'BS Cyber Security', 'BSCY', '2022-05-08 05:58:47', '2022-05-08 05:58:47'),
(39, 'BS Artificial Intelligence', 'BSAI', '2022-05-08 05:58:47', '2022-05-08 05:58:47'),
(40, 'Energy & Environment Engineering', 'ENE', '2022-05-08 05:58:47', '2022-05-08 05:58:47');

-- --------------------------------------------------------

--
-- Table structure for table `duet_failed_jobs`
--

CREATE TABLE `duet_failed_jobs` (
  `id` bigint(20) UNSIGNED NOT NULL,
  `uuid` varchar(255) COLLATE utf8mb4_unicode_ci NOT NULL,
  `connection` text COLLATE utf8mb4_unicode_ci NOT NULL,
  `queue` text COLLATE utf8mb4_unicode_ci NOT NULL,
  `payload` longtext COLLATE utf8mb4_unicode_ci NOT NULL,
  `exception` longtext COLLATE utf8mb4_unicode_ci NOT NULL,
  `failed_at` timestamp NOT NULL DEFAULT current_timestamp()
) ENGINE=InnoDB DEFAULT CHARSET=utf8mb4 COLLATE=utf8mb4_unicode_ci;

-- --------------------------------------------------------

--
-- Table structure for table `duet_migrations`
--

CREATE TABLE `duet_migrations` (
  `id` int(10) UNSIGNED NOT NULL,
  `migration` varchar(255) COLLATE utf8mb4_unicode_ci NOT NULL,
  `batch` int(11) NOT NULL
) ENGINE=InnoDB DEFAULT CHARSET=utf8mb4 COLLATE=utf8mb4_unicode_ci;

--
-- Dumping data for table `duet_migrations`
--

INSERT INTO `duet_migrations` (`id`, `migration`, `batch`) VALUES
(1, '2014_10_12_000000_create_users_table', 1),
(2, '2014_10_12_100000_create_password_resets_table', 1),
(3, '2019_08_19_000000_create_failed_jobs_table', 1),
(4, '2019_12_14_000001_create_personal_access_tokens_table', 1),
(5, '2022_04_28_203014_create_db_schema', 1);

-- --------------------------------------------------------

--
-- Table structure for table `duet_password_resets`
--

CREATE TABLE `duet_password_resets` (
  `email` varchar(255) COLLATE utf8mb4_unicode_ci NOT NULL,
  `token` varchar(255) COLLATE utf8mb4_unicode_ci NOT NULL,
  `created_at` timestamp NULL DEFAULT NULL
) ENGINE=InnoDB DEFAULT CHARSET=utf8mb4 COLLATE=utf8mb4_unicode_ci;

-- --------------------------------------------------------

--
-- Table structure for table `duet_personal_access_tokens`
--

CREATE TABLE `duet_personal_access_tokens` (
  `id` bigint(20) UNSIGNED NOT NULL,
  `tokenable_type` varchar(255) COLLATE utf8mb4_unicode_ci NOT NULL,
  `tokenable_id` bigint(20) UNSIGNED NOT NULL,
  `name` varchar(255) COLLATE utf8mb4_unicode_ci NOT NULL,
  `token` varchar(64) COLLATE utf8mb4_unicode_ci NOT NULL,
  `abilities` text COLLATE utf8mb4_unicode_ci DEFAULT NULL,
  `last_used_at` timestamp NULL DEFAULT NULL,
  `created_at` timestamp NULL DEFAULT NULL,
  `updated_at` timestamp NULL DEFAULT NULL
) ENGINE=InnoDB DEFAULT CHARSET=utf8mb4 COLLATE=utf8mb4_unicode_ci;

-- --------------------------------------------------------

--
-- Table structure for table `duet_semesters`
--

CREATE TABLE `duet_semesters` (
  `id` bigint(20) UNSIGNED NOT NULL,
  `name` varchar(256) COLLATE utf8mb4_unicode_ci NOT NULL,
  `department_id` bigint(20) UNSIGNED NOT NULL,
  `created_at` timestamp NULL DEFAULT NULL,
  `updated_at` timestamp NULL DEFAULT NULL
) ENGINE=InnoDB DEFAULT CHARSET=utf8mb4 COLLATE=utf8mb4_unicode_ci;

--
-- Dumping data for table `duet_semesters`
--

INSERT INTO `duet_semesters` (`id`, `name`, `department_id`, `created_at`, `updated_at`) VALUES
(22, '2nd Semester', 28, '2022-05-08 05:59:25', '2022-05-08 05:59:25'),
(23, '4th Semester', 28, '2022-05-08 05:59:25', '2022-05-08 05:59:25'),
(24, '6th Semester', 28, '2022-05-08 05:59:25', '2022-05-08 05:59:25'),
(25, '8th Semester', 28, '2022-05-08 05:59:25', '2022-05-08 05:59:25'),
(26, '2nd Semester', 29, '2022-05-08 05:59:25', '2022-05-08 05:59:25'),
(27, '4th Semester', 29, '2022-05-08 05:59:25', '2022-05-08 05:59:25'),
(28, '6th Semester', 29, '2022-05-08 05:59:25', '2022-05-08 05:59:25'),
(29, '8th Semester', 29, '2022-05-08 05:59:25', '2022-05-08 05:59:25'),
(30, '2nd Semester', 30, '2022-05-08 05:59:25', '2022-05-08 05:59:25'),
(31, '4th Semester', 30, '2022-05-08 05:59:25', '2022-05-08 05:59:25'),
(32, '6th Semester', 30, '2022-05-08 05:59:25', '2022-05-08 05:59:25'),
(33, '8th Semester', 30, '2022-05-08 05:59:25', '2022-05-08 05:59:25'),
(34, '2nd Semester', 34, '2022-05-08 05:59:25', '2022-05-08 05:59:25'),
(35, '4th Semester', 34, '2022-05-08 05:59:25', '2022-05-08 05:59:25'),
(36, '6th Semester', 34, '2022-05-08 05:59:25', '2022-05-08 05:59:25'),
(37, '8th Semester', 34, '2022-05-08 05:59:25', '2022-05-08 05:59:25'),
(38, '2nd Semester', 31, '2022-05-08 05:59:25', '2022-05-08 05:59:25'),
(39, '4th Semester', 31, '2022-05-08 05:59:25', '2022-05-08 05:59:25'),
(40, '6th Semester', 31, '2022-05-08 05:59:25', '2022-05-08 05:59:25'),
(41, '8th Semester', 31, '2022-05-08 05:59:25', '2022-05-08 05:59:25'),
(42, '2nd Semester', 40, '2022-05-08 05:59:25', '2022-05-08 05:59:25'),
(43, '4th Semester', 40, '2022-05-08 05:59:25', '2022-05-08 05:59:25'),
(44, '6th Semester', 40, '2022-05-08 05:59:25', '2022-05-08 05:59:25'),
(45, '8th Semester', 40, '2022-05-08 05:59:25', '2022-05-08 05:59:25'),
(46, '2nd Semester', 37, '2022-05-08 05:59:25', '2022-05-08 05:59:25'),
(47, '4th Semester', 37, '2022-05-08 05:59:25', '2022-05-08 05:59:25'),
(48, '6th Semester', 37, '2022-05-08 05:59:25', '2022-05-08 05:59:25'),
(49, '8th Semester', 37, '2022-05-08 05:59:25', '2022-05-08 05:59:25'),
(50, '2nd Semester', 33, '2022-05-08 05:59:25', '2022-05-08 05:59:25'),
(51, '4th Semester', 33, '2022-05-08 05:59:25', '2022-05-08 05:59:25'),
(52, '6th Semester', 33, '2022-05-08 05:59:25', '2022-05-08 05:59:25'),
(53, '8th Semester', 33, '2022-05-08 05:59:25', '2022-05-08 05:59:25'),
(54, '2nd Semester', 32, '2022-05-08 05:59:25', '2022-05-08 05:59:25'),
(55, '4th Semester', 32, '2022-05-08 05:59:25', '2022-05-08 05:59:25'),
(56, '6th Semester', 32, '2022-05-08 05:59:25', '2022-05-08 05:59:25'),
(57, '8th Semester', 32, '2022-05-08 05:59:25', '2022-05-08 05:59:25'),
(58, '2nd Semester', 35, '2022-05-08 05:59:25', '2022-05-08 05:59:25'),
(59, '2nd Semester', 38, '2022-05-08 05:59:25', '2022-05-08 05:59:25'),
(60, '2nd Semester', 39, '2022-05-08 05:59:25', '2022-05-08 05:59:25'),
(61, '2nd Semester', 36, '2022-05-08 05:59:25', '2022-05-08 05:59:25');

-- --------------------------------------------------------

--
-- Table structure for table `duet_students`
--

CREATE TABLE `duet_students` (
  `id` bigint(20) UNSIGNED NOT NULL,
  `first_name` varchar(256) COLLATE utf8mb4_unicode_ci NOT NULL,
  `last_name` varchar(256) COLLATE utf8mb4_unicode_ci NOT NULL,
  `roll_no` varchar(256) COLLATE utf8mb4_unicode_ci NOT NULL,
  `section` bigint(20) UNSIGNED NOT NULL,
  `batch_id` bigint(20) UNSIGNED NOT NULL,
  `created_at` timestamp NULL DEFAULT NULL,
  `updated_at` timestamp NULL DEFAULT NULL
) ENGINE=InnoDB DEFAULT CHARSET=utf8mb4 COLLATE=utf8mb4_unicode_ci;

--
-- Dumping data for table `duet_students`
--

INSERT INTO `duet_students` (`id`, `first_name`, `last_name`, `roll_no`, `section`, `batch_id`, `created_at`, `updated_at`) VALUES
(3885, 'Kashish Devi', 'ThakARP Das', '19/F-TE-17', 1, 22, '2022-05-09 16:26:10', '2022-05-09 16:26:10'),
(3886, 'RUBAB AZMI', 'ABU AMIR AZMI', '19-TE-01', 1, 23, '2022-05-09 16:26:10', '2022-05-09 16:26:10'),
(3887, 'Muhammad Hazim', 'Muhammad Akram', '19-TE-02', 1, 23, '2022-05-09 16:26:10', '2022-05-09 16:26:10'),
(3888, 'MARPyam Sajid', 'Sajid Hussain Bhatti', '19-TE-03', 1, 23, '2022-05-09 16:26:10', '2022-05-09 16:26:10'),
(3889, 'SAWAIRA HABIB', 'HABIB UR REHMAN', '19-TE-04', 1, 23, '2022-05-09 16:26:10', '2022-05-09 16:26:10'),
(3890, 'Nauman Ali', 'Ali Mohammad', '19-TE-05', 1, 23, '2022-05-09 16:26:10', '2022-05-09 16:26:10'),
(3891, 'MUHAMMAD HUZAIFA KHAN', 'MUHAMMAD AKRAM KHAN', '19-TE-06', 1, 23, '2022-05-09 16:26:10', '2022-05-09 16:26:10'),
(3892, 'Danish Hussain', 'Abdul Rashid', '19-TE-07', 1, 23, '2022-05-09 16:26:10', '2022-05-09 16:26:10'),
(3893, 'IZAAN ALI', 'AMJAD ALI', '19-TE-08', 1, 23, '2022-05-09 16:26:10', '2022-05-09 16:26:10'),
(3894, 'SUMRA AMJAD', 'AMJAD ALI', '19-TE-09', 1, 23, '2022-05-09 16:26:10', '2022-05-09 16:26:10'),
(3895, 'RIJA ANSARPI', 'MUHAMMAD HARPOON ANSARPI', '19-TE-10', 1, 23, '2022-05-09 16:26:10', '2022-05-09 16:26:10'),
(3896, 'Ayesha Jabeen', 'Sohail Ahmed Malick', '19-TE-11', 1, 23, '2022-05-09 16:26:10', '2022-05-09 16:26:10'),
(3897, 'Saeed FARPooq Saeed Abdullah\'', 'FARPooq Saeed Abdullah\'', '19-TE-12', 1, 23, '2022-05-09 16:26:10', '2022-05-09 16:26:10'),
(3898, 'MAHEEN SWALEHEEN', 'MUHAMMAD SWALEHEEN', '19-TE-13', 1, 23, '2022-05-09 16:26:10', '2022-05-09 16:26:10'),
(3899, 'HAFSA SHAMIM', 'MUHAMMAD SHAMIM', '19-TE-14', 1, 23, '2022-05-09 16:26:10', '2022-05-09 16:26:10'),
(3900, 'FAHAD HUSSAIN', 'NAZEER AHMED', '19-TE-15', 1, 23, '2022-05-09 16:26:10', '2022-05-09 16:26:10'),
(3901, 'ARPsalan Ullah Khan', 'BARPkat Ullah Khan', '19-TE-16', 1, 23, '2022-05-09 16:26:10', '2022-05-09 16:26:10'),
(3902, 'Suhaib Ahmed', 'NisARP Ahmed', '19-TE-18', 1, 23, '2022-05-09 16:26:10', '2022-05-09 16:26:10'),
(3903, 'ATTAULLAH', 'GHULAM MUSTAFA', '19-TE-19', 1, 23, '2022-05-09 16:26:10', '2022-05-09 16:26:10'),
(3904, 'Abdul Haseeb', 'Jamil Ahmed', '19-TE-20', 2, 23, '2022-05-09 16:26:10', '2022-05-09 16:26:10'),
(3905, 'Muhammad Nadeem', 'Basheer Ahmed', '19-TE-22', 2, 23, '2022-05-09 16:26:10', '2022-05-09 16:26:10'),
(3906, 'Mairaj Khan', 'Meer Khan', '19-TE-23', 2, 23, '2022-05-09 16:26:10', '2022-05-09 16:26:10'),
(3907, 'Huzair Khan', 'Hasil Zada', '19-TE-24', 2, 23, '2022-05-09 16:26:10', '2022-05-09 16:26:10'),
(3908, 'Abdul Qadir', 'Asif Hussain', '19-TE-25', 2, 23, '2022-05-09 16:26:10', '2022-05-09 16:26:10'),
(3909, 'Syed Ali Zaid', 'Syed Abdul KARPim', '19-TE-26', 2, 23, '2022-05-09 16:26:10', '2022-05-09 16:26:10'),
(3910, 'Aqib Yaseen', 'Muhammad Yaseen', '19-TE-27', 2, 23, '2022-05-09 16:26:10', '2022-05-09 16:26:10'),
(3911, 'NOOR NABI KHAN', 'NAZEER AHMED', '19-TE-28', 2, 23, '2022-05-09 16:26:10', '2022-05-09 16:26:10'),
(3912, 'Muhammad Danish QaisARP', 'Muhammad QaisARP Imam', '19-TE-29', 2, 23, '2022-05-09 16:26:10', '2022-05-09 16:26:10'),
(3913, 'Sadat Sayad', 'Sayad Muhammad', '19-TE-30', 2, 23, '2022-05-09 16:26:10', '2022-05-09 16:26:10'),
(3914, 'IIMAD UD DIN', 'ZAKA ULLAH', '19-TE-31', 2, 23, '2022-05-09 16:26:10', '2022-05-09 16:26:10'),
(3915, 'Amna Saeed', 'Abdul Saeed', '19-TE-32', 2, 23, '2022-05-09 16:26:10', '2022-05-09 16:26:10'),
(3916, 'Muhsan Ali', 'SikandARP Ali', '19-TE-34', 2, 23, '2022-05-09 16:26:10', '2022-05-09 16:26:10'),
(3917, 'Muhammad Faizan', 'Niaz Muhammad', '19-TE-35', 2, 23, '2022-05-09 16:26:10', '2022-05-09 16:26:10'),
(3918, 'Abdullah', 'ghulam shabir', '19-TE-36', 2, 23, '2022-05-09 16:26:10', '2022-05-09 16:26:10'),
(3919, 'Muhammad Noman', 'Muhammad Ayoob', '19-TE-38', 2, 23, '2022-05-09 16:26:10', '2022-05-09 16:26:10'),
(3920, 'NOMAN ALI', 'NOOR MOHAMMAD TAGARP', '19-TE-39', 2, 23, '2022-05-09 16:26:10', '2022-05-09 16:26:10'),
(3921, 'MUHAMMAD FUZAIL', 'MUHAMMAD SARPFARPAZ', '19-TE-40', 2, 23, '2022-05-09 16:26:10', '2022-05-09 16:26:10'),
(3922, 'Waqas Ahmed', 'IftikhARP Ahmed', '19-TE-41', 2, 23, '2022-05-09 16:26:10', '2022-05-09 16:26:10'),
(3923, 'Ahnaf Abdul Nasir', 'Abdul Nasir', '19/F-TE-06', 1, 22, '2022-05-09 16:26:18', '2022-05-09 16:26:18'),
(3924, 'BISMA ZAHID KHAN', 'ZAHID AMEER KHAN', '19/F-TE-07', 1, 22, '2022-05-09 16:26:18', '2022-05-09 16:26:18'),
(3925, 'Shayan Shaikh', 'Shakeel Anwer', '19/F-TE-08', 1, 22, '2022-05-09 16:26:18', '2022-05-09 16:26:18'),
(3926, 'Jansher', 'Sher Muhammad', '19/F-TE-09', 1, 22, '2022-05-09 16:26:18', '2022-05-09 16:26:18'),
(3927, 'Yusra rehman', 'Atiq ur rehman khan', '19/F-TE-13', 1, 22, '2022-05-09 16:26:18', '2022-05-09 16:26:18'),
(3928, 'Huzaifa Ibn-e-Tanveer', 'Tanveer Ahmed', '19/F-TE-15', 1, 22, '2022-05-09 16:26:18', '2022-05-09 16:26:18'),
(3929, 'FAJARP IFTIKHARP', 'IFTIKHARP AHMED GHUMAN', '19/F-TE-19', 1, 22, '2022-05-09 16:26:18', '2022-05-09 16:26:18'),
(3930, 'ABDULLAHI FATAH ALI', 'FATAH ALI', '19/F-TE-21', 1, 22, '2022-05-09 16:26:18', '2022-05-09 16:26:18'),
(3931, 'MubashARP Saddique', 'Muhammad saddique', '19/F-TE-24', 1, 22, '2022-05-09 16:26:18', '2022-05-09 16:26:18'),
(3932, 'Saqib Hussain', 'Ghullam Hussain', '19/F-TE-26', 1, 22, '2022-05-09 16:26:18', '2022-05-09 16:26:18'),
(3933, 'Muhammad Ans', 'Jawaid Iqbal', '19/F-TE-27', 1, 22, '2022-05-09 16:26:18', '2022-05-09 16:26:18'),
(3934, 'MAHNOOR', 'MUHAMMAD HAFEEZ', '19/F-TE-32', 1, 22, '2022-05-09 16:26:18', '2022-05-09 16:26:18'),
(3935, 'Nimra Shabbir Khan', 'Muhammad Shabbir Khan', '19/F-TE-33', 1, 22, '2022-05-09 16:26:18', '2022-05-09 16:26:18'),
(3936, 'Samiullah', 'Kaleemullah PanhwARP', '19/F-TE-34', 1, 22, '2022-05-09 16:26:18', '2022-05-09 16:26:18'),
(3937, 'Muhammad Noman', 'Muhammad Rehman', '19/F-TE-35', 1, 22, '2022-05-09 16:26:18', '2022-05-09 16:26:18'),
(3938, 'Muhammad Sufiyan', 'Abdul Salam', '19/F-TE-36', 1, 22, '2022-05-09 16:26:18', '2022-05-09 16:26:18'),
(3939, 'MUHAMMAD ABID', 'MUHAMMAD SHAMIM AHMED KHAN', '19/F-TE-40', 1, 22, '2022-05-09 16:26:18', '2022-05-09 16:26:18'),
(3940, 'Muhammad Suhail', 'Ghulam Nabi', '19/F-TE-46', 1, 22, '2022-05-09 16:26:18', '2022-05-09 16:26:18'),
(3941, 'Jalal Khan', 'Rasheed Ahmed', '19/F-TE-47', 1, 22, '2022-05-09 16:26:18', '2022-05-09 16:26:18'),
(3942, 'EMAN ANWAARP', 'MUHAMMAD ANWARP AHMED QURESHI', '19/F-TE-49', 1, 22, '2022-05-09 16:26:18', '2022-05-09 16:26:18'),
(3943, 'ASBAH SHAHID', 'SHAHID IQBAL SIDDIQUI', '19/F-TE-50', 2, 22, '2022-05-09 16:26:18', '2022-05-09 16:26:18'),
(3944, 'OMER NOMAN RIAZ', 'RIAZ UD DIN', '19/F-TE-52', 2, 22, '2022-05-09 16:26:18', '2022-05-09 16:26:18'),
(3945, 'Hirtik KumARP', 'Suneel KumARP', '19/F-TE-53', 2, 22, '2022-05-09 16:26:18', '2022-05-09 16:26:18'),
(3946, 'GHULAM ASGHARP', 'GHULAM AKBARP', '19/F-TE-54', 2, 22, '2022-05-09 16:26:18', '2022-05-09 16:26:18'),
(3947, 'SOBIA IRFAN', 'MOHAMMAD IRFAN', '19/F-TE-56', 2, 22, '2022-05-09 16:26:19', '2022-05-09 16:26:19'),
(3948, 'KARPimdad', 'Sodho khan', '19/F-TE-57', 2, 22, '2022-05-09 16:26:19', '2022-05-09 16:26:19'),
(3949, 'MARPYAM KHALID QURESHI', 'KHALID QURESHI', '19/F-TE-58', 2, 22, '2022-05-09 16:26:19', '2022-05-09 16:26:19'),
(3950, 'Muhammad Awais', 'Muhammad Hussain', '19/F-TE-59', 2, 22, '2022-05-09 16:26:19', '2022-05-09 16:26:19'),
(3951, 'Adeeba Kamal', 'Kamal Uddin', '19/F-TE-62', 2, 22, '2022-05-09 16:26:19', '2022-05-09 16:26:19'),
(3952, 'Shama Ali', 'Ali Hassan', '19/F-TE-63', 2, 22, '2022-05-09 16:26:19', '2022-05-09 16:26:19'),
(3953, 'Muhammad Ghufran Ali', 'GhazanfARP Ali', '19/F-TE-64', 2, 22, '2022-05-09 16:26:19', '2022-05-09 16:26:19'),
(3954, 'SYED ARPEEB HASSAN ABIDI', 'SYED IQBAL HUSSAIN ABIDI', '19/F-TE-65', 2, 22, '2022-05-09 16:26:19', '2022-05-09 16:26:19'),
(3955, 'ARPsalan', 'Muhamad Nawaz', '19/F-TE-66', 2, 22, '2022-05-09 16:26:19', '2022-05-09 16:26:19'),
(3956, 'GHULAM MURTAZA', 'GHULAM RASOOL', '19/F-TE-67', 2, 22, '2022-05-09 16:26:19', '2022-05-09 16:26:19'),
(3957, 'HASHAM', 'ALLAH DIN', '19/F-TE-68', 2, 22, '2022-05-09 16:26:19', '2022-05-09 16:26:19'),
(3958, 'ADIL AHMED SIDDIQUI', 'RIZWAN AHMED SIDDIQUI', '19/F-TE-69', 2, 22, '2022-05-09 16:26:19', '2022-05-09 16:26:19'),
(3959, 'ARPsalan Ahmed', 'Ghulam AsghARP', '19/F-TE-70', 2, 22, '2022-05-09 16:26:19', '2022-05-09 16:26:19'),
(3960, 'BISMA AFROZ KHAN', 'MUSHTAQ AHMED KHAN', '19/F-TE-71', 2, 22, '2022-05-09 16:26:19', '2022-05-09 16:26:19'),
(3961, 'MAJID', 'MUHAMMAD YOUSUF', '19/F-TE-72', 2, 22, '2022-05-09 16:26:19', '2022-05-09 16:26:19'),
(3962, 'elaf ali', 'asif mirza', '20/F-19/F-TE-18', 2, 21, '2022-05-09 16:26:19', '2022-05-09 16:26:19'),
(3963, 'Sohail Abbas', 'Hussain Akber', '20-TE-01', 1, 21, '2022-05-09 16:26:27', '2022-05-09 16:26:27'),
(3964, 'Maaz Bin TARPiq', 'Muhammad TARPiq', '20-TE-03', 1, 21, '2022-05-09 16:26:27', '2022-05-09 16:26:27'),
(3965, 'MUHAMMAD HAMZA ZAKIR', 'MUHAMMAD ZAKIR', '20-TE-04', 1, 21, '2022-05-09 16:26:27', '2022-05-09 16:26:27'),
(3966, 'Neha Nadeem', 'Nadeem Ahmed', '20-TE-05', 1, 21, '2022-05-09 16:26:27', '2022-05-09 16:26:27'),
(3967, 'RUJMAN FATIMA', 'DR RIAZ AHMED', '20-TE-06', 1, 21, '2022-05-09 16:26:27', '2022-05-09 16:26:27'),
(3968, 'FARPZAM MOHSIN', 'MUHAMMAD MOHSIN QURESHI', '20-TE-07', 1, 21, '2022-05-09 16:26:27', '2022-05-09 16:26:27'),
(3969, 'AFREEN SOHAIL', 'SOHAIL AHMED KHAN', '20-TE-09', 1, 21, '2022-05-09 16:26:27', '2022-05-09 16:26:27'),
(3970, 'Preet PARPkash', 'Kishor KumARP', '20-TE-12', 1, 21, '2022-05-09 16:26:27', '2022-05-09 16:26:27'),
(3971, 'FIDA HUSSAIN', 'ALI AKBARP CHEANDIO', '20-TE-13', 1, 21, '2022-05-09 16:26:27', '2022-05-09 16:26:27'),
(3972, 'MUHAMMAD AZHARP KAMAL', 'MUHAMMAD RAFI KAMAL', '20-TE-14', 1, 21, '2022-05-09 16:26:27', '2022-05-09 16:26:27'),
(3973, 'FARPyal Rashid', 'Rashid Ali', '20-TE-18', 1, 21, '2022-05-09 16:26:27', '2022-05-09 16:26:27'),
(3974, 'SUBHAN', 'MUNEER AHMED', '20-TE-19', 1, 21, '2022-05-09 16:26:27', '2022-05-09 16:26:27'),
(3975, 'MARPy', 'Javed Bhatti', '20-TE-21', 1, 21, '2022-05-09 16:26:27', '2022-05-09 16:26:27'),
(3976, 'Muhammad Mesum Ali', 'AkbARP Ali', '20-TE-22', 1, 21, '2022-05-09 16:26:27', '2022-05-09 16:26:27'),
(3977, 'Rubab Batool', 'Rais Ahmed', '20-TE-24', 2, 21, '2022-05-09 16:26:27', '2022-05-09 16:26:27'),
(3978, 'Muhammad Haseeb Khalil', 'Khalil Khan', '20-TE-27', 2, 21, '2022-05-09 16:26:27', '2022-05-09 16:26:27'),
(3979, 'Muhammad Maaz', 'Ghulam Mustafa', '20-TE-29', 2, 21, '2022-05-09 16:26:27', '2022-05-09 16:26:27'),
(3980, 'Muhammad Muzzamil Ahmed', 'Sajid Ahmed', '20-TE-33', 2, 21, '2022-05-09 16:26:27', '2022-05-09 16:26:27'),
(3981, 'SOHEERA NADEEM', 'MUHAMMAD NADEEM AKBER', '20-TE-43', 2, 21, '2022-05-09 16:26:27', '2022-05-09 16:26:27'),
(3982, 'Zulkaif Abdul Qadir', 'Amir Hussain', '20-TE-51', 2, 21, '2022-05-09 16:26:27', '2022-05-09 16:26:27'),
(3983, 'Usama shafaqat', 'Shafaqat Ali', '20-TE-52', 2, 21, '2022-05-09 16:26:27', '2022-05-09 16:26:27'),
(3984, 'wajid ali', 'Qurban ali', '20-TE-53', 2, 21, '2022-05-09 16:26:27', '2022-05-09 16:26:27'),
(3985, 'Kashif Fida', 'Fida Hussain', '20-TE-54', 2, 21, '2022-05-09 16:26:27', '2022-05-09 16:26:27'),
(3986, 'MUHAMMAD KASHAN KHAN', 'ABDUL KASHIF', '20-TE-55', 2, 21, '2022-05-09 16:26:27', '2022-05-09 16:26:27'),
(3987, 'VISHAL', 'MOHEN', '20-TE-56', 2, 21, '2022-05-09 16:26:27', '2022-05-09 16:26:27'),
(3988, 'SAADAT MUGHALBAIG', 'MUGHAL', '20-TE-57', 2, 21, '2022-05-09 16:26:27', '2022-05-09 16:26:27'),
(3989, 'NISARP ALI', 'GHULAM ALI', '20-TE-58', 2, 21, '2022-05-09 16:26:27', '2022-05-09 16:26:27'),
(3990, 'SAIF UR REHMAN', 'MUHAMMAD RASHEED', '20-TE-59', 2, 21, '2022-05-09 16:26:27', '2022-05-09 16:26:27'),
(3991, 'BENAZIR', 'NAWAB KHAN LAKHAIR', '20-TE-60', 2, 21, '2022-05-09 16:26:27', '2022-05-09 16:26:27'),
(3992, 'RAO AHSAN FARPYAD', 'FARPYAD ALI RAJPUT', '20-TE-61', 2, 21, '2022-05-09 16:26:27', '2022-05-09 16:26:27'),
(3993, 'Muhammad Ashad Siddiqui', 'Muhammad Kalid Siddiqui', '21/F-TE-01', 1, 20, '2022-05-09 16:26:35', '2022-05-09 16:26:35'),
(3994, 'NIMRAH MUSHTAQUE', 'MUSHTAQUE AHMED', '21/F-TE-02', 1, 20, '2022-05-09 16:26:35', '2022-05-09 16:26:35'),
(3995, 'SYEDA WAJIHA ZEHRA', 'SYED MASOOD HASSAN MASOOM', '21/F-TE-03', 1, 20, '2022-05-09 16:26:35', '2022-05-09 16:26:35'),
(3996, 'Muhammad Suleman Sahil', 'Asif Peter', '21/F-TE-04', 1, 20, '2022-05-09 16:26:35', '2022-05-09 16:26:35'),
(3997, 'MUHAMMAD UMARP SHAHID', 'MUHAMMAD SHAHID HUSSAIN KHAN', '21/F-TE-05', 1, 20, '2022-05-09 16:26:35', '2022-05-09 16:26:35'),
(3998, 'Shahjahan', 'Muhammad Jan', '21/F-TE-06', 1, 20, '2022-05-09 16:26:35', '2022-05-09 16:26:35'),
(3999, 'Shahwaiz Razi', 'Sohail Razi', '21/F-TE-07', 1, 20, '2022-05-09 16:26:35', '2022-05-09 16:26:35'),
(4000, 'Akshay KumARP', 'BakhtawARP', '21/F-TE-09', 1, 20, '2022-05-09 16:26:35', '2022-05-09 16:26:35'),
(4001, 'ZAWARP ABBAS NAQVI', 'AZFARP ABBAS NAQVI', '21/F-TE-10', 1, 20, '2022-05-09 16:26:35', '2022-05-09 16:26:35'),
(4002, 'Muzammil Murtaza', 'Muhammad Ramzan', '21/F-TE-11', 1, 20, '2022-05-09 16:26:35', '2022-05-09 16:26:35'),
(4003, 'Siraj Ahmed', 'Sajjad Ahmed', '21/F-TE-12', 1, 20, '2022-05-09 16:26:35', '2022-05-09 16:26:35'),
(4004, 'NIDA RAO', 'AFZAL AHMED', '21/F-TE-13', 1, 20, '2022-05-09 16:26:35', '2022-05-09 16:26:35'),
(4005, 'Mustafa MazhARP', 'MazhARP Iqbal', '21/F-TE-14', 1, 20, '2022-05-09 16:26:35', '2022-05-09 16:26:35'),
(4006, 'Muhammad Usman Naeem', 'Abdul Naeem', '21/F-TE-15', 1, 20, '2022-05-09 16:26:35', '2022-05-09 16:26:35'),
(4007, 'MUHAMMAD OWAIS', 'ANWARP-UL-HAQUE', '21/F-TE-16', 1, 20, '2022-05-09 16:26:35', '2022-05-09 16:26:35'),
(4008, 'Ezhan Javed', 'Javed Hussain', '21/F-TE-17', 1, 20, '2022-05-09 16:26:35', '2022-05-09 16:26:35'),
(4009, 'Raza Ali', 'Rajib Ali', '21/F-TE-18', 1, 20, '2022-05-09 16:26:35', '2022-05-09 16:26:35'),
(4010, 'Muhammad SIddique ', 'NisARP Ahmed Khanzada', '21/f-TE-19', 2, 20, '2022-05-09 16:26:35', '2022-05-09 16:26:35'),
(4011, 'Aaliyan Sultan Ul AARPfeen', 'Muhammad Afzal', '21/F-TE-20', 2, 20, '2022-05-09 16:26:35', '2022-05-09 16:26:35'),
(4012, 'Muhammad Huzaifa Awan', 'AsghARP Hussain Awan', '21/F-TE-21', 2, 20, '2022-05-09 16:26:35', '2022-05-09 16:26:35'),
(4013, 'Syed Meesam E Ali', 'Syed Ahsan Ali Shah', '21/F-TE-22', 2, 20, '2022-05-09 16:26:35', '2022-05-09 16:26:35'),
(4014, 'FARPhan Zaheer', 'Zaheer Ahmed', '21/F-TE-23', 2, 20, '2022-05-09 16:26:35', '2022-05-09 16:26:35'),
(4015, 'MUJEEB UR REHMAN', 'MANSOOR AHMED UJJAN', '21/F-TE-24', 2, 20, '2022-05-09 16:26:35', '2022-05-09 16:26:35'),
(4016, 'AIMAN KHAN', 'AMIR HUSSAIN', '21/F-TE-25', 2, 20, '2022-05-09 16:26:35', '2022-05-09 16:26:35'),
(4017, 'Salman ali', 'Muhammad Iqbal', '21/F-TE-26', 2, 20, '2022-05-09 16:26:35', '2022-05-09 16:26:35'),
(4018, 'FAIZAN IQBAL AHMED', 'ASAD IQBAL AHMED', '21/F-TE-27', 2, 20, '2022-05-09 16:26:35', '2022-05-09 16:26:35'),
(4019, 'Muhammad Umer', 'Kamran Hussain', '21/F-TE-28', 2, 20, '2022-05-09 16:26:35', '2022-05-09 16:26:35'),
(4020, 'Muhammad Anas Hussain', 'Muhammad AbrARP Hussain', '21/F-TE-29', 2, 20, '2022-05-09 16:26:35', '2022-05-09 16:26:35'),
(4021, 'SAJJAD HUSSAIN', 'ZAHID HUSSAIN', '21/F-TE-30', 2, 20, '2022-05-09 16:26:35', '2022-05-09 16:26:35'),
(4022, 'Hamza Shafique', 'Muhammad Shafique', '21/F-TE-31', 2, 20, '2022-05-09 16:26:35', '2022-05-09 16:26:35'),
(4023, 'Huzaifa', 'Muhammad sabir', '21/F-TE-32', 2, 20, '2022-05-09 16:26:35', '2022-05-09 16:26:35'),
(4024, 'MUHMMMD ARPSLAN', 'Nazeer Ahmed', '21/F-TE-33', 2, 20, '2022-05-09 16:26:35', '2022-05-09 16:26:35'),
(4025, 'Abdul Rehman', 'Abdullah', '21/F-TE-35', 2, 20, '2022-05-09 16:26:35', '2022-05-09 16:26:35'),
(4026, 'Muhammad Saqib', 'Rustam Ali', '21/F-TE-36', 2, 20, '2022-05-09 16:26:35', '2022-05-09 16:26:35'),
(4027, 'Mohammad Umer', 'Aseel Zada Khan', '19-PG-03', 1, 55, '2022-05-09 16:26:52', '2022-05-09 16:26:52'),
(4028, 'Atia-tur-Rehman', 'TARPiq Mehmood', '19-PG-04', 1, 55, '2022-05-09 16:26:52', '2022-05-09 16:26:52'),
(4029, 'Mohammad AshARP Baig', 'Mirza AkbARP Baig', '19-PG-10', 1, 55, '2022-05-09 16:26:52', '2022-05-09 16:26:52'),
(4030, 'MUHAMMAD OSAMA', 'MIRZA PARPWEEZ AKHTER', '19-PG-11', 1, 55, '2022-05-09 16:26:52', '2022-05-09 16:26:52'),
(4031, 'Shafi Mohammad', 'Mir Mohammad', '19-PG-12', 1, 55, '2022-05-09 16:26:52', '2022-05-09 16:26:52'),
(4032, 'Abdul Rafey', 'Mehtab Ali', '19-PG-14', 1, 55, '2022-05-09 16:26:52', '2022-05-09 16:26:52'),
(4033, 'Rahzan Ali', 'Muhammad Sadique', '19-PG-15', 1, 55, '2022-05-09 16:26:52', '2022-05-09 16:26:52'),
(4034, 'usama sajid bozdARP', 'sajid hussain', '19-PG-17', 1, 55, '2022-05-09 16:26:52', '2022-05-09 16:26:52'),
(4035, 'MEHMOOD UL HASSAN', 'GHULAM ABBAS', '19-PG-18', 1, 55, '2022-05-09 16:26:52', '2022-05-09 16:26:52'),
(4036, 'ABDUL MANAN', 'ABDUL RAZZAQUE', '19-PG-22', 1, 55, '2022-05-09 16:26:52', '2022-05-09 16:26:52'),
(4037, 'Junaid Ali', 'AnwARP Ali', '19-PG-24', 1, 55, '2022-05-09 16:26:52', '2022-05-09 16:26:52'),
(4038, 'Samiullah', 'Inamullah', '19-PG-25', 1, 55, '2022-05-09 16:26:52', '2022-05-09 16:26:52'),
(4039, 'Syed Muhammad Usama', 'Muhammad Abdul Hafeez Shah', '19-PG-26', 1, 55, '2022-05-09 16:26:52', '2022-05-09 16:26:52'),
(4040, 'Ali Hassan', 'Abdul Majeed', '19-PG-29', 1, 55, '2022-05-09 16:26:52', '2022-05-09 16:26:52'),
(4041, 'Hazrat Zubair', 'BARPam', '19-PG-30', 1, 55, '2022-05-09 16:26:52', '2022-05-09 16:26:52'),
(4042, 'Ammad Ahmed ARPain', 'Muhammad ARPif Bashir', '19-PG-32', 1, 55, '2022-05-09 16:26:52', '2022-05-09 16:26:52'),
(4043, 'Zabeehulah', 'Ghulam Muhammad', '19-PG-33', 1, 55, '2022-05-09 16:26:52', '2022-05-09 16:26:52'),
(4044, 'HARPIS SHAH', 'ZAHIR SHAH BACHEA', '19-PG-35', 1, 55, '2022-05-09 16:26:52', '2022-05-09 16:26:52'),
(4045, 'BARPIYA KHAN', 'MUHAMMAD IQBAL', '19-PG-36', 1, 55, '2022-05-09 16:26:52', '2022-05-09 16:26:52'),
(4046, 'Abdul Rauf', 'Abdul Wahid', '19-PG-37', 1, 55, '2022-05-09 16:26:52', '2022-05-09 16:26:52'),
(4047, 'SIJAD ALI', 'MUHAMMAD ASHRAF', '19-PG-38', 1, 55, '2022-05-09 16:26:52', '2022-05-09 16:26:52'),
(4048, 'Ghous Bakhsh', 'Ahmed Bakhsh', '19-PG-39', 1, 55, '2022-05-09 16:26:52', '2022-05-09 16:26:52'),
(4049, 'umair abid', 'Muhammad abid', '19-PG-41', 1, 55, '2022-05-09 16:26:52', '2022-05-09 16:26:52'),
(4050, 'GhazanfARP Riaz', 'Muhammad Riaz', '19-PG-42', 1, 55, '2022-05-09 16:26:52', '2022-05-09 16:26:52'),
(4051, 'Rehan Ahmed', 'IsrARP ul hassan', '19-PG-43', 1, 55, '2022-05-09 16:26:52', '2022-05-09 16:26:52'),
(4052, 'ZulfiquARP Ali', 'Abdullah', '19-PG-44', 1, 55, '2022-05-09 16:26:52', '2022-05-09 16:26:52'),
(4053, 'Muhammad Fahad', 'Muhammad Ilyas', '19-PG-45', 1, 55, '2022-05-09 16:26:52', '2022-05-09 16:26:52'),
(4054, 'Shan Ul Haq', 'Abdul Haq', '19-PG-46', 1, 55, '2022-05-09 16:26:52', '2022-05-09 16:26:52'),
(4055, 'Zahir Muhammad Khattak', 'Noor Muhammad Khattak', '19-PG-47', 1, 55, '2022-05-09 16:26:52', '2022-05-09 16:26:52'),
(4056, 'Maniu Ahmed', 'NisARP Ahmed', '19-PG-48', 1, 55, '2022-05-09 16:26:52', '2022-05-09 16:26:52'),
(4057, 'MUHAMMAD USAMA HUSSAIN', 'MUHAMMAD HUSSAIN', '19-PG-49', 1, 55, '2022-05-09 16:26:52', '2022-05-09 16:26:52'),
(4058, 'Shahzaib', 'Allah Bux', '19-PG-50', 1, 55, '2022-05-09 16:26:52', '2022-05-09 16:26:52'),
(4059, 'Muhammad Shoaib', 'Muhammad Khan', '19-PG-51', 1, 55, '2022-05-09 16:26:52', '2022-05-09 16:26:52'),
(4060, 'UmARP FARPooq', 'Abdul Rahman', '19-PG-52', 1, 55, '2022-05-09 16:26:52', '2022-05-09 16:26:52'),
(4061, 'Abdullah', 'Sajan', '19-PG-53', 1, 55, '2022-05-09 16:26:52', '2022-05-09 16:26:52'),
(4062, 'Ali MunwARP', 'MunwARP Hussain ARPain', '19-PG-54', 1, 55, '2022-05-09 16:26:52', '2022-05-09 16:26:52'),
(4063, 'Malik Muhammad Ehtesham', 'Muhammad Nadeem', '19-PG-55', 1, 55, '2022-05-09 16:26:52', '2022-05-09 16:26:52'),
(4064, 'WASEEM ALI', 'ALI BUX', '19-PG-56', 1, 55, '2022-05-09 16:26:52', '2022-05-09 16:26:52'),
(4065, 'Junaid Ahmed', 'SIKANDARP ALI', '19-PG-57', 1, 55, '2022-05-09 16:26:52', '2022-05-09 16:26:52'),
(4066, 'Assadullah', 'Muhammad Bux', '19-PG-58', 1, 55, '2022-05-09 16:26:52', '2022-05-09 16:26:52'),
(4067, 'S. Rais -Ul-Hassan', 'S. Muhammad Agha', '19-PG-59', 1, 55, '2022-05-09 16:26:52', '2022-05-09 16:26:52'),
(4068, 'JAMSHAID AHMED', 'JAWED AHMED SOOMRO', '19-PG-60', 1, 55, '2022-05-09 16:26:52', '2022-05-09 16:26:52'),
(4069, 'Shahzad Gulab', 'Gulab Dad', '19-PG-61', 1, 55, '2022-05-09 16:26:52', '2022-05-09 16:26:52'),
(4070, 'Ahmad Hussain', 'Jamal Khan', '19-PG-62', 1, 55, '2022-05-09 16:26:52', '2022-05-09 16:26:52'),
(4071, 'MUHAMMAD FASIH AHMED FAROOQUI', 'MUHAMMAD NOOR AHMED FARPOOQUI', '19/F-PG-01', 1, 54, '2022-05-09 16:26:59', '2022-05-09 16:26:59'),
(4072, 'KARPeem Hussain', 'Inayat Hussain', '19/F-PG-02', 1, 54, '2022-05-09 16:26:59', '2022-05-09 16:26:59'),
(4073, 'UMNA ZAKIR', 'ZAKIR PERVEZ', '19/F-PG-03', 1, 54, '2022-05-09 16:26:59', '2022-05-09 16:26:59'),
(4074, 'MUHAMMAD SAAD ENAM SHEIKH', 'ENAM UR REHMAN', '19/F-PG-05', 1, 54, '2022-05-09 16:26:59', '2022-05-09 16:26:59'),
(4075, 'SHOAIB ASGHARP', 'ASGHARP ALI', '19/F-PG-14', 1, 54, '2022-05-09 16:26:59', '2022-05-09 16:26:59'),
(4076, 'Daniyal khan', 'DilfARPaz', '19/F-PG-15', 1, 54, '2022-05-09 16:26:59', '2022-05-09 16:26:59'),
(4077, 'IBADULLAH', 'KHALID KHAN', '19/F-PG-17', 1, 54, '2022-05-09 16:26:59', '2022-05-09 16:26:59'),
(4078, 'IMRANULLAH', 'REHMATULLAH', '19/F-PG-19', 1, 54, '2022-05-09 16:26:59', '2022-05-09 16:26:59'),
(4079, 'DEEPAK KUMARP', 'GUNES RAM', '19/F-PG-20', 1, 54, '2022-05-09 16:26:59', '2022-05-09 16:26:59'),
(4080, 'Muhammad Saad', 'Muhammad Faheem', '19/F-PG-22', 1, 54, '2022-05-09 16:26:59', '2022-05-09 16:26:59'),
(4081, 'Sameer Ahmed', 'Mir Mohammad Alias ZafARP Ahmed', '19/F-PG-23', 1, 54, '2022-05-09 16:26:59', '2022-05-09 16:26:59'),
(4082, 'Muhammad Zeerak Muallim', 'Imran Muallim', '19/F-PG-24', 1, 54, '2022-05-09 16:26:59', '2022-05-09 16:26:59'),
(4083, 'Saqlain Aslam', 'Muhammad Aslam Kiani', '19/F-PG-25', 1, 54, '2022-05-09 16:26:59', '2022-05-09 16:26:59'),
(4084, 'USMAN FAIZ', 'ABDUL SAMAD', '19/F-PG-26', 1, 54, '2022-05-09 16:26:59', '2022-05-09 16:26:59'),
(4085, 'MUHAMMAD BILAL', 'MUHAMMAD IQBAL', '19/F-PG-29', 1, 54, '2022-05-09 16:26:59', '2022-05-09 16:26:59'),
(4086, 'QamARP Zaman', 'YARP Mohammad', '19/F-PG-30', 1, 54, '2022-05-09 16:26:59', '2022-05-09 16:26:59'),
(4087, 'Uzair Ahmed', 'Abdul Qadir', '19/F-PG-31', 1, 54, '2022-05-09 16:27:00', '2022-05-09 16:27:00'),
(4088, 'MUHAMMAD MUZAMIL', 'MUHAMMAD IRFAN', '19/F-PG-32', 1, 54, '2022-05-09 16:27:00', '2022-05-09 16:27:00'),
(4089, 'MUSWARP HUSSAIN', 'AHMED KHAN', '19/F-PG-33', 1, 54, '2022-05-09 16:27:00', '2022-05-09 16:27:00'),
(4090, 'MUHAMMAD USMAN', 'SAWAI', '19/F-PG-34', 1, 54, '2022-05-09 16:27:00', '2022-05-09 16:27:00'),
(4091, 'ahmed mujtaba', 'shARPaf u din', '19/F-PG-37', 1, 54, '2022-05-09 16:27:00', '2022-05-09 16:27:00'),
(4092, 'Muhamamd Fiaz', 'Abdul Shakoor', '19/F-PG-39', 1, 54, '2022-05-09 16:27:00', '2022-05-09 16:27:00'),
(4093, 'Kashif', 'Zahir Shah', '19/F-PG-40', 1, 54, '2022-05-09 16:27:00', '2022-05-09 16:27:00'),
(4094, 'AMNA GHAFFARP', 'ABDUL GHAFFARP', '19/F-PG-41', 1, 54, '2022-05-09 16:27:00', '2022-05-09 16:27:00'),
(4095, 'Javeria Batool', 'Nadeem Ahmed Lodhi', '19/F-PG-42', 1, 54, '2022-05-09 16:27:00', '2022-05-09 16:27:00'),
(4096, 'SYED MOIZ ALI', 'SYED SHAHID ALI', '19/F-PG-43', 1, 54, '2022-05-09 16:27:00', '2022-05-09 16:27:00'),
(4097, 'Sami Ullah', 'Khair Muhammad', '19/F-PG-44', 1, 54, '2022-05-09 16:27:00', '2022-05-09 16:27:00'),
(4098, 'Shahzaib', 'Muhammad Ayaz', '19/F-PG-45', 1, 54, '2022-05-09 16:27:00', '2022-05-09 16:27:00'),
(4099, 'Mumtaz Ali', 'Muhammad Sallah', '19/F-PG-47', 1, 54, '2022-05-09 16:27:00', '2022-05-09 16:27:00'),
(4100, 'Ahmer Shabbir', 'Shabbir Ahmed', '19/F-PG-49', 1, 54, '2022-05-09 16:27:00', '2022-05-09 16:27:00'),
(4101, 'IMRAN ALI', 'NOOR MUHAMMAD', '19/F-PG-52', 1, 54, '2022-05-09 16:27:00', '2022-05-09 16:27:00'),
(4102, 'SAAD AHMED SHAMSI', 'YAQOOB AHMED', '19/F-PG-53', 1, 54, '2022-05-09 16:27:00', '2022-05-09 16:27:00'),
(4103, 'Muhammad Umer Siddiqui', 'Muhammad Ather Siddiqui', '19/F-PG-54', 1, 54, '2022-05-09 16:27:00', '2022-05-09 16:27:00'),
(4104, 'Ali', 'Muhammad AnwAR', '19/F-PG-55', 1, 54, '2022-05-09 16:27:00', '2022-05-09 16:27:00'),
(4105, 'Bilal Khan Yousufzai', 'Abdul Rehman Khan', '19/F-PG-57', 1, 54, '2022-05-09 16:27:00', '2022-05-09 16:27:00'),
(4106, 'JUNAID ARPIF FARPOOQUI', 'ARPIF HUSSAIN FARPOOQUI', '19/F-PG-58', 1, 54, '2022-05-09 16:27:00', '2022-05-09 16:27:00'),
(4107, 'Nek Muhammad', 'Abdul Samad', '19/F-PG-59', 1, 54, '2022-05-09 16:27:00', '2022-05-09 16:27:00'),
(4108, 'SYED MOHAMMAD MOHSIN', 'SYED AHSAN ALI SHAH', '19/F-PG-60', 1, 54, '2022-05-09 16:27:00', '2022-05-09 16:27:00'),
(4109, 'Waheed Ali', 'Adam Ali', '19/F-PG-61', 1, 54, '2022-05-09 16:27:00', '2022-05-09 16:27:00'),
(4110, 'GhazanfARP Ali', 'Himat Ali', '20/F-19/F-PG-18', 1, 53, '2022-05-09 16:27:00', '2022-05-09 16:27:00'),
(4111, 'Gul Hasnain', 'Abdul Aziz', '20-PG-01', 1, 53, '2022-05-09 16:27:07', '2022-05-09 16:27:07'),
(4112, 'BILAL AHMED', 'ZULFIQARP ALI TABASSUM', '20-PG-02', 1, 53, '2022-05-09 16:27:07', '2022-05-09 16:27:07'),
(4113, 'Amir Khan', 'Fazal Muhammad Afridi', '20-PG-04', 1, 53, '2022-05-09 16:27:07', '2022-05-09 16:27:07'),
(4114, 'Suresh KumARP', 'Manghan Mal', '20-PG-05', 1, 53, '2022-05-09 16:27:07', '2022-05-09 16:27:07'),
(4115, 'DANIYAL AHMED', 'QURBAN ALI', '20-PG-06', 1, 53, '2022-05-09 16:27:07', '2022-05-09 16:27:07'),
(4116, 'SAIF UR REHMAN', 'SABIR ALI', '20-PG-07', 1, 53, '2022-05-09 16:27:07', '2022-05-09 16:27:07'),
(4117, 'FARPooq Ahmed', 'Imtiaz Ahmed', '20-PG-08', 1, 53, '2022-05-09 16:27:07', '2022-05-09 16:27:07'),
(4118, 'DilawARP Hussain', 'GulzARP Hussain', '20-PG-09', 1, 53, '2022-05-09 16:27:07', '2022-05-09 16:27:07'),
(4119, 'Muhammad faizan tahir', 'Hafeez tahir', '20-PG-10', 1, 53, '2022-05-09 16:27:07', '2022-05-09 16:27:07'),
(4120, 'aasARP ahmed', 'ghulam murtaza', '20-PG-11', 1, 53, '2022-05-09 16:27:07', '2022-05-09 16:27:07'),
(4121, 'Aakash', 'Hakim', '20-PG-12', 1, 53, '2022-05-09 16:27:07', '2022-05-09 16:27:07'),
(4122, 'Hassan Mufeez', 'Muhammad Mufeez uddin', '20-PG-13', 1, 53, '2022-05-09 16:27:07', '2022-05-09 16:27:07'),
(4123, 'Muhammad Ahsan Afridi', 'Jamil Ahmed Afridi', '20-PG-15', 1, 53, '2022-05-09 16:27:07', '2022-05-09 16:27:07'),
(4124, 'Abdul Mateen', 'Abdul Hameed', '20-PG-17', 1, 53, '2022-05-09 16:27:07', '2022-05-09 16:27:07'),
(4125, 'MARPYAM AKHTER', 'AKHTER ALI', '20-PG-19', 1, 53, '2022-05-09 16:27:07', '2022-05-09 16:27:07'),
(4126, 'VIJAY KUMARP', 'MADAN LAL', '20-PG-20', 1, 53, '2022-05-09 16:27:07', '2022-05-09 16:27:07'),
(4127, 'MUZAMMIL', 'MUHAMMAD RAFIQ', '20-PG-22', 1, 53, '2022-05-09 16:27:07', '2022-05-09 16:27:07'),
(4128, 'samnoon hayder ansARP masood', 'ansARP mehmood', '20-PG-25', 1, 53, '2022-05-09 16:27:07', '2022-05-09 16:27:07'),
(4129, 'MASOOD HAIDER SHAH', 'SHAFQAT HUSSAIN SHAH', '20-PG-26', 1, 53, '2022-05-09 16:27:07', '2022-05-09 16:27:07'),
(4130, 'Mohsin Khalid', 'khalid Ahmed balah', '20-PG-27', 1, 53, '2022-05-09 16:27:08', '2022-05-09 16:27:08'),
(4131, 'Muhammad Sulaiman', 'Janat GUl', '20-PG-28', 1, 53, '2022-05-09 16:27:08', '2022-05-09 16:27:08'),
(4132, 'Yumna Yameen', 'Muhammad Yamin', '20-PG-43', 1, 53, '2022-05-09 16:27:08', '2022-05-09 16:27:08'),
(4133, 'Huzaifa Ghani', 'Abdul Ghani', '20-PG-47', 1, 53, '2022-05-09 16:27:08', '2022-05-09 16:27:08'),
(4134, 'Muhammad Ahmer', 'Abdul Rauf', '20-PG-48', 1, 53, '2022-05-09 16:27:08', '2022-05-09 16:27:08'),
(4135, 'AWAIS ARPSHAD', 'ALI DINO ALIAS ARPSHAD', '20-PG-49', 1, 53, '2022-05-09 16:27:08', '2022-05-09 16:27:08'),
(4136, 'Ibad Ali', 'Sajjad Hussain', '20-PG-50', 1, 53, '2022-05-09 16:27:08', '2022-05-09 16:27:08'),
(4137, 'Durdana Zehra', 'Ghulam Raza', '21/F-PG-04', 1, 52, '2022-05-09 16:27:15', '2022-05-09 16:27:15'),
(4138, 'taha majid', 'syed majid', '21/F-PG-06', 1, 52, '2022-05-09 16:27:15', '2022-05-09 16:27:15'),
(4139, 'UMAIR MALIK', 'MUHAMMAD SALEEM', '21/F-PG-10', 1, 52, '2022-05-09 16:27:15', '2022-05-09 16:27:15'),
(4140, 'Ali Mujtaba Malkani', 'Ali GohARP Malkani', '21/F-PG-11', 1, 52, '2022-05-09 16:27:15', '2022-05-09 16:27:15'),
(4141, 'Afra Siddiqui', 'Naeem Ahmed Siddiqui', '21/F-PG-12', 1, 52, '2022-05-09 16:27:15', '2022-05-09 16:27:15'),
(4142, 'ABDUL QADIR SOLANGI', 'ABDUL RAZAQUE SOLANGI', '21/F-PG-13', 1, 52, '2022-05-09 16:27:15', '2022-05-09 16:27:15'),
(4143, 'Tahseen ullah', 'Abdul Haq', '21/F-PG-14', 1, 52, '2022-05-09 16:27:15', '2022-05-09 16:27:15'),
(4144, 'MUHAMMAD USMAN', 'ATHARP HUSSAIN SHAH', '21/F-PG-15', 1, 52, '2022-05-09 16:27:15', '2022-05-09 16:27:15'),
(4145, 'ADNAN MUREED', 'MUREED HUSSAIN', '21/F-PG-16', 1, 52, '2022-05-09 16:27:15', '2022-05-09 16:27:15'),
(4146, 'Umer Faisal', 'Shahzada Faisal Obedullah', '21/F-PG-18', 1, 52, '2022-05-09 16:27:15', '2022-05-09 16:27:15'),
(4147, 'Mehtab', 'Hashmat Khan', '21/F-PG-19', 1, 52, '2022-05-09 16:27:15', '2022-05-09 16:27:15'),
(4148, 'Syed Muhammad Azzan Nadeem', 'Syed Nadeem Hussain', '21/F-PG-20', 1, 52, '2022-05-09 16:27:15', '2022-05-09 16:27:15'),
(4149, 'Noman Khan', 'Juma Gul', '21/F-PG-21', 1, 52, '2022-05-09 16:27:15', '2022-05-09 16:27:15'),
(4150, 'MUHAMMAD USERIM', 'MUHAMMAD ARPOUB', '21/F-PG-22', 1, 52, '2022-05-09 16:27:15', '2022-05-09 16:27:15'),
(4151, 'muhammad latif moiz', 'sabir hussain qureshi', '21/F-PG-23', 1, 52, '2022-05-09 16:27:15', '2022-05-09 16:27:15'),
(4152, 'SYED ZAIN UL IBAD ALI ZAIDI', 'SYED IBRAHIM ALI ZAIDI', '21/F-PG-24', 1, 52, '2022-05-09 16:27:15', '2022-05-09 16:27:15'),
(4153, 'Muhammad Hassan Khan', 'Javaid Akhter Khan', '21/F-PG-25', 1, 52, '2022-05-09 16:27:15', '2022-05-09 16:27:15'),
(4154, 'Muhammad Sohail Ahmed', 'Bilal Ahmed', '21/F-PG-26', 1, 52, '2022-05-09 16:27:15', '2022-05-09 16:27:15'),
(4155, 'HAMID ALI', 'HAFEEZ AHMED', '21/F-PG-27', 1, 52, '2022-05-09 16:27:15', '2022-05-09 16:27:15'),
(4156, 'Ukasha Khan', 'Muhammad SafdARP Saleem', '21/F-PG-28', 1, 52, '2022-05-09 16:27:15', '2022-05-09 16:27:15'),
(4157, 'Ali Naeem', 'Muhammad Naeem', '21/F-PG-29', 1, 52, '2022-05-09 16:27:15', '2022-05-09 16:27:15'),
(4158, 'Eibadullah', 'Muhammad Ilyas', '21/F-PG-30', 1, 52, '2022-05-09 16:27:15', '2022-05-09 16:27:15'),
(4159, 'Faizan Ali', 'PARPvez Ali', '21/F-PG-31', 1, 52, '2022-05-09 16:27:15', '2022-05-09 16:27:15'),
(4160, 'ShaheryARP Ali', 'Qamer Din', '21/F-PG-32', 1, 52, '2022-05-09 16:27:15', '2022-05-09 16:27:15'),
(4161, 'Bilal', 'Muhammad Akram', '21/F-PG-33', 1, 52, '2022-05-09 16:27:15', '2022-05-09 16:27:15'),
(4162, 'ABU HURAIRA', 'MUZAFARP IQBAL', '21/F-PG-34', 1, 52, '2022-05-09 16:27:15', '2022-05-09 16:27:15'),
(4163, 'Manahil Fatima', 'Muhammad Jawed Musheer', '21/F-PG-36', 1, 52, '2022-05-09 16:27:15', '2022-05-09 16:27:15'),
(4164, 'Usman Amir', 'Amir Hussain', '21/F-PG-37', 1, 52, '2022-05-09 16:27:15', '2022-05-09 16:27:15'),
(4165, 'MUHAMMAD HUZAIFA KHAN', 'MUHAMMAD AFZAL KHAN', '21/F-PG-38', 1, 52, '2022-05-09 16:27:15', '2022-05-09 16:27:15'),
(4166, 'shah muhammad wajahat hussain', 'muhammad shafqat hussain', '21/F-PG-39', 1, 52, '2022-05-09 16:27:15', '2022-05-09 16:27:15'),
(4167, 'Zamin Ali', 'Ali Ahmed', '21/F-PG-40', 1, 52, '2022-05-09 16:27:15', '2022-05-09 16:27:15'),
(4168, 'Abdullah Akif', 'Akif Hussain', '19/F-19-MM-7', 1, 50, '2022-05-09 16:27:25', '2022-05-09 16:27:25'),
(4169, 'Wajahat AnsARP', 'AnsARP Shah', '19-MM-02', 1, 51, '2022-05-09 16:27:25', '2022-05-09 16:27:25'),
(4170, 'Ameer Hamza Siddiqui', 'Abdus Sami Siddiqui', '19-MM-08', 1, 51, '2022-05-09 16:27:25', '2022-05-09 16:27:25'),
(4171, 'SYED MUHAMMAD ALI', 'SYED ASHRAF ALI', '19-MM-10', 1, 51, '2022-05-09 16:27:25', '2022-05-09 16:27:25'),
(4172, 'ABDUL MOIZ', 'ABID SAEED', '19-MM-19', 1, 51, '2022-05-09 16:27:25', '2022-05-09 16:27:25'),
(4173, 'Abdullah', 'Imdad Ali Bhutto', '19-MM-21', 1, 51, '2022-05-09 16:27:25', '2022-05-09 16:27:25'),
(4174, 'KOMAL SOLANGI', 'ALLAH OBAHIYO SOLANGI', '19-MM-22', 1, 51, '2022-05-09 16:27:25', '2022-05-09 16:27:25'),
(4175, 'S.M.BAQARP ABBAS ZAIDI', 'S.M.AHSAN IQBAL ZAIDI', '19-MM-23', 1, 51, '2022-05-09 16:27:25', '2022-05-09 16:27:25'),
(4176, 'Muhammad TARPiq', 'Manzoor Hussain', '19-MM-26', 1, 51, '2022-05-09 16:27:25', '2022-05-09 16:27:25'),
(4177, 'Amjad Ali', 'Mushtaque Ali', '19-MM-30', 1, 51, '2022-05-09 16:27:25', '2022-05-09 16:27:25'),
(4178, 'MUHAMMAD MUJEEB QURESHI', 'MUHAMMAD HAMEED QURESHI', '19-MM-31', 1, 51, '2022-05-09 16:27:25', '2022-05-09 16:27:25'),
(4179, 'Anas Hassan', 'Muhammad Younis', '19-MM-32', 1, 51, '2022-05-09 16:27:25', '2022-05-09 16:27:25'),
(4180, 'Muhammad ARPif', 'Mushtaq Ahmed', '19-MM-34', 1, 51, '2022-05-09 16:27:25', '2022-05-09 16:27:25'),
(4181, 'Ayesha Ali', 'Rahat Ali', '19-MM-38', 1, 51, '2022-05-09 16:27:25', '2022-05-09 16:27:25'),
(4182, 'SYED MUDDASSIR RAZA', 'SYED SOULAT RAZA', '19-MM-39', 1, 51, '2022-05-09 16:27:25', '2022-05-09 16:27:25'),
(4183, 'MUHAMMAD HASSAN', 'GHULAM MUSTAFA', '19-MM-41', 1, 51, '2022-05-09 16:27:25', '2022-05-09 16:27:25'),
(4184, 'Hasnain', 'Ghulam hassan', '19-MM-42', 1, 51, '2022-05-09 16:27:25', '2022-05-09 16:27:25'),
(4185, 'Madan Mohan', 'Ashok', '19-MM-43', 1, 51, '2022-05-09 16:27:25', '2022-05-09 16:27:25'),
(4186, 'Abdul wahid', 'Abdul Khalique', '19-MM-44', 1, 51, '2022-05-09 16:27:25', '2022-05-09 16:27:25'),
(4187, 'Zaib Ali', 'Abdul Ghafoor Rajput', '19-MM-45', 1, 51, '2022-05-09 16:27:25', '2022-05-09 16:27:25'),
(4188, 'UNAIN ANJUM', 'NAVEED ANJUM', '19-MM-46', 1, 51, '2022-05-09 16:27:25', '2022-05-09 16:27:25'),
(4189, 'Syed Muhammad Hamza IftikhARP', 'IftikhARP Hussain', '19-MM-47', 1, 51, '2022-05-09 16:27:25', '2022-05-09 16:27:25'),
(4190, 'Salman Khan', 'Muhammad Khamisso', '19-MM-48', 1, 51, '2022-05-09 16:27:25', '2022-05-09 16:27:25'),
(4191, 'Rashid Hussain', 'Shafa Ali', '19-MM-49', 1, 51, '2022-05-09 16:27:25', '2022-05-09 16:27:25'),
(4192, 'ABDUL BASIT', 'ABDUL KHALIQUE', '19-MM-50', 1, 51, '2022-05-09 16:27:25', '2022-05-09 16:27:25'),
(4193, 'Naveed Hyder', 'Ghulam Hyder', '19-MM-51', 1, 51, '2022-05-09 16:27:25', '2022-05-09 16:27:25'),
(4194, 'Syed Muhammad Hussain Abidi', 'Syed Muhammad Abbas Abidi', '19-MM-52', 1, 51, '2022-05-09 16:27:25', '2022-05-09 16:27:25'),
(4195, 'Asad Ullah', 'Badshah Waheed', '19-MM-53', 1, 51, '2022-05-09 16:27:25', '2022-05-09 16:27:25'),
(4196, 'Abul khair', 'Abdul Samad', '19-MM-54', 1, 51, '2022-05-09 16:27:25', '2022-05-09 16:27:25'),
(4197, 'Muhammad Anas', 'AnwARP Ali', '19-MM-55', 1, 51, '2022-05-09 16:27:25', '2022-05-09 16:27:25'),
(4198, 'ANUS', 'Abdul Rehman', '19-MM-56', 1, 51, '2022-05-09 16:27:25', '2022-05-09 16:27:25'),
(4199, 'Zeesham Ali', 'DilawARP Khan', '19-MM-57', 1, 51, '2022-05-09 16:27:25', '2022-05-09 16:27:25'),
(4200, 'sARPfARPaz', 'ghulam sARPwARP nARPejo', '19/F-MM-05', 1, 50, '2022-05-09 16:27:33', '2022-05-09 16:27:33'),
(4201, 'ALI KHAN', 'MUMTAZ KHAN', '19/F-MM-09', 1, 50, '2022-05-09 16:27:33', '2022-05-09 16:27:33'),
(4202, 'IBRAHIM RAHIM', 'RAHIM BAKHSH', '19/F-MM-10', 1, 50, '2022-05-09 16:27:33', '2022-05-09 16:27:33'),
(4203, 'HAIDER ALI KHAN', 'HABIBULLAH KHAN', '19/F-MM-14', 1, 50, '2022-05-09 16:27:33', '2022-05-09 16:27:33'),
(4204, 'Rafay TARPiq Khan', 'Muhammad TARPiq Khan', '19/F-MM-17', 1, 50, '2022-05-09 16:27:33', '2022-05-09 16:27:33'),
(4205, 'USMAN AHMED', 'SAJAD AHMED', '19/F-MM-19', 1, 50, '2022-05-09 16:27:33', '2022-05-09 16:27:33'),
(4206, 'ASADULLAH NAVEED', 'NAVEED ALAM DURRANI', '19/F-MM-27', 1, 50, '2022-05-09 16:27:33', '2022-05-09 16:27:33'),
(4207, 'Shahzaib', 'ARPbab Khan', '19/F-MM-28', 1, 50, '2022-05-09 16:27:33', '2022-05-09 16:27:33'),
(4208, 'Abdur Rehman ZafARP', 'Syed ZafARP Ahmed', '19/F-MM-29', 1, 50, '2022-05-09 16:27:33', '2022-05-09 16:27:33'),
(4209, 'FALAK ABBAS', 'MALIK MAZHARP ABBAS', '19/F-MM-30', 1, 50, '2022-05-09 16:27:33', '2022-05-09 16:27:33'),
(4210, 'Hammad Ahmed', 'Ahmed Rauf', '19/F-MM-31', 1, 50, '2022-05-09 16:27:33', '2022-05-09 16:27:33'),
(4211, 'MUHAMMAD AHMED', 'TARPIQ AZIZ', '19/F-MM-32', 1, 50, '2022-05-09 16:27:33', '2022-05-09 16:27:33'),
(4212, 'Sheikh Muhammad Abbas', 'Muhammad Imran', '19/F-MM-33', 1, 50, '2022-05-09 16:27:33', '2022-05-09 16:27:33'),
(4213, 'Yasir Ali', 'Muhammad Yousif', '19/F-MM-34', 1, 50, '2022-05-09 16:27:33', '2022-05-09 16:27:33'),
(4214, 'Muhammad Mubashir', 'Aijaz Ahmed', '19/F-MM-35', 1, 50, '2022-05-09 16:27:33', '2022-05-09 16:27:33'),
(4215, 'Muhammad Rajul QamARP', 'Rao QamARP ul Islam', '19/F-MM-37', 1, 50, '2022-05-09 16:27:33', '2022-05-09 16:27:33'),
(4216, 'Syed Mustafa Madni', 'Syed Siraj-Ud-Din', '19/F-MM-38', 1, 50, '2022-05-09 16:27:33', '2022-05-09 16:27:33'),
(4217, 'Abdullah Aijaz', 'Aijaz Ahmed', '19/F-MM-39', 1, 50, '2022-05-09 16:27:33', '2022-05-09 16:27:33'),
(4218, 'HUZOOR BUX', 'WALI MOHAMMAD', '19/F-MM-40', 1, 50, '2022-05-09 16:27:33', '2022-05-09 16:27:33'),
(4219, 'ZAQIB ISHAQUE', 'MUHAMMAD ISHAQUE', '19/F-MM-41', 1, 50, '2022-05-09 16:27:33', '2022-05-09 16:27:33'),
(4220, 'Muhammad Annus', 'Zameer Ahmed Khan', '19/F-MM-42', 1, 50, '2022-05-09 16:27:33', '2022-05-09 16:27:33'),
(4221, 'Muhammad Sherz Sadiq', 'Saeed Sadiq', '19/F-MM-44', 1, 50, '2022-05-09 16:27:33', '2022-05-09 16:27:33'),
(4222, 'GHULAM MURTAZA', 'ILLAHI BUX', '19/F-MM-45', 1, 50, '2022-05-09 16:27:33', '2022-05-09 16:27:33'),
(4223, 'MAIMOONA AMJAD', 'MUHAMMAD AMJAD BASHIR SHEIKH', '19/F-MM-46', 1, 50, '2022-05-09 16:27:33', '2022-05-09 16:27:33'),
(4224, 'Afaque Ahmed', 'Muhammad Ramzan', '19/F-MM-47', 1, 50, '2022-05-09 16:27:33', '2022-05-09 16:27:33'),
(4225, 'Ubaidullah khan', 'zARPdad khan', '19/F-MM-48', 1, 50, '2022-05-09 16:27:33', '2022-05-09 16:27:33'),
(4226, 'Sualeha Fahim', 'Moahammad Fahim Khan', '19/F-MM-49', 1, 50, '2022-05-09 16:27:33', '2022-05-09 16:27:33'),
(4227, 'Saeed Ahmed Bhutto', 'Muhammad AnwARP Bhutto', '19/F-MM-50', 1, 50, '2022-05-09 16:27:33', '2022-05-09 16:27:33'),
(4228, 'Abdul Moiz AnsARPi', 'Mushtaq Ahmed AnsARPi', '19/F-MM-51', 1, 50, '2022-05-09 16:27:33', '2022-05-09 16:27:33'),
(4229, 'HIFZA TUFAIL', 'TUFAIL AHMED', '19/F-MM-52', 1, 50, '2022-05-09 16:27:33', '2022-05-09 16:27:33'),
(4230, 'Yamna faisal', 'Faisal rasheed', '19/F-MM-53', 1, 50, '2022-05-09 16:27:33', '2022-05-09 16:27:33'),
(4231, 'Khizra rehman', 'Atiq ur rehman khan', '19/F-MM-54', 1, 50, '2022-05-09 16:27:33', '2022-05-09 16:27:33'),
(4232, 'SYED MUHAMMAD HUMZA', 'SYED MUHAMMAD ALI', '19/F-MM-55', 1, 50, '2022-05-09 16:27:33', '2022-05-09 16:27:33'),
(4233, 'RAJAB ALI', 'GHULAM MUHAMMAD', '19/F-MM-56', 1, 50, '2022-05-09 16:27:33', '2022-05-09 16:27:33'),
(4234, 'AYESHA RIAZ', 'MUHAMMAD RIAZ', '19/F-MM-57', 1, 50, '2022-05-09 16:27:33', '2022-05-09 16:27:33'),
(4235, 'Muhammad Huzaifa Azam', 'Muhammad Azam', '19/F-MM-58', 1, 50, '2022-05-09 16:27:33', '2022-05-09 16:27:33'),
(4236, 'Asad Hussain', 'Altaf Hussain', '19/F-MM-59', 1, 50, '2022-05-09 16:27:33', '2022-05-09 16:27:33'),
(4237, 'Ghulam Mehdi', 'Muhammad Ashraf', '20-MM-10', 1, 49, '2022-05-09 16:27:40', '2022-05-09 16:27:40'),
(4238, 'MUHAMMAD HAMZA', 'ALI ZAMAN', '20-MM-15', 1, 49, '2022-05-09 16:27:40', '2022-05-09 16:27:40'),
(4239, 'M.FARPooq Afridi', 'YARP Alam Khan', '20-MM-16', 1, 49, '2022-05-09 16:27:40', '2022-05-09 16:27:40'),
(4240, 'Amir', 'Ameer Bux CHEandio', '20-MM-19', 1, 49, '2022-05-09 16:27:40', '2022-05-09 16:27:40'),
(4241, 'MUHAMMAD RAZA', 'SHAFIQ REHMAN', '20-MM-23', 1, 49, '2022-05-09 16:27:40', '2022-05-09 16:27:40'),
(4242, 'Nayab Fatima', 'Sajad Hussain', '20-MM-24', 1, 49, '2022-05-09 16:27:40', '2022-05-09 16:27:40'),
(4243, 'Ayesha Akram', 'Abdul Akram', '20-MM-25', 1, 49, '2022-05-09 16:27:40', '2022-05-09 16:27:40'),
(4244, 'Rahima Haneen', 'Nadeem Ahmed', '20-MM-33', 1, 49, '2022-05-09 16:27:40', '2022-05-09 16:27:40'),
(4245, 'UBAID ULLAH RAFIQUE', 'MUHAMMAD RAFIQUE ALAM', '20-MM-45', 1, 49, '2022-05-09 16:27:40', '2022-05-09 16:27:40'),
(4246, 'RAO MAAZ NASIR', 'NASIR ALI', '20-MM-47', 1, 49, '2022-05-09 16:27:40', '2022-05-09 16:27:40'),
(4247, 'Ali Hamza', 'AzhARP Javed', '20-MM-48', 1, 49, '2022-05-09 16:27:40', '2022-05-09 16:27:40'),
(4248, 'Waqas Nazeer', 'Muhammad Nazeer Khan', '20-MM-50', 1, 49, '2022-05-09 16:27:40', '2022-05-09 16:27:40'),
(4249, 'MARPYAM', 'TANVEER ALI', '20-MM-54', 1, 49, '2022-05-09 16:27:40', '2022-05-09 16:27:40'),
(4250, 'Sayed Ghayoor Abbas Shah', 'Sayed Ameer Hussain Shah', '20-MM-55', 1, 49, '2022-05-09 16:27:40', '2022-05-09 16:27:40'),
(4251, 'Shahzain Ali', 'DeedARP Ali', '20-MM-58', 1, 49, '2022-05-09 16:27:40', '2022-05-09 16:27:40'),
(4252, 'Ali Abbas', 'Abdul Hameed', '20-MM-59', 1, 49, '2022-05-09 16:27:40', '2022-05-09 16:27:40'),
(4253, 'QADEER ALI', 'ALI SHER', '20-MM-62', 1, 49, '2022-05-09 16:27:40', '2022-05-09 16:27:40'),
(4254, 'UMAIR UMARP', 'UMARP HAYAT', '21/F-MM-01', 1, 48, '2022-05-09 16:27:46', '2022-05-09 16:27:46'),
(4255, 'SYEDA MARPYAM ALI', 'SYED MUHAMMAD ALI', '21/F-MM-02', 1, 48, '2022-05-09 16:27:46', '2022-05-09 16:27:46'),
(4256, 'Ali Mehdi', 'Aashique Hussain', '21/F-MM-04', 1, 48, '2022-05-09 16:27:46', '2022-05-09 16:27:46'),
(4257, 'KULSOOM NABIA', 'MUHAMMAD MUJAHID', '21/F-MM-07', 1, 48, '2022-05-09 16:27:46', '2022-05-09 16:27:46'),
(4258, 'Muhammad FARPaz', 'Muhammad Yasin', '21/F-MM-11', 1, 48, '2022-05-09 16:27:46', '2022-05-09 16:27:46'),
(4259, 'ABDUL REHMAN KHAN', 'MUHAMMAD QASIM KHAN', '21/F-MM-16', 1, 48, '2022-05-09 16:27:46', '2022-05-09 16:27:46'),
(4260, 'ISRARP KHAN', 'MUHAMMAD ASGHARP KHAN', '21/F-MM-20', 1, 48, '2022-05-09 16:27:46', '2022-05-09 16:27:46'),
(4261, 'Syed Uzair Ahmed', 'Syed Ghulam Haider', '21/F-MM-25', 1, 48, '2022-05-09 16:27:46', '2022-05-09 16:27:46'),
(4262, 'MUHAMMAD UBAID', 'MUHAMMAD MUJAHID', '21/F-MM-26', 1, 48, '2022-05-09 16:27:46', '2022-05-09 16:27:46'),
(4263, 'Amber Masood', 'Masood Alam', '21/F-MM-27', 1, 48, '2022-05-09 16:27:46', '2022-05-09 16:27:46'),
(4264, 'MUHAMMAD ALI SHAIKH', 'SHAIKH NADEEM', '21/F-MM-28', 1, 48, '2022-05-09 16:27:46', '2022-05-09 16:27:46'),
(4265, 'MUHAMMAD AMMARP IQBAL', 'SHAHID IQBAL', '21/F-MM-29', 1, 48, '2022-05-09 16:27:46', '2022-05-09 16:27:46'),
(4266, 'SYED MUHAMMAD NAJAM ABBAS', 'SYED HASSAN ABBAS', '21/F-MM-31', 1, 48, '2022-05-09 16:27:46', '2022-05-09 16:27:46'),
(4267, 'ABEER BIN AZAM', 'MUHAMMAD AZAM NAQVI', '21/F-MM-32', 1, 48, '2022-05-09 16:27:46', '2022-05-09 16:27:46'),
(4268, 'MUHAMMAD MUZAMMIL', 'NADEEM AKHTER', '21/F-MM-34', 1, 48, '2022-05-09 16:27:46', '2022-05-09 16:27:46'),
(4269, 'OM PIRKASH', 'BHAWANI SHANKER', '21/F-MM-37', 1, 48, '2022-05-09 16:27:46', '2022-05-09 16:27:46'),
(4270, 'Nayab fatima', 'IntizARP nabi', '21/F-MM-38', 1, 48, '2022-05-09 16:27:46', '2022-05-09 16:27:46'),
(4271, 'GULSHER', 'ABID HUSSAIN', '21/F-MM-39', 1, 48, '2022-05-09 16:27:46', '2022-05-09 16:27:46'),
(4272, 'Salman Ali', 'Mehmood Ali', '21/F-MM-40', 1, 48, '2022-05-09 16:27:46', '2022-05-09 16:27:46'),
(4273, 'FARPhan Yaseen', 'Muhammad Yaseen', '21/F-MM-41', 1, 48, '2022-05-09 16:27:47', '2022-05-09 16:27:47'),
(4274, 'HAMZA KHAN', 'SAHIB KHAN', '21/F-MM-42', 1, 48, '2022-05-09 16:27:47', '2022-05-09 16:27:47'),
(4275, 'Mirza Hamza Ali Baig', 'Aijaz Baig', '21/F-MM-43', 1, 48, '2022-05-09 16:27:47', '2022-05-09 16:27:47'),
(4276, 'Muhammad Umer', 'Himayat Ali', '21/F-MM-44', 1, 48, '2022-05-09 16:27:47', '2022-05-09 16:27:47'),
(4277, 'Muhammad Maaz Hussain', 'Aijaz Hussain', '21/F-MM-45', 1, 48, '2022-05-09 16:27:47', '2022-05-09 16:27:47'),
(4278, 'Ghazi', 'Muhammad Ashraf', '21/F-MM-46', 1, 48, '2022-05-09 16:27:47', '2022-05-09 16:27:47'),
(4279, 'AHMED IBRAHIM', 'FAZAL MEHMOOD KHAN NIZAMI', '21/F-MM-47', 1, 48, '2022-05-09 16:27:47', '2022-05-09 16:27:47'),
(4280, 'Mahnoor Fatima', 'Sher Ahmed', '21/F-MM-48', 1, 48, '2022-05-09 16:27:47', '2022-05-09 16:27:47'),
(4281, 'SYEDA RUMAISA AZFARP', 'SYED AZFARP IQBAL', '21/F-BSM-01', 1, 59, '2022-05-09 16:28:15', '2022-05-09 16:28:15'),
(4282, 'RAINA', 'NASIR HUSSAIN', '21/F-BSM-04', 1, 59, '2022-05-09 16:28:15', '2022-05-09 16:28:15'),
(4283, 'Esha WARPsi', 'Abdullah WARPsi', '21/F-BSM-05', 1, 59, '2022-05-09 16:28:15', '2022-05-09 16:28:15'),
(4284, 'Sumran', 'ARPman Qaiser', '21/F-BSM-06', 1, 59, '2022-05-09 16:28:15', '2022-05-09 16:28:15'),
(4285, 'SARPWAT KHAN', 'SABIT KHAN', '21/F-BSM-10', 1, 59, '2022-05-09 16:28:15', '2022-05-09 16:28:15'),
(4286, 'OKASHA TARPIQ', 'TARPIQ MEHMOOD', '21/F-BSM-11', 1, 59, '2022-05-09 16:28:15', '2022-05-09 16:28:15'),
(4287, 'DUA ZEHRA', 'WAQARP ASKARPI', '21/F-BSM-12', 1, 59, '2022-05-09 16:28:15', '2022-05-09 16:28:15'),
(4288, 'VARPISHA', 'ZULFIQARP ALI', '21/F-BSM-13', 1, 59, '2022-05-09 16:28:15', '2022-05-09 16:28:15'),
(4289, 'SYEDA NASHRA FATIMA', 'SYED SHAKEEL AHMED', '21/F-BSM-14', 1, 59, '2022-05-09 16:28:15', '2022-05-09 16:28:15'),
(4290, 'Ume roman', 'khalid hussain', '21/F-BSM-15', 1, 59, '2022-05-09 16:28:15', '2022-05-09 16:28:15'),
(4291, 'Muhammad Owais', 'IftikhARP Hussain', '21/F-BSM-16', 1, 59, '2022-05-09 16:28:15', '2022-05-09 16:28:15'),
(4292, 'Muhammad Jawad sajid', 'Muhammad sajid hussain', '21/F-BSM-17', 1, 59, '2022-05-09 16:28:15', '2022-05-09 16:28:15'),
(4293, 'Malik Umer Ashfaq', 'Malik ashfaq', '21/F-BSM-18', 1, 59, '2022-05-09 16:28:15', '2022-05-09 16:28:15'),
(4294, 'AMNA MUSTAFA', 'MUSTAFA TARPIQ', '21/F-BSM-19', 1, 59, '2022-05-09 16:28:15', '2022-05-09 16:28:15'),
(4295, 'IRSA', 'GHULAM MUSTAFA', '21/F-BSM-21', 1, 59, '2022-05-09 16:28:15', '2022-05-09 16:28:15'),
(4296, 'SHAFAQUE NAZ', 'FAYYAZ AHMED', '21/F-BSM-22', 1, 59, '2022-05-09 16:28:15', '2022-05-09 16:28:15'),
(4297, 'Ameer Hamza', 'Muhammad Iqbal', '21/F-BSM-24', 1, 59, '2022-05-09 16:28:15', '2022-05-09 16:28:15'),
(4298, 'Faiza Bibi', 'Pervaiz Akhter', '21/F-BSM-25', 1, 59, '2022-05-09 16:28:15', '2022-05-09 16:28:15'),
(4299, 'MUHAMMAD MAIRAJ UDDIN', 'IKRAM UDDIN', '21/F-BSM-26', 1, 59, '2022-05-09 16:28:15', '2022-05-09 16:28:15'),
(4300, 'ARPshad hussain', 'Bahadur', '21/F-BSM-27', 1, 59, '2022-05-09 16:28:15', '2022-05-09 16:28:15'),
(4301, 'ZAINAB SHERAZ KHAN', 'MUHAMMAD SHERAZ KHAN', '21/F-BSM-28', 1, 59, '2022-05-09 16:28:15', '2022-05-09 16:28:15'),
(4302, 'TASLEEM ALI', 'LOUNG CHEANNA', '21/F-BSM-29', 1, 59, '2022-05-09 16:28:15', '2022-05-09 16:28:15'),
(4303, 'BUSHRA', 'FAYAZ AHMED', '21/F-BSM-30', 1, 59, '2022-05-09 16:28:15', '2022-05-09 16:28:15'),
(4304, 'Usama Nazir', 'Nazir Ishaq', '21/F-BSM-31', 1, 59, '2022-05-09 16:28:15', '2022-05-09 16:28:15'),
(4305, 'Muhammad ARPsalan', 'NisARP Ahmed', '21/F-BSM-33', 1, 59, '2022-05-09 16:28:15', '2022-05-09 16:28:15'),
(4306, 'UMAIMA PARPEEHAN', 'WAQARP AHMED', '21/F-BSM-35', 1, 59, '2022-05-09 16:28:15', '2022-05-09 16:28:15'),
(4307, 'AYESHA', 'SHAHID UDDIN', '21/F-BSM-36', 1, 59, '2022-05-09 16:28:15', '2022-05-09 16:28:15'),
(4308, 'Afza Masroor Syed', 'Masroor Zia Ahmed Shah', '21/F-BSM-37', 1, 59, '2022-05-09 16:28:15', '2022-05-09 16:28:15'),
(4309, 'MUHAMMAD SALMAN KHAN', 'MUHAMMAD KASHIF KHAN', '21/F-BSM-38', 1, 59, '2022-05-09 16:28:15', '2022-05-09 16:28:15'),
(4310, 'Ghulam FARPeed', 'Azizullah', '21/F-BSM-39', 1, 59, '2022-05-09 16:28:15', '2022-05-09 16:28:15'),
(4311, 'Madiha Maqsood', 'Maqsood Ahmed', '21/F-BSM-40', 1, 59, '2022-05-09 16:28:15', '2022-05-09 16:28:15'),
(4312, 'abdul qadir saudagARP', 'faisal saudagARP', '21/F-BSM-42', 1, 59, '2022-05-09 16:28:15', '2022-05-09 16:28:15'),
(4313, 'ZAIN-UL-ABDIN', 'MUHAMMAD ASHRAF', '19-IN-03', 1, 47, '2022-05-09 16:28:27', '2022-05-09 16:28:27'),
(4314, 'Esha Ubaid', 'Ubaid Ur Rehman', '19-IN-06', 1, 47, '2022-05-09 16:28:27', '2022-05-09 16:28:27'),
(4315, 'Syed Shahbaz Hussain', 'ManzARP Hussain', '19-IN-07', 1, 47, '2022-05-09 16:28:27', '2022-05-09 16:28:27'),
(4316, 'SAQIB NAEEM AWAN', 'MUHAMMAD NAEEM', '19-IN-08', 1, 47, '2022-05-09 16:28:27', '2022-05-09 16:28:27'),
(4317, 'Bissam Ali', 'TARPique Aslam', '19-IN-09', 1, 47, '2022-05-09 16:28:27', '2022-05-09 16:28:27'),
(4318, 'HARPis', 'SARPfARPaz Khan', '19-IN-12', 1, 47, '2022-05-09 16:28:27', '2022-05-09 16:28:27'),
(4319, 'Muhammad Talha Khan', 'Afzal Ayyub', '19-IN-13', 1, 47, '2022-05-09 16:28:27', '2022-05-09 16:28:27'),
(4320, 'Abdul Haseeb', 'Muhammad Aslam', '19-IN-14', 1, 47, '2022-05-09 16:28:27', '2022-05-09 16:28:27'),
(4321, 'osama shah', 'shahid shah', '19-IN-15', 1, 47, '2022-05-09 16:28:27', '2022-05-09 16:28:27'),
(4322, 'Syed Waqqi Ali', 'Syed Muhammad Ali', '19-IN-17', 1, 47, '2022-05-09 16:28:27', '2022-05-09 16:28:27'),
(4323, 'Maaz ARPif', 'ARPif ZARPeen', '19-IN-18', 1, 47, '2022-05-09 16:28:27', '2022-05-09 16:28:27'),
(4324, 'Mahrukh Siraj', 'Siraj Ud din', '19-IN-20', 1, 47, '2022-05-09 16:28:27', '2022-05-09 16:28:27'),
(4325, 'RAAEF', 'MUHAMMAD AAMIR', '19-IN-21', 1, 47, '2022-05-09 16:28:27', '2022-05-09 16:28:27'),
(4326, 'Syed Muhammad Shayan Ali', 'Syed Saghir Hussain', '19-IN-25', 1, 47, '2022-05-09 16:28:27', '2022-05-09 16:28:27'),
(4327, 'Wasif Noor', 'Naeem Ahmed', '19-IN-26', 1, 47, '2022-05-09 16:28:27', '2022-05-09 16:28:27'),
(4328, 'YASEEN HAIDER', 'AGHA ALI ANWER', '19-IN-27', 1, 47, '2022-05-09 16:28:27', '2022-05-09 16:28:27'),
(4329, 'AHMED FARPAZ', 'ARPSHAD MUHAMMAD', '19-IN-28', 1, 47, '2022-05-09 16:28:27', '2022-05-09 16:28:27'),
(4330, 'Abdul Saboor Siddiqui', 'Muhammad Safder Siddiqui', '19-IN-30', 1, 47, '2022-05-09 16:28:27', '2022-05-09 16:28:27'),
(4331, 'Musab Ilyas', 'Muhammad Ilyas', '19-IN-31', 1, 47, '2022-05-09 16:28:27', '2022-05-09 16:28:27'),
(4332, 'NOOR MUHAMMAD', 'TARPIQ SALEEM', '19-IN-32', 1, 47, '2022-05-09 16:28:27', '2022-05-09 16:28:27'),
(4333, 'Shah Sawood Shaikh', 'Muhammad Saleem Uddin', '19-IN-33', 1, 47, '2022-05-09 16:28:27', '2022-05-09 16:28:27'),
(4334, 'Abdul Wadood', 'Abdul Khanan', '19-IN-34', 1, 47, '2022-05-09 16:28:27', '2022-05-09 16:28:27'),
(4335, 'Abdul Rasheed', 'Muhammad Ameen', '19-IN-35', 1, 47, '2022-05-09 16:28:27', '2022-05-09 16:28:27'),
(4336, 'Abdul Basit Ali', 'abdul baqi', '19-IN-37', 1, 47, '2022-05-09 16:28:27', '2022-05-09 16:28:27'),
(4337, 'Muhammad Adnan', 'Ali AsghARP', '19-IN-38', 1, 47, '2022-05-09 16:28:27', '2022-05-09 16:28:27'),
(4338, 'Muhammad Umair', 'Muhammad Shamim AkhtARP', '19-IN-39', 2, 47, '2022-05-09 16:28:27', '2022-05-09 16:28:27'),
(4339, 'Abdullah Asif', 'Muhammad Asif Majeed Rind', '19-IN-40', 2, 47, '2022-05-09 16:28:27', '2022-05-09 16:28:27'),
(4340, 'UMER AZIZ', 'ABDUL AZIZ', '19-IN-41', 2, 47, '2022-05-09 16:28:27', '2022-05-09 16:28:27'),
(4341, 'NAEEM AHMED', 'NAZEER MUHAMMAD', '19-IN-42', 2, 47, '2022-05-09 16:28:27', '2022-05-09 16:28:27'),
(4342, 'Zeeshan Haider Samtio', 'Dur Muhammad Samtio', '19-IN-44', 2, 47, '2022-05-09 16:28:27', '2022-05-09 16:28:27'),
(4343, 'MUHAMMAD SAIFULLAH KHAN', 'MUHAMMAD ARPSHAD', '19-IN-46', 2, 47, '2022-05-09 16:28:27', '2022-05-09 16:28:27'),
(4344, 'Mehtab Ahmed', 'Fida Ali', '19-IN-47', 2, 47, '2022-05-09 16:28:27', '2022-05-09 16:28:27');
INSERT INTO `duet_students` (`id`, `first_name`, `last_name`, `roll_no`, `section`, `batch_id`, `created_at`, `updated_at`) VALUES
(4345, 'MUHAMMAD TALHA', 'MUHAMMAD ISHAQUE', '19-IN-48', 2, 47, '2022-05-09 16:28:27', '2022-05-09 16:28:27'),
(4346, 'Prem CHEand', 'BehARPi Lal', '19-IN-49', 2, 47, '2022-05-09 16:28:27', '2022-05-09 16:28:27'),
(4347, 'Siddique Gul', 'Gul Muhammad', '19-IN-52', 2, 47, '2022-05-09 16:28:27', '2022-05-09 16:28:27'),
(4348, 'ARPqum Qureshi', 'Nadeem Mashooq Qureshi', '19-IN-53', 2, 47, '2022-05-09 16:28:27', '2022-05-09 16:28:27'),
(4349, 'ASIF ALI', 'RAMZAN WASSAN', '19-IN-54', 2, 47, '2022-05-09 16:28:27', '2022-05-09 16:28:27'),
(4350, 'AMJAD ALI', 'IMTIAZ ALI', '19-IN-55', 2, 47, '2022-05-09 16:28:27', '2022-05-09 16:28:27'),
(4351, 'Asif javed', 'khalid javed', '19-IN-57', 2, 47, '2022-05-09 16:28:27', '2022-05-09 16:28:27'),
(4352, 'MUQADES AHMED', 'AHMED KHAN', '19-IN-58', 2, 47, '2022-05-09 16:28:27', '2022-05-09 16:28:27'),
(4353, 'SARPfARPaz Hussain', 'Riaz Hussain', '19-IN-59', 2, 47, '2022-05-09 16:28:27', '2022-05-09 16:28:27'),
(4354, 'Anas Iqbal', 'Syed Zeeshan Iqbal Rizvi', '19-IN-60', 2, 47, '2022-05-09 16:28:27', '2022-05-09 16:28:27'),
(4355, 'Muhammad Sohaib AnsARPi', 'Nizamuddin', '19-IN-61', 2, 47, '2022-05-09 16:28:27', '2022-05-09 16:28:27'),
(4356, 'Ayaz Ahmed', 'Bazeed Khan', '19-IN-62', 2, 47, '2022-05-09 16:28:27', '2022-05-09 16:28:27'),
(4357, 'FARPhan Mustafa', 'Ghulam Mustafa', '19-IN-63', 2, 47, '2022-05-09 16:28:27', '2022-05-09 16:28:27'),
(4358, 'FARPaz Ahmed', 'Ziauddin', '19-IN-64', 2, 47, '2022-05-09 16:28:27', '2022-05-09 16:28:27'),
(4359, 'MunwARP Ali Shah', 'Syed Nabi Shah', '19-IN-65', 2, 47, '2022-05-09 16:28:27', '2022-05-09 16:28:27'),
(4360, 'Fakhrun Nisa', 'Abdul Hameed', '19-IN-66', 2, 47, '2022-05-09 16:28:27', '2022-05-09 16:28:27'),
(4361, 'Muhammad Bazil Khan', 'Muhammad Shoaib Khan', '19-IN-67', 2, 47, '2022-05-09 16:28:27', '2022-05-09 16:28:27'),
(4362, 'inamullah', 'fazalullah memon', '19-IN-68', 2, 47, '2022-05-09 16:28:27', '2022-05-09 16:28:27'),
(4363, 'HASAN BIN MUBIN', 'MUHAMMAD MUBIN QADIR', '19/F-IN-01', 1, 46, '2022-05-09 16:28:34', '2022-05-09 16:28:34'),
(4364, 'MUHAMMAD MUBEEN JAVAID', 'MUHAMMAD JAVAID SALEEM', '19/F-IN-02', 1, 46, '2022-05-09 16:28:34', '2022-05-09 16:28:34'),
(4365, 'ABDULLAH', 'MUHAMMAD SALEEM AHMED', '19/F-IN-03', 1, 46, '2022-05-09 16:28:34', '2022-05-09 16:28:34'),
(4366, 'SANWAL ALI AKRAM', 'MUHAMMAD AKRAM', '19/F-IN-04', 1, 46, '2022-05-09 16:28:34', '2022-05-09 16:28:34'),
(4367, 'RANIA ASIF', 'ASIF IQBAL', '19/F-IN-06', 1, 46, '2022-05-09 16:28:34', '2022-05-09 16:28:34'),
(4368, 'Laiba Azeem', 'Muhammad Azeem', '19/F-IN-07', 1, 46, '2022-05-09 16:28:34', '2022-05-09 16:28:34'),
(4369, 'MUHAMMAD TALHA', 'SYED RAIS UR REHMAN', '19/F-IN-10', 1, 46, '2022-05-09 16:28:34', '2022-05-09 16:28:34'),
(4370, 'SYED RABEET BIN AZAM', 'MUHAMMAD AZAM NAQVI', '19/F-IN-11', 1, 46, '2022-05-09 16:28:34', '2022-05-09 16:28:34'),
(4371, 'Hamza BabARP', 'BabARP Mirza CHEughtai', '19/F-IN-12', 1, 46, '2022-05-09 16:28:34', '2022-05-09 16:28:34'),
(4372, 'SAIDAN ULLAH', 'ALI BADSHAH', '19/F-IN-14', 1, 46, '2022-05-09 16:28:34', '2022-05-09 16:28:34'),
(4373, 'MUHAMMAD BILAL', 'ABDUL MAJEED', '19/F-IN-15', 1, 46, '2022-05-09 16:28:34', '2022-05-09 16:28:34'),
(4374, 'ANSUB CHEUGHTAI', 'SOHAIL ANWARP', '19/F-IN-16', 1, 46, '2022-05-09 16:28:34', '2022-05-09 16:28:34'),
(4375, 'MUDASSIR AKHTER FARPIDY', 'TANWEER AKHTER FARPIDY', '19/F-IN-17', 1, 46, '2022-05-09 16:28:34', '2022-05-09 16:28:34'),
(4376, 'Muhammad Maaz', 'Iqbal Ahmed', '19/F-IN-23', 1, 46, '2022-05-09 16:28:34', '2022-05-09 16:28:34'),
(4377, 'ATTA ULLAH KHAN', 'UMARP SHER', '19/F-IN-26', 1, 46, '2022-05-09 16:28:34', '2022-05-09 16:28:34'),
(4378, 'Saad ZafARP Gill', 'ZafARP Iqbal Gill', '19/F-IN-28', 1, 46, '2022-05-09 16:28:34', '2022-05-09 16:28:34'),
(4379, 'MAHFOOZ ELAHI', 'INAYATULLAH', '19/F-IN-29', 1, 46, '2022-05-09 16:28:34', '2022-05-09 16:28:34'),
(4380, 'Zeeshan Ahmed', 'Bahadur Khan', '19/F-IN-30', 1, 46, '2022-05-09 16:28:34', '2022-05-09 16:28:34'),
(4381, 'Danish Ahmed', 'Muhammad Ilyas', '19/F-IN-31', 1, 46, '2022-05-09 16:28:34', '2022-05-09 16:28:34'),
(4382, 'Muhammad Salman', 'AkhtARP Hussain', '19/F-IN-34', 1, 46, '2022-05-09 16:28:34', '2022-05-09 16:28:34'),
(4383, 'MUTTAHIRA MARPYAM', 'GHULAM HUSSAIN', '19/F-IN-35', 1, 46, '2022-05-09 16:28:34', '2022-05-09 16:28:34'),
(4384, 'HARPis Mehmood', 'Mehmood Ali', '19/F-IN-36', 1, 46, '2022-05-09 16:28:34', '2022-05-09 16:28:34'),
(4385, 'ARPIF HUSSAIN', 'KHAMEES ALI', '19/F-IN-37', 1, 46, '2022-05-09 16:28:34', '2022-05-09 16:28:34'),
(4386, 'ABDUL RAFAY', 'ISHTIAQ AHMED', '19/F-IN-39', 1, 46, '2022-05-09 16:28:34', '2022-05-09 16:28:34'),
(4387, 'MUHAMMAD TAASEEN AKHTER', 'PERVEZ AKHTER', '19/F-IN-40', 2, 46, '2022-05-09 16:28:34', '2022-05-09 16:28:34'),
(4388, 'BISMA MUBEEN HASHMI', 'SYED MUBEEN AHMAD', '19/F-IN-42', 2, 46, '2022-05-09 16:28:34', '2022-05-09 16:28:34'),
(4389, 'IMRAN KHAN', 'ABDUL MUTLIB', '19/F-IN-43', 2, 46, '2022-05-09 16:28:34', '2022-05-09 16:28:34'),
(4390, 'Muhammad Hussain', 'Muhammad', '19/F-IN-44', 2, 46, '2022-05-09 16:28:34', '2022-05-09 16:28:34'),
(4391, 'Hasnain Abbas', 'Sherbaz', '19/F-IN-45', 2, 46, '2022-05-09 16:28:34', '2022-05-09 16:28:34'),
(4392, 'Muhammad Shoaib Raza', 'GulzARP Ahmed', '19/F-IN-46', 2, 46, '2022-05-09 16:28:34', '2022-05-09 16:28:34'),
(4393, 'NIMRA AZEEM', 'ANWER AZEEM', '19/F-IN-47', 2, 46, '2022-05-09 16:28:34', '2022-05-09 16:28:34'),
(4394, 'MARPij Ali', 'Hashmat Dad', '19/F-IN-49', 2, 46, '2022-05-09 16:28:34', '2022-05-09 16:28:34'),
(4395, 'Muhammad Hureer Malik', 'Faisal Qadeer', '19/F-IN-53', 2, 46, '2022-05-09 16:28:34', '2022-05-09 16:28:34'),
(4396, 'Muhammad Tufail', 'Qurban Ali Bugti', '19/F-IN-54', 2, 46, '2022-05-09 16:28:34', '2022-05-09 16:28:34'),
(4397, 'Mubashir Javed', 'Javed Azeem', '19/F-IN-55', 2, 46, '2022-05-09 16:28:34', '2022-05-09 16:28:34'),
(4398, 'Jawwad Ahmed', 'Abdul JabbARP', '19/F-IN-56', 2, 46, '2022-05-09 16:28:34', '2022-05-09 16:28:34'),
(4399, 'Kainat', 'IkhtiARP Ali KhokhARP', '19/F-IN-57', 2, 46, '2022-05-09 16:28:34', '2022-05-09 16:28:34'),
(4400, 'AAISH BIN ASIF', 'ASIF SAEED', '19/F-IN-58', 2, 46, '2022-05-09 16:28:34', '2022-05-09 16:28:34'),
(4401, 'Muhammad ARPeeb Hussain', 'Abid Hussain', '19/F-IN-59', 2, 46, '2022-05-09 16:28:34', '2022-05-09 16:28:34'),
(4402, 'ZulqARPnain Tahir', 'Abdul Tahir', '19/F-IN-60', 2, 46, '2022-05-09 16:28:34', '2022-05-09 16:28:34'),
(4403, 'Khalid', 'Mohemmed', '19/F-IN-61', 2, 46, '2022-05-09 16:28:34', '2022-05-09 16:28:34'),
(4404, 'Rauf Ahmed', 'ManthARP', '19/F-IN-62', 2, 46, '2022-05-09 16:28:34', '2022-05-09 16:28:34'),
(4405, 'KHALID AKBARP', 'AKBARP ALI', '19/F-IN-63', 2, 46, '2022-05-09 16:28:34', '2022-05-09 16:28:34'),
(4406, 'usama bin sadiq', 'muhammad sadiq khan', '19/F-IN-64', 2, 46, '2022-05-09 16:28:34', '2022-05-09 16:28:34'),
(4407, 'Muhammad Raza', 'Muhammad Asif', '19/F-IN-65', 2, 46, '2022-05-09 16:28:34', '2022-05-09 16:28:34'),
(4408, 'SAMEER GUL', 'GUL NAWAZ', '19/F-IN-66', 2, 46, '2022-05-09 16:28:34', '2022-05-09 16:28:34'),
(4409, 'IRFAN ALI', 'AASHIQUE HUSSAIN', '19/F-IN-67', 2, 46, '2022-05-09 16:28:34', '2022-05-09 16:28:34'),
(4410, 'SYEDA HANIA ZEHRA NAQVI', 'SYED ALI AZHARP NAQVI', '19/F-IN-68', 2, 46, '2022-05-09 16:28:34', '2022-05-09 16:28:34'),
(4411, 'AbrARP Aslam', 'Muhammad Aslam', '19/F-IN-69', 2, 46, '2022-05-09 16:28:34', '2022-05-09 16:28:34'),
(4412, 'Haseeb Ullah', 'Khitab Gul', '20-IN-02', 1, 45, '2022-05-09 16:28:40', '2022-05-09 16:28:40'),
(4413, 'Muhammad Kashif', 'Muhammad Yaqub', '20-IN-04', 1, 45, '2022-05-09 16:28:40', '2022-05-09 16:28:40'),
(4414, 'Abdul hanan', 'Abdul manan', '20-IN-05', 1, 45, '2022-05-09 16:28:40', '2022-05-09 16:28:40'),
(4415, 'Muhammad Waqas', 'Shair Zaman', '20-IN-06', 1, 45, '2022-05-09 16:28:40', '2022-05-09 16:28:40'),
(4416, 'Hamza', 'Muhammad AnwARP', '20-IN-07', 1, 45, '2022-05-09 16:28:40', '2022-05-09 16:28:40'),
(4417, 'Ejaz', 'Badshah Hameed', '20-IN-09', 1, 45, '2022-05-09 16:28:40', '2022-05-09 16:28:40'),
(4418, 'Hamad Ullah', 'Abdullah Muhammad', '20-IN-10', 1, 45, '2022-05-09 16:28:40', '2022-05-09 16:28:40'),
(4419, 'Umer', 'Talib Hussain', '20-IN-11', 1, 45, '2022-05-09 16:28:40', '2022-05-09 16:28:40'),
(4420, 'YASEEN ALI', 'MUHAMMAD ESSA', '20-IN-12', 1, 45, '2022-05-09 16:28:40', '2022-05-09 16:28:40'),
(4421, 'Ayesha Waseem', 'Abdul Waseem Qureshi', '20-IN-13', 1, 45, '2022-05-09 16:28:40', '2022-05-09 16:28:40'),
(4422, 'Saif-ur-Rehman', 'IftikhARP Ahmad', '20-IN-14', 1, 45, '2022-05-09 16:28:40', '2022-05-09 16:28:40'),
(4423, 'ABBAS ASAD', 'IBRARP AHMED', '20-IN-15', 1, 45, '2022-05-09 16:28:40', '2022-05-09 16:28:40'),
(4424, 'MUHAMMAD RAZA KHALID', 'KHALID WAHEED', '20-IN-16', 1, 45, '2022-05-09 16:28:40', '2022-05-09 16:28:40'),
(4425, 'MUHAMMAD ALI RAZA KHAN', 'MUHAMMAD ARPSHAD', '20-IN-17', 1, 45, '2022-05-09 16:28:40', '2022-05-09 16:28:40'),
(4426, 'MUHAMMAD BILAL YOUSUF', 'MUHAMMAD YOUSUF', '20-IN-19', 1, 45, '2022-05-09 16:28:40', '2022-05-09 16:28:40'),
(4427, 'Muhammad Umer', 'Muhammad Saleem', '20-IN-20', 1, 45, '2022-05-09 16:28:40', '2022-05-09 16:28:40'),
(4428, 'Mohammad Kashif', 'Nadeem', '20-IN-21', 1, 45, '2022-05-09 16:28:40', '2022-05-09 16:28:40'),
(4429, 'Abdul Rehman Soomro', 'ZulfiqARP Ali', '20-IN-22', 1, 45, '2022-05-09 16:28:40', '2022-05-09 16:28:40'),
(4430, 'Muhammad Hamza', 'Shoukat Ali', '20-IN-23', 1, 45, '2022-05-09 16:28:40', '2022-05-09 16:28:40'),
(4431, 'DANISH ALI', 'ARPBAB ALI SOLANGI', '20-IN-24', 1, 45, '2022-05-09 16:28:40', '2022-05-09 16:28:40'),
(4432, 'MUHAMMAD HASHIR AHMED', 'MUHAMMAD AHMED', '20-IN-25', 2, 45, '2022-05-09 16:28:40', '2022-05-09 16:28:40'),
(4433, 'Syed. Sammak. Nadeem', 'Syed. Nadeem. Shah. BukhARPi', '20-IN-27', 2, 45, '2022-05-09 16:28:40', '2022-05-09 16:28:40'),
(4434, 'OSAMA SIDDIQUI', 'Abdul qayoom', '20-IN-28', 2, 45, '2022-05-09 16:28:40', '2022-05-09 16:28:40'),
(4435, 'Hassan Khan', 'Sherzada', '20-IN-29', 2, 45, '2022-05-09 16:28:40', '2022-05-09 16:28:40'),
(4436, 'ABDULLAH', 'ABDUL RAHIM', '20-IN-30', 2, 45, '2022-05-09 16:28:40', '2022-05-09 16:28:40'),
(4437, 'zARPk siraj', 'siraj ahmed', '20-IN-31', 2, 45, '2022-05-09 16:28:40', '2022-05-09 16:28:40'),
(4438, 'Fahad Altaf', 'Muhammad Altaf', '20-IN-32', 2, 45, '2022-05-09 16:28:40', '2022-05-09 16:28:40'),
(4439, 'Muhammad Raza Khan', 'Muhammad Raees Khan', '20-IN-33', 2, 45, '2022-05-09 16:28:40', '2022-05-09 16:28:40'),
(4440, 'LARPAIB AQEEL', 'AKHTARP AQEEL', '20-IN-34', 2, 45, '2022-05-09 16:28:40', '2022-05-09 16:28:40'),
(4441, 'AbidUllah', 'Wali Khan', '20-IN-36', 2, 45, '2022-05-09 16:28:40', '2022-05-09 16:28:40'),
(4442, 'Muhammad Yahya AtCHEa', 'Zaid Muhammad AtCHEa', '20-IN-37', 2, 45, '2022-05-09 16:28:40', '2022-05-09 16:28:40'),
(4443, 'Muhammad Ahsan Ullah Khan Niazi', 'Safi Ullah Khan Niazi', '20-IN-38', 2, 45, '2022-05-09 16:28:40', '2022-05-09 16:28:40'),
(4444, 'Nimra Yaseen', 'Muhammad Yaseen', '20-IN-39', 2, 45, '2022-05-09 16:28:40', '2022-05-09 16:28:40'),
(4445, 'sameer hafeez', 'Muhammad hafizullah', '20-IN-47', 2, 45, '2022-05-09 16:28:40', '2022-05-09 16:28:40'),
(4446, 'Syed Eraj Javed', 'MUHAMMAD JAVED AKBER', '20-IN-51', 2, 45, '2022-05-09 16:28:40', '2022-05-09 16:28:40'),
(4447, 'NOUSHEEN GUL', 'GUL MUHAMMAD', '20-IN-52', 2, 45, '2022-05-09 16:28:40', '2022-05-09 16:28:40'),
(4448, 'BUSHRA', 'TANVEER ALI', '20-IN-53', 2, 45, '2022-05-09 16:28:40', '2022-05-09 16:28:40'),
(4449, 'AYAZ ALI', 'NOOR AHMED', '20-IN-54', 2, 45, '2022-05-09 16:28:40', '2022-05-09 16:28:40'),
(4450, 'Muhammad Faisal', 'Rustam Ali', '20-IN-55', 2, 45, '2022-05-09 16:28:40', '2022-05-09 16:28:40'),
(4451, 'Mohammed', 'Nasser', '20-IN-56', 2, 45, '2022-05-09 16:28:40', '2022-05-09 16:28:40'),
(4452, 'Yusra Ali', 'Ali Khan', '21/F-IN-06', 1, 44, '2022-05-09 16:28:46', '2022-05-09 16:28:46'),
(4453, 'Fehmish', 'Abu Munzir FARPooq', '21/F-IN-09', 1, 44, '2022-05-09 16:28:46', '2022-05-09 16:28:46'),
(4454, 'Adeel Ahmed', 'Shakeel Ahmed', '21/F-IN-10', 1, 44, '2022-05-09 16:28:46', '2022-05-09 16:28:46'),
(4455, 'Muhammad AthARP Hussain', 'Muhammad AkhtARP', '21/F-IN-12', 1, 44, '2022-05-09 16:28:46', '2022-05-09 16:28:46'),
(4456, 'IBADULLAH', 'MUHAMMAD IRFAN WAHEED', '21/F-IN-13', 1, 44, '2022-05-09 16:28:46', '2022-05-09 16:28:46'),
(4457, 'SYED MUHAMMAD HASSAAN RIZVI', 'SYED HASSAN ANWARP RIZVI', '21/F-IN-14', 1, 44, '2022-05-09 16:28:46', '2022-05-09 16:28:46'),
(4458, 'Kamran Ahmed', 'Saleem ahmed', '21/F-IN-15', 1, 44, '2022-05-09 16:28:46', '2022-05-09 16:28:46'),
(4459, 'ZOHAIB AHSAN', 'MOIN UD DIN', '21/F-IN-17', 1, 44, '2022-05-09 16:28:46', '2022-05-09 16:28:46'),
(4460, 'Abdul Rehman', 'Muhammad Asim', '21/F-IN-19', 1, 44, '2022-05-09 16:28:46', '2022-05-09 16:28:46'),
(4461, 'Zaid QamARP', 'Muhammad QamARP', '21/F-IN-20', 1, 44, '2022-05-09 16:28:46', '2022-05-09 16:28:46'),
(4462, 'Sheeza Mirza', 'Azeem Mirza', '21/F-IN-21', 1, 44, '2022-05-09 16:28:46', '2022-05-09 16:28:46'),
(4463, 'WALEED TAJAMAL', 'TAJAMAL HUSSAIN', '21/F-IN-22', 1, 44, '2022-05-09 16:28:46', '2022-05-09 16:28:46'),
(4464, 'alishba fatima', 'sajjad ahmed', '21/F-IN-24', 1, 44, '2022-05-09 16:28:46', '2022-05-09 16:28:46'),
(4465, 'MUHAMMAD HASSAN BUTT', 'MUHAMMAD AFTAB BUTT', '21/F-IN-25', 1, 44, '2022-05-09 16:28:46', '2022-05-09 16:28:46'),
(4466, 'IRTAZA HASSAN', 'WAHEED ASHRAF', '21/F-IN-27', 1, 44, '2022-05-09 16:28:46', '2022-05-09 16:28:46'),
(4467, 'UMARP ZAMAN', 'GUL ZAMAN', '21/F-IN-28', 1, 44, '2022-05-09 16:28:46', '2022-05-09 16:28:46'),
(4468, 'Humaiyon Shaki', 'Muhammad Daniyal Khan', '21/F-IN-29', 1, 44, '2022-05-09 16:28:46', '2022-05-09 16:28:46'),
(4469, 'Muhammad Ali', 'Gada Hussain', '21/F-IN-31', 1, 44, '2022-05-09 16:28:46', '2022-05-09 16:28:46'),
(4470, 'ARPeeba HARPoon', 'HARPoon Rasheed', '21/F-IN-32', 1, 44, '2022-05-09 16:28:46', '2022-05-09 16:28:46'),
(4471, 'Hasnain afridi', 'M.Yousaf', '21/F-IN-33', 1, 44, '2022-05-09 16:28:46', '2022-05-09 16:28:46'),
(4472, 'SYED ZAIN UL ABDEEN', 'SYED BASHIR UL HASNAIN', '21/F-IN-34', 1, 44, '2022-05-09 16:28:46', '2022-05-09 16:28:46'),
(4473, 'Muhammad IbrARP', 'Abdul Muhammad', '21/F-IN-35', 1, 44, '2022-05-09 16:28:46', '2022-05-09 16:28:46'),
(4474, 'Mohibullah', 'DIN MUHAMMAD', '21/F-IN-36', 2, 44, '2022-05-09 16:28:46', '2022-05-09 16:28:46'),
(4475, 'KHUSHBOO', 'JAWAID IQBAL', '21/F-IN-37', 2, 44, '2022-05-09 16:28:46', '2022-05-09 16:28:46'),
(4476, 'kunal', 'shahdev', '21/F-IN-38', 2, 44, '2022-05-09 16:28:46', '2022-05-09 16:28:46'),
(4477, 'Muhammad Hassan', 'NisARP Ahmed', '21/F-IN-39', 2, 44, '2022-05-09 16:28:46', '2022-05-09 16:28:46'),
(4478, 'Muhammad Abu BakARP', 'Muhammad Shakil', '21/F-IN-40', 2, 44, '2022-05-09 16:28:46', '2022-05-09 16:28:46'),
(4479, 'ShahNawaz', 'Mohammad Ali', '21/F-IN-41', 2, 44, '2022-05-09 16:28:46', '2022-05-09 16:28:46'),
(4480, 'Minal SikandARP', 'SikandARP Ali', '21/F-IN-42', 2, 44, '2022-05-09 16:28:46', '2022-05-09 16:28:46'),
(4481, 'NABA MALIK', 'MALIK MOHAMMAD YAMEEN', '21/F-IN-43', 2, 44, '2022-05-09 16:28:46', '2022-05-09 16:28:46'),
(4482, 'Hamza Irshad', 'Irshad Younus', '21/F-IN-44', 2, 44, '2022-05-09 16:28:46', '2022-05-09 16:28:46'),
(4483, 'Mehak Tufail', 'Muhammad Tufail', '21/F-IN-45', 2, 44, '2022-05-09 16:28:46', '2022-05-09 16:28:46'),
(4484, 'Muhammad umer fARPooq', 'Abdul hameed', '21/F-IN-48', 2, 44, '2022-05-09 16:28:46', '2022-05-09 16:28:46'),
(4485, 'MARPyam', 'QammARP Hussain Khan', '21/F-IN-49', 2, 44, '2022-05-09 16:28:46', '2022-05-09 16:28:46'),
(4486, 'MUHAMMAD MUSTAQEEM', 'KHADIM HUSSAIN', '21/F-IN-50', 2, 44, '2022-05-09 16:28:46', '2022-05-09 16:28:46'),
(4487, 'Usman Naveed CHEoudhry', 'Naveed Ahmed CHEoudhry', '21/F-IN-51', 2, 44, '2022-05-09 16:28:46', '2022-05-09 16:28:46'),
(4488, 'DANIYAL AIJAZ', 'AIJAZ AHMED KHANZADA', '21/F-IN-52', 2, 44, '2022-05-09 16:28:46', '2022-05-09 16:28:46'),
(4489, 'MOIZ ALI', 'AMJAD ALI NAYYARP', '21/F-IN-53', 2, 44, '2022-05-09 16:28:46', '2022-05-09 16:28:46'),
(4490, 'Muhammad Talha', 'Muhammad Ashfaque', '21/F-IN-54', 2, 44, '2022-05-09 16:28:46', '2022-05-09 16:28:46'),
(4491, 'MOHAMMAD TALHA', 'MOHAMMAD YAMEEN', '21/F-IN-55', 2, 44, '2022-05-09 16:28:46', '2022-05-09 16:28:46'),
(4492, 'MustansARP Hussain Bangash', 'Imtiaz Hussain', '21/F-IN-56', 2, 44, '2022-05-09 16:28:46', '2022-05-09 16:28:46'),
(4493, 'IftikhARP Hussain', 'Abdullah', '21/F-IN-57', 2, 44, '2022-05-09 16:28:46', '2022-05-09 16:28:46'),
(4494, 'Basit Ali', 'Ali Muhammad', '21/F-IN-59', 2, 44, '2022-05-09 16:28:46', '2022-05-09 16:28:46'),
(4495, 'Abdul Waheed', 'Ali Nawaz', '19/F-19-EE-39', 1, 42, '2022-05-09 16:28:58', '2022-05-09 16:28:58'),
(4496, 'Sajid Ali Ghulam Mehdi', 'Ghulam Mehdi', '19/F-19-EE-43', 1, 42, '2022-05-09 16:28:58', '2022-05-09 16:28:58'),
(4497, 'Ayesha MazhARP', 'Muhammad MazhARP Iqbal Khan', '19-EE-02', 1, 43, '2022-05-09 16:28:58', '2022-05-09 16:28:58'),
(4498, 'SADAQUAT ALI', 'LIAQUAT ALI', '19-EE-03', 1, 43, '2022-05-09 16:28:58', '2022-05-09 16:28:58'),
(4499, 'Haleemullah', 'Muhammad Shafiq', '19-EE-04', 1, 43, '2022-05-09 16:28:58', '2022-05-09 16:28:58'),
(4500, 'SUFYAN ANWARP', 'KHURSHEED ANWARP', '19-EE-05', 1, 43, '2022-05-09 16:28:58', '2022-05-09 16:28:58'),
(4501, 'Muhammad Saud Baig', 'Muhammad Asif Baig', '19-EE-07', 1, 43, '2022-05-09 16:28:58', '2022-05-09 16:28:58'),
(4502, 'ASHFAQ ALI', 'RAHIB ALI TAGARP', '19-EE-14', 1, 43, '2022-05-09 16:28:58', '2022-05-09 16:28:58'),
(4503, 'ALI', 'MUSHTAQUE AHMED', '19-EE-15', 1, 43, '2022-05-09 16:28:58', '2022-05-09 16:28:58'),
(4504, 'NAJEEBULLAH', 'QAMARP U DIN', '19-EE-16', 1, 43, '2022-05-09 16:28:58', '2022-05-09 16:28:58'),
(4505, 'Muhammad Azam', 'Munir Ahmed', '19-EE-18', 1, 43, '2022-05-09 16:28:58', '2022-05-09 16:28:58'),
(4506, 'Abdul Rehman Khan', 'FARPhatullah Khan', '19-EE-21', 1, 43, '2022-05-09 16:28:58', '2022-05-09 16:28:58'),
(4507, 'Wajeeh Ud Din Ahmed Malik', 'Muhammad Akram', '19-EE-22', 1, 43, '2022-05-09 16:28:58', '2022-05-09 16:28:58'),
(4508, 'ARPeeba  Khan', 'Mushtaq Ahmed Khan', '19-EE-24', 1, 43, '2022-05-09 16:28:58', '2022-05-09 16:28:58'),
(4509, 'Muhammad Ali', 'Hazrat Ali', '19-EE-25', 1, 43, '2022-05-09 16:28:58', '2022-05-09 16:28:58'),
(4510, 'KIRAN SAIF', 'SAIFULLAH', '19-EE-27', 1, 43, '2022-05-09 16:28:58', '2022-05-09 16:28:58'),
(4511, 'Kapil dev', 'Jai Shanker', '19-EE-29', 1, 43, '2022-05-09 16:28:58', '2022-05-09 16:28:58'),
(4512, 'Owais Aziz', 'Aziz Ahmed', '19-EE-30', 1, 43, '2022-05-09 16:28:58', '2022-05-09 16:28:58'),
(4513, 'Usama Bin Zaffurallah', 'Zaffurallah LeghARPi', '19-EE-31', 1, 43, '2022-05-09 16:28:58', '2022-05-09 16:28:58'),
(4514, 'Syed Huzaifa Ali', 'Syed Mushtaq Ali', '19-EE-32', 1, 43, '2022-05-09 16:28:58', '2022-05-09 16:28:58'),
(4515, 'Aamir Ali', 'Qaim khan solangi', '19-EE-34', 1, 43, '2022-05-09 16:28:58', '2022-05-09 16:28:58'),
(4516, 'SYED MUHAMMAD SAAD', 'SYED SHAFIQ AHMED', '19-EE-35', 1, 43, '2022-05-09 16:28:58', '2022-05-09 16:28:58'),
(4517, 'Muhammad Talha Memon', 'Muhammad Saleem Memon', '19-EE-38', 1, 43, '2022-05-09 16:28:58', '2022-05-09 16:28:58'),
(4518, 'SidhARPth', 'Ramesh KumARP Tanwani', '19-EE-40', 1, 43, '2022-05-09 16:28:58', '2022-05-09 16:28:58'),
(4519, 'MUHAMMAD OWAIS KHAN', 'MUHAMMAD ASLAM KHAN', '19-EE-41', 1, 43, '2022-05-09 16:28:58', '2022-05-09 16:28:58'),
(4520, 'Ayaz Ali', 'Riazat Ali', '19-EE-42', 1, 43, '2022-05-09 16:28:58', '2022-05-09 16:28:58'),
(4521, 'Abdul Wahab', 'IftikhARP Ahmed', '19-EE-44', 1, 43, '2022-05-09 16:28:58', '2022-05-09 16:28:58'),
(4522, 'Muhammad Talha', 'Muhammad Aamir', '19-EE-45', 1, 43, '2022-05-09 16:28:58', '2022-05-09 16:28:58'),
(4523, 'Muzammil Ali qureshi', 'Hamid Ali Qureshi', '19-EE-46', 1, 43, '2022-05-09 16:28:58', '2022-05-09 16:28:58'),
(4524, 'Usman TARPiq', 'TARPiq Nadeem', '19-EE-47', 1, 43, '2022-05-09 16:28:58', '2022-05-09 16:28:58'),
(4525, 'KASHAF UR REHMAN', 'SHAFIQUE AHMED', '19-EE-48', 1, 43, '2022-05-09 16:28:58', '2022-05-09 16:28:58'),
(4526, 'ALASHBA JAMIL', 'JAMIL AKHTER', '19-EE-49', 1, 43, '2022-05-09 16:28:58', '2022-05-09 16:28:58'),
(4527, 'Bisma Rafique', 'Mohammad Rafique Shaikh', '19-EE-50', 1, 43, '2022-05-09 16:28:58', '2022-05-09 16:28:58'),
(4528, 'MUQEER', 'MUNWARP AHMED', '19-EE-51', 1, 43, '2022-05-09 16:28:58', '2022-05-09 16:28:58'),
(4529, 'MARPyam Khan', 'Asad Najeeb Ullah Khan', '19-EE-52', 1, 43, '2022-05-09 16:28:58', '2022-05-09 16:28:58'),
(4530, 'uroojmehmood', 'mehmoodnaseem', '19-EE-53', 1, 43, '2022-05-09 16:28:58', '2022-05-09 16:28:58'),
(4531, 'RAMSHA AKBARP', 'RAO MUHAMMAD AKBARP', '19-EE-54', 1, 43, '2022-05-09 16:28:58', '2022-05-09 16:28:58'),
(4532, 'Rabnawaz', 'Wahid Bux', '19-EE-55', 1, 43, '2022-05-09 16:28:58', '2022-05-09 16:28:58'),
(4533, 'YUSRA PARVEEN', 'FAKHUR UD DIN', '19/F-EE-03', 1, 42, '2022-05-09 16:29:08', '2022-05-09 16:29:08'),
(4534, 'Shafaqat Ali', 'Shoukat Ali', '19/F-EE-11', 1, 42, '2022-05-09 16:29:08', '2022-05-09 16:29:08'),
(4535, 'Gian', 'Mevo', '19/F-EE-13', 1, 42, '2022-05-09 16:29:08', '2022-05-09 16:29:08'),
(4536, 'Nafees Ahmed', 'Aijaz Ali', '19/F-EE-14', 1, 42, '2022-05-09 16:29:08', '2022-05-09 16:29:08'),
(4537, 'Abdul Samad', 'Haroon', '19/F-EE-18', 1, 42, '2022-05-09 16:29:08', '2022-05-09 16:29:08'),
(4538, 'Muhammad Daniyal', 'Muhammad Bashir', '19/F-EE-19', 1, 42, '2022-05-09 16:29:08', '2022-05-09 16:29:08'),
(4539, 'AYESHA AREEJ', 'SHAFQAT NAEEM', '19/F-EE-22', 1, 42, '2022-05-09 16:29:08', '2022-05-09 16:29:08'),
(4540, 'Muhammad Fatik Rasheed', 'Abdur Rasheed', '19/F-EE-24', 1, 42, '2022-05-09 16:29:08', '2022-05-09 16:29:08'),
(4541, 'INAMULLAH HUSSAIN', 'MUHAMMAD HUSSAIN', '19/F-EE-28', 1, 42, '2022-05-09 16:29:08', '2022-05-09 16:29:08'),
(4542, 'Muhammad Arbaz Khan', 'Wazir Gul', '19/F-EE-33', 1, 42, '2022-05-09 16:29:08', '2022-05-09 16:29:08'),
(4543, 'Qayoom Ali Shah', 'Ghulam Karim', '19/F-EE-34', 1, 42, '2022-05-09 16:29:08', '2022-05-09 16:29:08'),
(4544, 'Muhammad Hamza Zia', 'Zia Muhammad Khan', '19/F-EE-37', 1, 42, '2022-05-09 16:29:08', '2022-05-09 16:29:08'),
(4545, 'zawar gul', 'gulnawaz khan', '19/F-EE-40', 1, 42, '2022-05-09 16:29:08', '2022-05-09 16:29:08'),
(4546, 'Hammadullah', 'Mansoor Ahmed', '19/F-EE-42', 1, 42, '2022-05-09 16:29:08', '2022-05-09 16:29:08'),
(4547, 'MOHAMMAD FAROOQ', 'NEK MOHAMMAD', '19/F-EE-43', 1, 42, '2022-05-09 16:29:08', '2022-05-09 16:29:08'),
(4548, 'Manzoor Ali', 'Ismail', '19/F-EE-44', 1, 42, '2022-05-09 16:29:08', '2022-05-09 16:29:08'),
(4549, 'NOMAN AHMED', 'ABDUL NAEEM', '19/F-EE-46', 1, 42, '2022-05-09 16:29:08', '2022-05-09 16:29:08'),
(4550, 'Kamran Ali', 'Ghulam Ali', '19/F-EE-47', 1, 42, '2022-05-09 16:29:08', '2022-05-09 16:29:08'),
(4551, 'AQIB HUSSAIN', 'YAAR ALI SHAR', '19/F-EE-49', 1, 42, '2022-05-09 16:29:08', '2022-05-09 16:29:08'),
(4552, 'Abdul Raheem', 'Jahangeer Muslim', '19/F-EE-50', 1, 42, '2022-05-09 16:29:08', '2022-05-09 16:29:08'),
(4553, 'Nawal Amin', 'Muhammad Amin Siddiqui', '19/F-EE-51', 1, 42, '2022-05-09 16:29:08', '2022-05-09 16:29:08'),
(4554, 'Basit Ali', 'Nazeer Ahmed', '19/F-EE-53', 1, 42, '2022-05-09 16:29:08', '2022-05-09 16:29:08'),
(4555, 'IZHAR HUSSAIN', 'ALI DINO', '19/F-EE-54', 1, 42, '2022-05-09 16:29:08', '2022-05-09 16:29:08'),
(4556, 'Jabbar Ali', 'Ghulam Abass', '19/F-EE-56', 1, 42, '2022-05-09 16:29:08', '2022-05-09 16:29:08'),
(4557, 'Yar Muhammad', 'Muhammad Hassan Ujjan', '19/F-EE-57', 1, 42, '2022-05-09 16:29:08', '2022-05-09 16:29:08'),
(4558, 'Hamza Irfan', 'Irfan Ahmed', '19/F-EE-58', 1, 42, '2022-05-09 16:29:08', '2022-05-09 16:29:08'),
(4559, 'Furquan Ali', 'Ahsan Ali', '19/F-EE-59', 1, 42, '2022-05-09 16:29:08', '2022-05-09 16:29:08'),
(4560, 'Imran Ali', 'Imdad Ali', '19/F-EE-60', 1, 42, '2022-05-09 16:29:08', '2022-05-09 16:29:08'),
(4561, 'Moiz Ali Kamal', 'Kamal Nasir', '19/F-EE-61', 1, 42, '2022-05-09 16:29:08', '2022-05-09 16:29:08'),
(4562, 'Muhammad Faizan', 'Muhammad Junaid', '19/F-EE-63', 1, 42, '2022-05-09 16:29:08', '2022-05-09 16:29:08'),
(4563, 'Shahleen Fatima', 'Barkat Ali', '19/F-EE-64', 1, 42, '2022-05-09 16:29:08', '2022-05-09 16:29:08'),
(4564, 'MUBASHIR ALI', 'KHALIL AHMED', '19/F-EE-65', 1, 42, '2022-05-09 16:29:08', '2022-05-09 16:29:08'),
(4565, 'TALHA', 'IMTIAZ ALI', '19/F-EE-66', 1, 42, '2022-05-09 16:29:08', '2022-05-09 16:29:08'),
(4566, 'Kashan', 'Hanif gul', '19/F-EE-67', 1, 42, '2022-05-09 16:29:08', '2022-05-09 16:29:08'),
(4567, 'Adnan Aslam', 'Muhammad Aslam', '19/F-EE-68', 1, 42, '2022-05-09 16:29:08', '2022-05-09 16:29:08'),
(4568, 'SYED SHAHZAIB AHMED RIZVI', 'SYED TOUQIR AHMED RIZVI', '19/F-EE-69', 1, 42, '2022-05-09 16:29:08', '2022-05-09 16:29:08'),
(4569, 'Ishfaq Ahmed', 'Ghulam Akbar', '19/F-EE-70', 1, 42, '2022-05-09 16:29:08', '2022-05-09 16:29:08'),
(4570, 'Vinod Kumar', 'Lekhraj', '19/F-EE-71', 1, 42, '2022-05-09 16:29:08', '2022-05-09 16:29:08'),
(4571, 'IRFAN HAKEEM', 'ABDUL HAKEEM SOLANGI', '19/F-EE-72', 1, 42, '2022-05-09 16:29:08', '2022-05-09 16:29:08'),
(4572, 'Muhammad Hammad', 'Mushtaq Ali', '20-EE-02', 1, 41, '2022-05-09 16:29:15', '2022-05-09 16:29:15'),
(4573, 'Muhammad Usman', 'Jawaid Akhter', '20-EE-04', 1, 41, '2022-05-09 16:29:15', '2022-05-09 16:29:15'),
(4574, 'Muhammad Haseeb Khan', 'Muhammad Ahsan Baseer', '20-EE-05', 1, 41, '2022-05-09 16:29:15', '2022-05-09 16:29:15'),
(4575, 'SAAD ALI GHOUS', 'QADIR GHOUS', '20-EE-10', 1, 41, '2022-05-09 16:29:15', '2022-05-09 16:29:15'),
(4576, 'FATIMA ABBAS', 'YAWARP ABBAS', '20-EE-11', 1, 41, '2022-05-09 16:29:15', '2022-05-09 16:29:15'),
(4577, 'aftab ali', 'Mohammad Tofique', '20-EE-12', 1, 41, '2022-05-09 16:29:15', '2022-05-09 16:29:15'),
(4578, 'Syeda Hijab Zehra Rizvi', 'Syed Javed Hadier Rizvi', '20-EE-13', 1, 41, '2022-05-09 16:29:15', '2022-05-09 16:29:15'),
(4579, 'Muhammad Awais', 'Muhammad Ilyas', '20-EE-14', 1, 41, '2022-05-09 16:29:15', '2022-05-09 16:29:15'),
(4580, 'MINHA QURESHI', 'IMRAN UL HAQ QURESHI', '20-EE-15', 1, 41, '2022-05-09 16:29:15', '2022-05-09 16:29:15'),
(4581, 'Ashfaque Ali', 'Gul Hussan', '20-EE-19', 1, 41, '2022-05-09 16:29:15', '2022-05-09 16:29:15'),
(4582, 'Saira Saeed', 'Muhammad Saeed Ahmed', '20-EE-23', 1, 41, '2022-05-09 16:29:15', '2022-05-09 16:29:15'),
(4583, 'TasawARP Afridi', 'Haider Ali', '20-EE-24', 1, 41, '2022-05-09 16:29:15', '2022-05-09 16:29:15'),
(4584, 'Naveed Ul Hassan', 'Skinder', '20-EE-26', 1, 41, '2022-05-09 16:29:15', '2022-05-09 16:29:15'),
(4585, 'SABAHAT MAQBOOL', 'MUHAMMAD MAQBOOL', '20-EE-27', 1, 41, '2022-05-09 16:29:15', '2022-05-09 16:29:15'),
(4586, 'Bahawal khan', 'Muhammad Sajjan', '20-EE-30', 1, 41, '2022-05-09 16:29:15', '2022-05-09 16:29:15'),
(4587, 'Aqsa', 'Abdul Latif shaikh', '20-EE-31', 1, 41, '2022-05-09 16:29:15', '2022-05-09 16:29:15'),
(4588, 'Qirat Fatima', 'Shoukat Ali', '20-EE-38', 1, 41, '2022-05-09 16:29:15', '2022-05-09 16:29:15'),
(4589, 'MARPium Afzal', 'Muhammad Afzal', '20-EE-39', 1, 41, '2022-05-09 16:29:15', '2022-05-09 16:29:15'),
(4590, 'Ghulam Murtaza', 'MunawARP Hussain', '20-EE-40', 1, 41, '2022-05-09 16:29:15', '2022-05-09 16:29:15'),
(4591, 'Moiz Shahid', 'Shahid KARPim', '21/F-EE-01', 1, 40, '2022-05-09 16:29:22', '2022-05-09 16:29:22'),
(4592, 'Muhammad Taha Memon', 'Imtiaz Hussain', '21/F-EE-02', 1, 40, '2022-05-09 16:29:22', '2022-05-09 16:29:22'),
(4593, 'Majid Ali', 'Muhammad GulbahARP', '21/F-EE-03', 1, 40, '2022-05-09 16:29:22', '2022-05-09 16:29:22'),
(4594, 'Abdul Rauf', 'Mohammad ARPif', '21/F-EE-06', 1, 40, '2022-05-09 16:29:22', '2022-05-09 16:29:22'),
(4595, 'SYED EZAN ALI', 'SYED SHAHID ALI', '21/F-EE-12', 1, 40, '2022-05-09 16:29:22', '2022-05-09 16:29:22'),
(4596, 'Muhammad Aqeel Mehdi', 'Ali Imran', '21/F-EE-16', 1, 40, '2022-05-09 16:29:22', '2022-05-09 16:29:22'),
(4597, 'Jamil Ahmed', 'NisARP Ahmed', '21/F-EE-20', 1, 40, '2022-05-09 16:29:22', '2022-05-09 16:29:22'),
(4598, 'MUHAMMAD HUNAIN', 'MUHAMMAD JAVED', '21/F-EE-21', 1, 40, '2022-05-09 16:29:22', '2022-05-09 16:29:22'),
(4599, 'Muhammad Mohayyudin Khan', 'Muhammad Sadullah Khan', '21/F-EE-22', 1, 40, '2022-05-09 16:29:22', '2022-05-09 16:29:22'),
(4600, 'Ghulam Muhammad', 'Imtiaz Ali', '21/F-EE-23', 1, 40, '2022-05-09 16:29:22', '2022-05-09 16:29:22'),
(4601, 'Ahmed Ali', 'Abdul Qayoom CHEadhARP', '21/F-EE-24', 1, 40, '2022-05-09 16:29:22', '2022-05-09 16:29:22'),
(4602, 'Muhammad Tayyab', 'Muhammad Zahid CHEadhARP', '21/F-EE-26', 1, 40, '2022-05-09 16:29:22', '2022-05-09 16:29:22'),
(4603, 'Hamid Ali', 'Hakim', '21/F-EE-28', 1, 40, '2022-05-09 16:29:22', '2022-05-09 16:29:22'),
(4604, 'Hassan Ayoub', 'Muhammad Ayoub', '21/F-EE-29', 1, 40, '2022-05-09 16:29:22', '2022-05-09 16:29:22'),
(4605, 'EMAD AHMED SIDDIQUI', 'IMTIAZ AHMED SIDDIQUI', '21/F-EE-30', 1, 40, '2022-05-09 16:29:22', '2022-05-09 16:29:22'),
(4606, 'MUHAMMAD NOOR NABEEL JAVED', 'JAVED PERVEZ', '21/F-EE-31', 1, 40, '2022-05-09 16:29:22', '2022-05-09 16:29:22'),
(4607, 'Muhammad Sabih', 'AzhARP WaqARP', '21/F-EE-32', 1, 40, '2022-05-09 16:29:22', '2022-05-09 16:29:22'),
(4608, 'muhammad usman awan', 'tARPiq mehmood awan', '21/F-EE-33', 1, 40, '2022-05-09 16:29:22', '2022-05-09 16:29:22'),
(4609, 'Waseem Abbas', 'Ghulam Abbas Burdi', '21/F-EE-34', 1, 40, '2022-05-09 16:29:22', '2022-05-09 16:29:22'),
(4610, 'Hafiza Haya Reham', 'Muhammad Shahid', '21/F-EE-35', 1, 40, '2022-05-09 16:29:22', '2022-05-09 16:29:22'),
(4611, 'Abdul Muneeb', 'Talib Hussain', '21/F-EE-36', 1, 40, '2022-05-09 16:29:22', '2022-05-09 16:29:22'),
(4612, 'MARPium Nadeem', 'Muhammad Nadeem', '21/F-EE-37', 1, 40, '2022-05-09 16:29:22', '2022-05-09 16:29:22'),
(4613, 'Zuhaib Ahmed', 'Ziad Ahmed', '21/F-EE-38', 1, 40, '2022-05-09 16:29:22', '2022-05-09 16:29:22'),
(4614, 'MUHAMMAD AQIB', 'MUHAMMAD AKRAM', '21/F-EE-39', 1, 40, '2022-05-09 16:29:22', '2022-05-09 16:29:22'),
(4615, 'Tahir Iqbal', 'Muhammad Ashraf', '21/F-EE-40', 1, 40, '2022-05-09 16:29:22', '2022-05-09 16:29:22'),
(4616, 'Ashhad Khan', 'Aziz Akhter Khan', '21/F-EE-41', 1, 40, '2022-05-09 16:29:22', '2022-05-09 16:29:22'),
(4617, 'MUHAMMAD TAHIR', 'MUHAMMAD ASLAM', '21/F-EE-42', 1, 40, '2022-05-09 16:29:22', '2022-05-09 16:29:22'),
(4618, 'Abdul Haseeb', 'Muhammad Khalid', '21/F-EE-43', 1, 40, '2022-05-09 16:29:22', '2022-05-09 16:29:22'),
(4619, 'Alishba Khan', 'Anis Ahmed Khan', '21/F-EE-44', 1, 40, '2022-05-09 16:29:22', '2022-05-09 16:29:22'),
(4620, 'Kumail Abbas', 'Khuda Aman', '21/F-EE-45', 1, 40, '2022-05-09 16:29:22', '2022-05-09 16:29:22'),
(4621, 'UROOJ NAZ', 'MUHAMMAD SAFDARP', '19-ES-01', 1, 27, '2022-05-09 16:29:33', '2022-05-09 16:29:33'),
(4622, 'Rasia Azeem', 'Muhammad Azeem', '19-ES-02', 3, 27, '2022-05-09 16:29:33', '2022-05-09 16:29:33'),
(4623, 'SanskARP', 'Raj KumARP', '19-ES-03', 1, 27, '2022-05-09 16:29:33', '2022-05-09 16:29:33'),
(4624, 'AYYAN ABID', 'MUHAMMAD ABID', '19-ES-04', 3, 27, '2022-05-09 16:29:33', '2022-05-09 16:29:33'),
(4625, 'Salman', 'Muhammad Ibrahim', '19-ES-05', 1, 27, '2022-05-09 16:29:33', '2022-05-09 16:29:33'),
(4626, 'Muhammad Bilal', 'Muhammad Imran', '19-ES-07', 1, 27, '2022-05-09 16:29:33', '2022-05-09 16:29:33'),
(4627, 'ARPBAZ', 'MUHAMMAD ASLAM', '19-ES-08', 3, 27, '2022-05-09 16:29:33', '2022-05-09 16:29:33'),
(4628, 'Syed Inam Ullah Shah', 'Syed Noor Ullah Shah', '19-ES-100', 4, 27, '2022-05-09 16:29:33', '2022-05-09 16:29:33'),
(4629, 'Muhammad Shahzaib Khan', 'Muhammad Shahid Khan', '19-ES-12', 3, 27, '2022-05-09 16:29:33', '2022-05-09 16:29:33'),
(4630, 'HARPis Bin Abid', 'Abid Hussain', '19-ES-13', 1, 27, '2022-05-09 16:29:33', '2022-05-09 16:29:33'),
(4631, 'Syeda WARPisha Khalid', 'Syed Khalid Shahzad', '19-ES-14', 3, 27, '2022-05-09 16:29:33', '2022-05-09 16:29:33'),
(4632, 'Muhammad Rashid', 'Ghulam sARPwARP', '19-ES-15', 1, 27, '2022-05-09 16:29:33', '2022-05-09 16:29:33'),
(4633, 'ABDUL WAHAB', 'MUHAMMAD YOUSAF', '19-ES-16', 3, 27, '2022-05-09 16:29:33', '2022-05-09 16:29:33'),
(4634, 'Rameen', 'Muhammad Siddique', '19-ES-17', 1, 27, '2022-05-09 16:29:33', '2022-05-09 16:29:33'),
(4635, 'Shakeel Ahmed', 'Khalid hussain', '19-ES-18', 3, 27, '2022-05-09 16:29:33', '2022-05-09 16:29:33'),
(4636, 'Wali Ullah', 'Muhammad Zahid Hussain', '19-ES-19', 1, 27, '2022-05-09 16:29:33', '2022-05-09 16:29:33'),
(4637, 'SIKANDARP KHAN', 'ARPBAB ALI', '19-ES-20', 3, 27, '2022-05-09 16:29:33', '2022-05-09 16:29:33'),
(4638, 'MUHAMMAD VALEED', 'MUHAMMAD NADEEM SIDDIQUI', '19-ES-21', 1, 27, '2022-05-09 16:29:33', '2022-05-09 16:29:33'),
(4639, 'SAMRAH HASNAIN', 'MUHAMMAD HASNAIN', '19-ES-22', 3, 27, '2022-05-09 16:29:33', '2022-05-09 16:29:33'),
(4640, 'muneeb ul haque', 'mujeeb ul haque', '19-ES-23', 1, 27, '2022-05-09 16:29:33', '2022-05-09 16:29:33'),
(4641, 'Zohail Ali Sultani', 'Muhammad Hafeez Sultani', '19-ES-25', 1, 27, '2022-05-09 16:29:33', '2022-05-09 16:29:33'),
(4642, 'Syed Mudasir Inam', 'Syed Inam Ali Shah', '19-ES-28', 3, 27, '2022-05-09 16:29:33', '2022-05-09 16:29:33'),
(4643, 'Meer Hameer', 'Muhammad Hashim', '19-ES-29', 1, 27, '2022-05-09 16:29:33', '2022-05-09 16:29:33'),
(4644, 'MUHAMMAD DANIYAL HUSSAIN', 'MUHAMMAD HUSSAIN', '19-ES-30', 3, 27, '2022-05-09 16:29:33', '2022-05-09 16:29:33'),
(4645, 'Musab Asif Akber', 'Asif Akber', '19-ES-31', 1, 27, '2022-05-09 16:29:33', '2022-05-09 16:29:33'),
(4646, 'Nabeel Ahmed', 'Tabish AkhtARP', '19-ES-33', 1, 27, '2022-05-09 16:29:33', '2022-05-09 16:29:33'),
(4647, 'Muhammad Saleem', 'Shakhal Khan', '19-ES-34', 3, 27, '2022-05-09 16:29:33', '2022-05-09 16:29:33'),
(4648, 'M.IBAD RAUF', 'ABDUL RAUF', '19-ES-35', 1, 27, '2022-05-09 16:29:33', '2022-05-09 16:29:33'),
(4649, 'Muhammad AzhARP Nasir', 'Nasir Uddin', '19-ES-36', 3, 27, '2022-05-09 16:29:33', '2022-05-09 16:29:33'),
(4650, 'Sajad Ali', 'Shahmir Khan', '19-ES-37', 1, 27, '2022-05-09 16:29:33', '2022-05-09 16:29:33'),
(4651, 'HallARP', 'MazhARP Hussain', '19-ES-38', 3, 27, '2022-05-09 16:29:33', '2022-05-09 16:29:33'),
(4652, 'SABEEL UR REHMAN', 'GUL REHMAN', '19-ES-39', 1, 27, '2022-05-09 16:29:33', '2022-05-09 16:29:33'),
(4653, 'Syed Muhammad Hamza', 'Syed Muhammad Yahya', '19-ES-41', 1, 27, '2022-05-09 16:29:33', '2022-05-09 16:29:33'),
(4654, 'Ahmed Raza', 'Abdul Aziz', '19-ES-42', 3, 27, '2022-05-09 16:29:33', '2022-05-09 16:29:33'),
(4655, 'Asadullah Shaikh', 'Ghulam Mustafa Shaikh', '19-ES-43', 1, 27, '2022-05-09 16:29:33', '2022-05-09 16:29:33'),
(4656, 'Mansoor Ali', 'Khuda Bux', '19-ES-44', 3, 27, '2022-05-09 16:29:33', '2022-05-09 16:29:33'),
(4657, 'MASHOOQUE AHMED', 'ABDUL AZIZ', '19-ES-46', 3, 27, '2022-05-09 16:29:33', '2022-05-09 16:29:33'),
(4658, 'Urooj  Maqsood', 'Muhammad Maqsood', '19-ES-47', 1, 27, '2022-05-09 16:29:33', '2022-05-09 16:29:33'),
(4659, 'Rafia Ali', 'Muhammad Ali', '19-ES-48', 3, 27, '2022-05-09 16:29:33', '2022-05-09 16:29:33'),
(4660, 'Zohaib Ahmed', 'Aftab Ahmed', '19-ES-51', 1, 27, '2022-05-09 16:29:33', '2022-05-09 16:29:33'),
(4661, 'MASROOR AHMED', 'MUHAMMAD ALI', '19-ES-52', 3, 27, '2022-05-09 16:29:33', '2022-05-09 16:29:33'),
(4662, 'Hunain Iqbal', 'Iqbal Ahmed Shaikh', '19-ES-54', 3, 27, '2022-05-09 16:29:33', '2022-05-09 16:29:33'),
(4663, 'Ahmed Raza', 'Nek Muhammad', '19-ES-55', 1, 27, '2022-05-09 16:29:33', '2022-05-09 16:29:33'),
(4664, 'MalhARP', 'Irshad Muhammad Memon', '19-ES-56', 3, 27, '2022-05-09 16:29:33', '2022-05-09 16:29:33'),
(4665, 'Basit Ali', 'Imdad Ali', '19-ES-57', 2, 27, '2022-05-09 16:29:33', '2022-05-09 16:29:33'),
(4666, 'Waqas Nasir', 'Masroor Hussain Khan', '19-ES-58', 4, 27, '2022-05-09 16:29:33', '2022-05-09 16:29:33'),
(4667, 'MUHAMMAD KHALID KHAN', 'ABDUL HANIF KHAN', '19-ES-59', 2, 27, '2022-05-09 16:29:33', '2022-05-09 16:29:33'),
(4668, 'NADEEM SAEED BALOCHE', 'SAEED AHMAD BALOCHE', '19-ES-60', 4, 27, '2022-05-09 16:29:33', '2022-05-09 16:29:33'),
(4669, 'Rashid Ali', 'Haji Muhammad ARPshad', '19-ES-61', 2, 27, '2022-05-09 16:29:33', '2022-05-09 16:29:33'),
(4670, 'AmmARP Hamza', 'Muhammad Fayyaz Khan', '19-ES-62', 4, 27, '2022-05-09 16:29:33', '2022-05-09 16:29:33'),
(4671, 'SARPFRAZ AHMED', 'NISARP AHMED', '19-ES-63', 2, 27, '2022-05-09 16:29:33', '2022-05-09 16:29:33'),
(4672, 'MARPia Majeed', 'Abdul Majeed', '19-ES-64', 4, 27, '2022-05-09 16:29:33', '2022-05-09 16:29:33'),
(4673, 'Afaq Ahmad', 'Abdul Wahab Zada', '19-ES-65', 2, 27, '2022-05-09 16:29:33', '2022-05-09 16:29:33'),
(4674, 'Azam ali', 'Nazir ali', '19-ES-66', 4, 27, '2022-05-09 16:29:33', '2022-05-09 16:29:33'),
(4675, 'Syed Faizan Qaiser', 'Syed Qaiser Jamal', '19-ES-67', 2, 27, '2022-05-09 16:29:33', '2022-05-09 16:29:33'),
(4676, 'ARPSALAN KHAN', 'MUHAMMAD USMAN', '19-ES-69', 2, 27, '2022-05-09 16:29:33', '2022-05-09 16:29:33'),
(4677, 'Waja Dad KARPim', 'Haji Ghulam Ahmad', '19-ES-70', 4, 27, '2022-05-09 16:29:33', '2022-05-09 16:29:33'),
(4678, 'Najjeb Ullah', 'Habib UR Rehman', '19-ES-71', 2, 27, '2022-05-09 16:29:33', '2022-05-09 16:29:33'),
(4679, 'FIAZ SHAIKH', 'QADIR BUX SHAIKH', '19-ES-72', 4, 27, '2022-05-09 16:29:33', '2022-05-09 16:29:33'),
(4680, 'Salim Ali Khan', 'QamARP Ali Khan', '19-ES-73', 2, 27, '2022-05-09 16:29:33', '2022-05-09 16:29:33'),
(4681, 'RANA ADNAN', 'MUHAMMAD YOUSUF', '19-ES-74', 4, 27, '2022-05-09 16:29:33', '2022-05-09 16:29:33'),
(4682, 'MUHAMMAD ARPEEB KHAN', 'AKBER KAMAL KHAN', '19-ES-76', 4, 27, '2022-05-09 16:29:33', '2022-05-09 16:29:33'),
(4683, 'ABDUL HASEEB', 'SAIN DINO', '19-ES-77', 2, 27, '2022-05-09 16:29:33', '2022-05-09 16:29:33'),
(4684, 'Fahad Hassan', 'Aurangzaib', '19-ES-78', 4, 27, '2022-05-09 16:29:33', '2022-05-09 16:29:33'),
(4685, 'Mir FARPaz Ali', 'Mir Shamshad Ali', '19-ES-79', 2, 27, '2022-05-09 16:29:33', '2022-05-09 16:29:33'),
(4686, 'Asfand YARP Khan', 'TARPiq Mehmood Memon', '19-ES-80', 4, 27, '2022-05-09 16:29:33', '2022-05-09 16:29:33'),
(4687, 'Hassan Ullah Khan', 'Ismail Inam Ullah Khan', '19-ES-81', 2, 27, '2022-05-09 16:29:33', '2022-05-09 16:29:33'),
(4688, 'Irfan Ali', 'Ghulam Murtaza', '19-ES-82', 4, 27, '2022-05-09 16:29:33', '2022-05-09 16:29:33'),
(4689, 'Rozina Bano', 'Fazal Hussain', '19-ES-83', 2, 27, '2022-05-09 16:29:33', '2022-05-09 16:29:33'),
(4690, 'Muhammad Anus', 'Muhammad Akram', '19-ES-84', 4, 27, '2022-05-09 16:29:33', '2022-05-09 16:29:33'),
(4691, 'NOMAN ALI', 'IRSHAD ALI', '19-ES-85', 2, 27, '2022-05-09 16:29:33', '2022-05-09 16:29:33'),
(4692, 'KHALIL ULLAH', 'SHER ALAM KHAN', '19-ES-86', 4, 27, '2022-05-09 16:29:33', '2022-05-09 16:29:33'),
(4693, 'ABDUL KHALIQ', 'JAN MUHAMMAD', '19-ES-87', 2, 27, '2022-05-09 16:29:33', '2022-05-09 16:29:33'),
(4694, 'USAMA', 'ABDUL RASHEED', '19-ES-88', 4, 27, '2022-05-09 16:29:33', '2022-05-09 16:29:33'),
(4695, 'Anus Nadeem', 'NadeemAkhtARP', '19-ES-89', 2, 27, '2022-05-09 16:29:33', '2022-05-09 16:29:33'),
(4696, 'Muhammad Rizwan', 'Muhammad FARPooque', '19-ES-90', 4, 27, '2022-05-09 16:29:33', '2022-05-09 16:29:33'),
(4697, 'Syed Muhammad Azmat Pasha', 'Syed Afroze Pasha', '19-ES-91', 2, 27, '2022-05-09 16:29:33', '2022-05-09 16:29:33'),
(4698, 'ZAFARP UL HAQ', 'ABDUL HAQ', '19-ES-92', 4, 27, '2022-05-09 16:29:33', '2022-05-09 16:29:33'),
(4699, 'IRFAN AHMED', 'ALI HASSAN', '19-ES-93', 2, 27, '2022-05-09 16:29:33', '2022-05-09 16:29:33'),
(4700, 'SUBHEEN ALAM', 'RASHEED ALAM', '19-ES-94', 4, 27, '2022-05-09 16:29:33', '2022-05-09 16:29:33'),
(4701, 'Saddam Hussain', 'Rasool Bux', '19-ES-95', 2, 27, '2022-05-09 16:29:33', '2022-05-09 16:29:33'),
(4702, 'Saboor', 'FARPid Ahmed', '19-ES-96', 4, 27, '2022-05-09 16:29:33', '2022-05-09 16:29:33'),
(4703, 'Abdul Aziz Ahmed', 'Abdul Rehman Soomro', '19-ES-97', 2, 27, '2022-05-09 16:29:33', '2022-05-09 16:29:33'),
(4704, 'AzhARP Maqsood', 'Maqsood Ahmed', '19-ES-99', 2, 27, '2022-05-09 16:29:33', '2022-05-09 16:29:33'),
(4705, 'Ibtesaam Hameed', 'Abdul Hameed', '19/F-ES-01', 1, 26, '2022-05-09 16:29:40', '2022-05-09 16:29:40'),
(4706, 'MUHAMMAD WASIF KHAN', 'WASEEM KHAN', '19/F-ES-02', 3, 26, '2022-05-09 16:29:40', '2022-05-09 16:29:40'),
(4707, 'HAMMAD AHMED KHAN', 'IMRAN AHMED KHAN', '19/F-ES-03', 1, 26, '2022-05-09 16:29:40', '2022-05-09 16:29:40'),
(4708, 'Syed Muhammad Shaheer Rizvi', 'Syed Muhammad Raza Rizvi', '19/F-ES-04', 3, 26, '2022-05-09 16:29:40', '2022-05-09 16:29:40'),
(4709, 'KARPAN KUMARP', 'BANSI LAL', '19/F-ES-05', 1, 26, '2022-05-09 16:29:40', '2022-05-09 16:29:40'),
(4710, 'Ayesha Jawaid', 'Jawaid Akhter', '19/F-ES-06', 3, 26, '2022-05-09 16:29:40', '2022-05-09 16:29:40'),
(4711, 'Zaheer Uddin Shaikh', 'Kabir Uddin Shaikh', '19/F-ES-07', 1, 26, '2022-05-09 16:29:40', '2022-05-09 16:29:40'),
(4712, 'Muhammad Affan', 'Muhammad Hanif', '19/F-ES-08', 3, 26, '2022-05-09 16:29:40', '2022-05-09 16:29:40'),
(4713, 'MunwARP Ali', 'Abdul Hameed', '19/F-ES-10', 3, 26, '2022-05-09 16:29:40', '2022-05-09 16:29:40'),
(4714, 'MAIRAJ MUHAMMAD', 'SHOUKAT ALI', '19/F-ES-11', 1, 26, '2022-05-09 16:29:40', '2022-05-09 16:29:40'),
(4715, 'Ghulam Mujtaba Awan', 'Ghulam Muhammad Awan', '19/F-ES-12', 3, 26, '2022-05-09 16:29:40', '2022-05-09 16:29:40'),
(4716, 'IbrARP Ali Shah', 'ARPs Allah Shah', '19/F-ES-13', 1, 26, '2022-05-09 16:29:40', '2022-05-09 16:29:40'),
(4717, 'Javeria ShARPiq', 'Muhammad ShARPiq', '19/F-ES-14', 3, 26, '2022-05-09 16:29:40', '2022-05-09 16:29:40'),
(4718, 'Muhammad Usman MazhARP', 'MazhARP Hussain', '19/F-ES-15', 1, 26, '2022-05-09 16:29:40', '2022-05-09 16:29:40'),
(4719, 'SURDESH KUMARP OAD', 'SURESH KUMARP OAD', '19/F-ES-18', 3, 26, '2022-05-09 16:29:40', '2022-05-09 16:29:40'),
(4720, 'SAIM RAZA', 'NASEEM MUHAMMAD', '19/F-ES-19', 1, 26, '2022-05-09 16:29:40', '2022-05-09 16:29:40'),
(4721, 'SYED ANAS ALI', 'SYED MUHAMMAD ALI', '19/F-ES-20', 3, 26, '2022-05-09 16:29:40', '2022-05-09 16:29:40'),
(4722, 'Aamir Ali', 'Qurban Ali', '19/F-ES-21', 1, 26, '2022-05-09 16:29:40', '2022-05-09 16:29:40'),
(4723, 'ABU BAKARP', 'ATIQUE SULEMAN', '19/F-ES-22', 3, 26, '2022-05-09 16:29:40', '2022-05-09 16:29:40'),
(4724, 'DANIYAL', 'SHAHBAZ DINO', '19/F-ES-24', 3, 26, '2022-05-09 16:29:40', '2022-05-09 16:29:40'),
(4725, 'MUHAMMAD SAAD', 'MUHAMMAD ASLAM', '19/F-ES-25', 1, 26, '2022-05-09 16:29:40', '2022-05-09 16:29:40'),
(4726, 'Sohail Asif', 'Muhammad Asif', '19/F-ES-26', 3, 26, '2022-05-09 16:29:40', '2022-05-09 16:29:40'),
(4727, 'BAKHAT ALI', 'HAKIM ALI', '19/F-ES-27', 1, 26, '2022-05-09 16:29:40', '2022-05-09 16:29:40'),
(4728, 'SAAD ALI', 'NADEEM GHANI', '19/F-ES-28', 3, 26, '2022-05-09 16:29:40', '2022-05-09 16:29:40'),
(4729, 'Faizan Hussain', 'Ghulam Hussain', '19/F-ES-30', 3, 26, '2022-05-09 16:29:40', '2022-05-09 16:29:40'),
(4730, 'Saaim Ahmed Khan', 'Nizam Ahmed Khan', '19/F-ES-32', 3, 26, '2022-05-09 16:29:40', '2022-05-09 16:29:40'),
(4731, 'Syed Muhammad Bilal Mehdi', 'Syed Hassan DawARP Mehdi', '19/F-ES-34', 3, 26, '2022-05-09 16:29:40', '2022-05-09 16:29:40'),
(4732, 'Munesh Rana', 'Rano', '19/F-ES-35', 1, 26, '2022-05-09 16:29:40', '2022-05-09 16:29:40'),
(4733, 'Aamir Khan', 'DeedARP Hussain', '19/F-ES-37', 1, 26, '2022-05-09 16:29:40', '2022-05-09 16:29:40'),
(4734, 'ABDUL MOHSIN', 'GHOUS MUHAMMAD', '19/F-ES-40', 3, 26, '2022-05-09 16:29:40', '2022-05-09 16:29:40'),
(4735, 'QamARPuzaman', 'Muhammad AnwARP Bhatti', '19/F-ES-43', 1, 26, '2022-05-09 16:29:40', '2022-05-09 16:29:40'),
(4736, 'FARPhan Wali', 'Taj Wali Khan', '19/F-ES-44', 3, 26, '2022-05-09 16:29:40', '2022-05-09 16:29:40'),
(4737, 'Abdul Waheed', 'Abdul Haleem', '19/F-ES-45', 1, 26, '2022-05-09 16:29:40', '2022-05-09 16:29:40'),
(4738, 'Deepak', 'kanya lal', '19/F-ES-46', 3, 26, '2022-05-09 16:29:40', '2022-05-09 16:29:40'),
(4739, 'Iman', 'Abdul Naeem', '19/F-ES-47', 1, 26, '2022-05-09 16:29:40', '2022-05-09 16:29:40'),
(4740, 'MUHAMMAD ZIYAF', 'RIAZ KHAN', '19/F-ES-48', 3, 26, '2022-05-09 16:29:40', '2022-05-09 16:29:40'),
(4741, 'MUHAMMAD FARPAZ BUTT', 'MUHAMMAD RAFEED', '19/F-ES-49', 1, 26, '2022-05-09 16:29:40', '2022-05-09 16:29:40'),
(4742, 'MIDHAT', 'SYED FURQAN RAZA', '19/F-ES-50', 3, 26, '2022-05-09 16:29:40', '2022-05-09 16:29:40'),
(4743, 'bibi hafsa', 'manzoor ahmed awan', '19/F-ES-51', 2, 26, '2022-05-09 16:29:40', '2022-05-09 16:29:40'),
(4744, 'MOHIB ALI', 'HAFIZ ALLAH WARPAIO', '19/F-ES-52', 4, 26, '2022-05-09 16:29:40', '2022-05-09 16:29:40'),
(4745, 'Hamza Mughal', 'Muhammad Boota', '19/F-ES-53', 2, 26, '2022-05-09 16:29:40', '2022-05-09 16:29:40'),
(4746, 'MUHAMMAD AURANGZAIB KHAN', 'MUHAMMAD ANWER KHAN', '19/F-ES-55', 2, 26, '2022-05-09 16:29:40', '2022-05-09 16:29:40'),
(4747, 'MUHAMMAD AHMED', 'MUHAMMAD ISLAM', '19/F-ES-56', 4, 26, '2022-05-09 16:29:40', '2022-05-09 16:29:40'),
(4748, 'OSAMA', 'MUHAMMAD SALEEM', '19/F-ES-57', 2, 26, '2022-05-09 16:29:41', '2022-05-09 16:29:41'),
(4749, 'Mubashira Hamid Aziz', 'Hamid Aziz', '19/F-ES-58', 4, 26, '2022-05-09 16:29:41', '2022-05-09 16:29:41'),
(4750, 'Mezawir Javaid', 'Javaid Iqbal', '19/F-ES-59', 2, 26, '2022-05-09 16:29:41', '2022-05-09 16:29:41'),
(4751, 'FAWAD NUSRAT', 'NUSRAT HUSSAIN', '19/F-ES-60', 4, 26, '2022-05-09 16:29:41', '2022-05-09 16:29:41'),
(4752, 'MUHAMMAD AHSAN', 'MUHAMMAD AMIN', '19/F-ES-61', 2, 26, '2022-05-09 16:29:41', '2022-05-09 16:29:41'),
(4753, 'ARPif Ali Amur', 'ZulfiqARP Hussain Amur', '19/F-ES-63', 2, 26, '2022-05-09 16:29:41', '2022-05-09 16:29:41'),
(4754, 'Syed Hassan Rashid', 'Syed Rashid Iqbal', '19/F-ES-64', 4, 26, '2022-05-09 16:29:41', '2022-05-09 16:29:41'),
(4755, 'ABDULLAH DANISH', 'SHAH MUHAMMAD', '19/F-ES-65', 2, 26, '2022-05-09 16:29:41', '2022-05-09 16:29:41'),
(4756, 'Muhammad Hassan', 'Muhammad Musa', '19/F-ES-66', 4, 26, '2022-05-09 16:29:41', '2022-05-09 16:29:41'),
(4757, 'Esam Eldin', 'Osman', '19/F-ES-67', 2, 26, '2022-05-09 16:29:41', '2022-05-09 16:29:41'),
(4758, 'Muhammad Hammad Hadi', 'Muhammad TARPiq', '19/F-ES-68', 4, 26, '2022-05-09 16:29:41', '2022-05-09 16:29:41'),
(4759, 'Umair Hayat', 'Muhammad Hayat', '19/F-ES-69', 2, 26, '2022-05-09 16:29:41', '2022-05-09 16:29:41'),
(4760, 'ShehARPyARP Khan', 'Shoukat Ali Khan', '19/F-ES-70', 4, 26, '2022-05-09 16:29:41', '2022-05-09 16:29:41'),
(4761, 'Awais Ali Solangi', 'ZulfiqARP Ali Solangi', '19/F-ES-71', 2, 26, '2022-05-09 16:29:41', '2022-05-09 16:29:41'),
(4762, 'Mazkoor Ahmed', 'Ijaz Ali', '19/F-ES-72', 4, 26, '2022-05-09 16:29:41', '2022-05-09 16:29:41'),
(4763, 'MUHAMMAD ANUS SHEIKH', 'SHEIKH MUHAMMAD YOUNUS', '19/F-ES-73', 2, 26, '2022-05-09 16:29:41', '2022-05-09 16:29:41'),
(4764, 'Muhammad Shaheer Hussain', 'Shujat Hussain', '19/F-ES-74', 4, 26, '2022-05-09 16:29:41', '2022-05-09 16:29:41'),
(4765, 'MUHAMMAD HASNAIN BIN IMTIAZ', 'MUHAMMAD IMTIAZ IBRAHIM', '19/F-ES-75', 2, 26, '2022-05-09 16:29:41', '2022-05-09 16:29:41'),
(4766, 'Aizaz Ali Langah', 'Muhammad Khan Langah', '19/F-ES-76', 4, 26, '2022-05-09 16:29:41', '2022-05-09 16:29:41'),
(4767, 'USAID BIN ASAD', 'ASAD AHMED SIDDIQI', '19/F-ES-77', 2, 26, '2022-05-09 16:29:41', '2022-05-09 16:29:41'),
(4768, 'SYED ALYAN KHALID', 'SYED MUHAMMAD KHALID', '19/F-ES-78', 4, 26, '2022-05-09 16:29:41', '2022-05-09 16:29:41'),
(4769, 'sunaila baber mughal', 'baber mughal', '19/F-ES-80', 4, 26, '2022-05-09 16:29:41', '2022-05-09 16:29:41'),
(4770, 'GHULAM ALI', 'NAJAMUDDIN', '19/F-ES-81', 2, 26, '2022-05-09 16:29:41', '2022-05-09 16:29:41'),
(4771, 'Muhammad Yaseen', 'Muhammad Zaman', '19/F-ES-82', 4, 26, '2022-05-09 16:29:41', '2022-05-09 16:29:41'),
(4772, 'shiraz ahmed', 'altaf hussain', '19/F-ES-83', 2, 26, '2022-05-09 16:29:41', '2022-05-09 16:29:41'),
(4773, 'MUHAMMAD JAWAD', 'ABID HUSSAIN', '19/F-ES-84', 4, 26, '2022-05-09 16:29:41', '2022-05-09 16:29:41'),
(4774, 'Muhammad Hammad', 'Muhammad Shaukat', '19/F-ES-85', 2, 26, '2022-05-09 16:29:41', '2022-05-09 16:29:41'),
(4775, 'MUHAMMAD UZAIR', 'ABDUL SATTARP', '19/F-ES-86', 4, 26, '2022-05-09 16:29:41', '2022-05-09 16:29:41'),
(4776, 'MUHAMMAD MAJID RAZA', 'MUHAMMAD RASHID', '19/F-ES-87', 2, 26, '2022-05-09 16:29:41', '2022-05-09 16:29:41'),
(4777, 'Muzzamil Mahmood', 'M M Fateh Mohammad', '19/F-ES-88', 4, 26, '2022-05-09 16:29:41', '2022-05-09 16:29:41'),
(4778, 'Abdul Baqi', 'Abdul Hadi', '19/F-ES-89', 2, 26, '2022-05-09 16:29:41', '2022-05-09 16:29:41'),
(4779, 'Huma Asif', 'Muhammad Asif', '19/F-ES-90', 4, 26, '2022-05-09 16:29:41', '2022-05-09 16:29:41'),
(4780, 'SARPdARP Sami Ullah Rashid', 'Muhammad Rashid Khan', '19/F-ES-91', 2, 26, '2022-05-09 16:29:41', '2022-05-09 16:29:41'),
(4781, 'ADEEL JAWAID', 'JAWAID MIAN', '19/F-ES-92', 4, 26, '2022-05-09 16:29:41', '2022-05-09 16:29:41'),
(4782, 'Alsa', 'Adnan', '19/F-ES-93', 2, 26, '2022-05-09 16:29:41', '2022-05-09 16:29:41'),
(4783, 'ARPBAZ KHAN JOGEZAI', 'MUHAMMAD TAHIR KHAN', '20/F-19/F-ES-62', 4, 25, '2022-05-09 16:29:41', '2022-05-09 16:29:41'),
(4784, 'HAFIZ MUHAMMAD SARPIM ANSARPI', 'MUHAMMAD HUSSAIN', '20-ES-01', 1, 25, '2022-05-09 16:29:47', '2022-05-09 16:29:47'),
(4785, 'Muhammad Zain Islam', 'FARPooq Islam', '20-ES-02', 3, 25, '2022-05-09 16:29:47', '2022-05-09 16:29:47'),
(4786, 'AABIS NASIR', 'NASIR JAMIL', '20-ES-03', 1, 25, '2022-05-09 16:29:47', '2022-05-09 16:29:47'),
(4787, 'AMNA SOLANGI', 'AYAZ ALI SOLANGI', '20-ES-04', 3, 25, '2022-05-09 16:29:47', '2022-05-09 16:29:47'),
(4788, 'Fazal wahab', 'Muhammad Younas', '20-ES-05', 1, 25, '2022-05-09 16:29:47', '2022-05-09 16:29:47'),
(4789, 'SYED MUJTABA MEHDI', 'SYED QAMMARP MEHDI', '20-ES-06', 3, 25, '2022-05-09 16:29:47', '2022-05-09 16:29:47'),
(4790, 'ABDUL MAJID', 'ABDUL KABEER', '20-ES-07', 1, 25, '2022-05-09 16:29:47', '2022-05-09 16:29:47'),
(4791, 'Ghulamullah', 'MunawARP Ali', '20-ES-08', 3, 25, '2022-05-09 16:29:47', '2022-05-09 16:29:47'),
(4792, 'Muhammad Noman Khan', 'Muhammad Ayaz Khan', '20-ES-10', 3, 25, '2022-05-09 16:29:47', '2022-05-09 16:29:47'),
(4793, 'AHTISHAM HUSSAIN', 'MUNEER HUSSAIN', '20-ES-11', 1, 25, '2022-05-09 16:29:47', '2022-05-09 16:29:47'),
(4794, 'SANNAN AKRAM', 'MUHAMMAD AKRAM', '20-ES-12', 3, 25, '2022-05-09 16:29:47', '2022-05-09 16:29:47'),
(4795, 'DANIYAL MAHMOOD', 'MAHMOOD KHAN', '20-ES-13', 1, 25, '2022-05-09 16:29:47', '2022-05-09 16:29:47'),
(4796, 'AnwARP Ali', 'AnwARP Zada', '20-ES-14', 3, 25, '2022-05-09 16:29:47', '2022-05-09 16:29:47'),
(4797, 'Hamza khalid', 'Khalid Hussain', '20-ES-16', 3, 25, '2022-05-09 16:29:47', '2022-05-09 16:29:47'),
(4798, 'ARPij Amin', 'Syed Inamullah', '20-ES-17', 1, 25, '2022-05-09 16:29:47', '2022-05-09 16:29:47'),
(4799, 'ANAS', 'ABDUL SATTARP', '20-ES-18', 3, 25, '2022-05-09 16:29:47', '2022-05-09 16:29:47'),
(4800, 'KISHOR', 'MALU', '20-ES-19', 1, 25, '2022-05-09 16:29:47', '2022-05-09 16:29:47'),
(4801, 'MANZOOR KHAWAJA', 'NADIR ALI', '20-ES-20', 3, 25, '2022-05-09 16:29:47', '2022-05-09 16:29:47'),
(4802, 'Muhammad Huzaifa', 'Abid Ali Khan', '20-ES-21', 1, 25, '2022-05-09 16:29:47', '2022-05-09 16:29:47'),
(4803, 'Sabeen', 'Abdul Razaq Shaikh', '20-ES-22', 3, 25, '2022-05-09 16:29:47', '2022-05-09 16:29:47'),
(4804, 'Shaheer Javed', 'Javed Azeem', '20-ES-23', 1, 25, '2022-05-09 16:29:47', '2022-05-09 16:29:47'),
(4805, 'MUMMAZ ALI', 'MUSHTAQUE AHMED DEPARP', '20-ES-24', 3, 25, '2022-05-09 16:29:47', '2022-05-09 16:29:47'),
(4806, 'Shoaib Ahmed', 'Rafique', '20-ES-25', 1, 25, '2022-05-09 16:29:47', '2022-05-09 16:29:47');
INSERT INTO `duet_students` (`id`, `first_name`, `last_name`, `roll_no`, `section`, `batch_id`, `created_at`, `updated_at`) VALUES
(4807, 'MUHAMMAD HARPIS', 'MUHAMMAD ZIA UD DIN', '20-ES-26', 3, 25, '2022-05-09 16:29:47', '2022-05-09 16:29:47'),
(4808, 'Muhammad Maher Ahmed', 'Muhammad Sajid', '20-ES-27', 1, 25, '2022-05-09 16:29:47', '2022-05-09 16:29:47'),
(4809, 'Syed Bilal Ali', 'Syed Mahboob Ali', '20-ES-28', 3, 25, '2022-05-09 16:29:47', '2022-05-09 16:29:47'),
(4810, 'Fahad Ahmad', 'Allah Rakha', '20-ES-29', 1, 25, '2022-05-09 16:29:47', '2022-05-09 16:29:47'),
(4811, 'Sameer Ahmed', 'Muhammad Ishaq', '20-ES-30', 3, 25, '2022-05-09 16:29:47', '2022-05-09 16:29:47'),
(4812, 'Komail', 'Roshan Ali', '20-ES-31', 2, 25, '2022-05-09 16:29:47', '2022-05-09 16:29:47'),
(4813, 'Naushaba', 'Majid Ali', '20-ES-32', 4, 25, '2022-05-09 16:29:47', '2022-05-09 16:29:47'),
(4814, 'Haseeb Rehman', 'Abdul Rehman Bhutto', '20-ES-33', 2, 25, '2022-05-09 16:29:47', '2022-05-09 16:29:47'),
(4815, 'AAMIR HASSAN', 'MIR HASSAN', '20-ES-34', 4, 25, '2022-05-09 16:29:47', '2022-05-09 16:29:47'),
(4816, 'ALI ADIL', 'SADAQAT ALI', '20-ES-35', 2, 25, '2022-05-09 16:29:47', '2022-05-09 16:29:47'),
(4817, 'Ali akbARP', 'Khalid hussain bhutto', '20-ES-36', 4, 25, '2022-05-09 16:29:47', '2022-05-09 16:29:47'),
(4818, 'Abdul Qadir', 'Khuda Bux', '20-ES-37', 2, 25, '2022-05-09 16:29:47', '2022-05-09 16:29:47'),
(4819, 'MUHAMMAD AAMIR IQBAL', 'MUHAMMAD IQBAL OWAISI', '20-ES-38', 4, 25, '2022-05-09 16:29:47', '2022-05-09 16:29:47'),
(4820, 'Ahmed Raza', 'Abdul Hameed', '20-ES-39', 2, 25, '2022-05-09 16:29:47', '2022-05-09 16:29:47'),
(4821, 'Muhammad Ahmed', 'Muhammad ARPshad Khan', '20-ES-40', 4, 25, '2022-05-09 16:29:47', '2022-05-09 16:29:47'),
(4822, 'Ali Raza', 'Nasir Ali', '20-ES-42', 4, 25, '2022-05-09 16:29:47', '2022-05-09 16:29:47'),
(4823, 'KASHAF NAZ', 'SHAHZAD AHMED', '20-ES-45', 2, 25, '2022-05-09 16:29:47', '2022-05-09 16:29:47'),
(4824, 'SHAYAN TOFIQUE', 'TOFIQUE AHMED', '20-ES-46', 4, 25, '2022-05-09 16:29:47', '2022-05-09 16:29:47'),
(4825, 'Muhammad FARPaz', 'Muhaamad Shabbir', '20-ES-49', 2, 25, '2022-05-09 16:29:47', '2022-05-09 16:29:47'),
(4826, 'MUHAMMAD MUZAMMIL', 'MUHAMMAD SARPFARPAZ', '20-ES-55', 2, 25, '2022-05-09 16:29:47', '2022-05-09 16:29:47'),
(4827, 'Muhammad Raza Sheikh', 'Muhammad Aslam Sheikh', '20-ES-59', 2, 25, '2022-05-09 16:29:47', '2022-05-09 16:29:47'),
(4828, 'Muhammad Saleh Awan', 'AsghARP Hussain', '20-ES-61', 2, 25, '2022-05-09 16:29:48', '2022-05-09 16:29:48'),
(4829, 'Muhammad Shaheer', 'Muhammad Khurram', '20-ES-63', 2, 25, '2022-05-09 16:29:48', '2022-05-09 16:29:48'),
(4830, 'MUHAMMAD ZUHAIR TARPIQ SIDDIQUI', 'MUHAMMAD TARPIQ HAFEEZ SIDDIQUI', '20-ES-73', 2, 25, '2022-05-09 16:29:48', '2022-05-09 16:29:48'),
(4831, 'SAMEER AHMED', 'MUHAMMAD SALEEM', '20-ES-79', 2, 25, '2022-05-09 16:29:48', '2022-05-09 16:29:48'),
(4832, 'Syed Muhammad Taha Aosjah', 'Qalb-e-Hussain Shah', '20-ES-83', 2, 25, '2022-05-09 16:29:48', '2022-05-09 16:29:48'),
(4833, 'UMER RAUF', 'ABDUL RAUF', '20-ES-87', 2, 25, '2022-05-09 16:29:48', '2022-05-09 16:29:48'),
(4834, 'Ushna Khan', 'Muslim FARPooque Khan', '20-ES-88', 4, 25, '2022-05-09 16:29:48', '2022-05-09 16:29:48'),
(4835, 'Zakir Ali', 'Hamid Ali', '20-ES-89', 2, 25, '2022-05-09 16:29:48', '2022-05-09 16:29:48'),
(4836, 'RAJA MEHBOOB ALI', 'JALALUDDIN', '20-ES-92', 4, 25, '2022-05-09 16:29:48', '2022-05-09 16:29:48'),
(4837, 'Muhammad Shuaib', 'Dhani Bux CHEanna', '20-ES-93', 2, 25, '2022-05-09 16:29:48', '2022-05-09 16:29:48'),
(4838, 'MUZZAMIL PATHAN', 'MUHAMMAD AFZAL', '20-ES-95', 2, 25, '2022-05-09 16:29:48', '2022-05-09 16:29:48'),
(4839, 'MUHAMMAD RAEES UL HUSSAIN HASHMI', 'NADEEM SHEHZAD HASHMI', '20-ES-96', 4, 25, '2022-05-09 16:29:48', '2022-05-09 16:29:48'),
(4840, 'MUHAMMAD MOAZZAM KHAN', 'MUHAMMAD SARPFARPAZ KHAN', '21/F-ES-01', 1, 24, '2022-05-09 16:29:55', '2022-05-09 16:29:55'),
(4841, 'Touheed Raza', 'Muhammad Sajid', '21/F-ES-02', 3, 24, '2022-05-09 16:29:55', '2022-05-09 16:29:55'),
(4842, 'Hamid Raza', 'Muhammad Jamil', '21/F-ES-04', 3, 24, '2022-05-09 16:29:55', '2022-05-09 16:29:55'),
(4843, 'Samra Gul', 'Ghulam hussain', '21/F-ES-05', 1, 24, '2022-05-09 16:29:55', '2022-05-09 16:29:55'),
(4844, 'Muhammad Majid', 'Aurangzaib', '21/F-ES-06', 3, 24, '2022-05-09 16:29:55', '2022-05-09 16:29:55'),
(4845, 'Muhammad ARPslan Hyder', 'Muhammad Aslam', '21/F-ES-07', 1, 24, '2022-05-09 16:29:55', '2022-05-09 16:29:55'),
(4846, 'AbdulHaadi', 'Nazir Hussain', '21/F-ES-08', 3, 24, '2022-05-09 16:29:55', '2022-05-09 16:29:55'),
(4847, 'Abdul Samad', 'Fateh Muhammad', '21/F-ES-11', 1, 24, '2022-05-09 16:29:55', '2022-05-09 16:29:55'),
(4848, 'Waleed Hassan', 'ARPif Kamal', '21/F-ES-12', 3, 24, '2022-05-09 16:29:55', '2022-05-09 16:29:55'),
(4849, 'Tasbiha AnwARP Adil', 'AnwARP Adil', '21/F-ES-13', 1, 24, '2022-05-09 16:29:55', '2022-05-09 16:29:55'),
(4850, 'Muhammad Saad', 'Muhammad Mansoor', '21/F-ES-14', 3, 24, '2022-05-09 16:29:55', '2022-05-09 16:29:55'),
(4851, 'Maham Sheikh', 'Muhammad Khalid', '21/F-ES-15', 1, 24, '2022-05-09 16:29:55', '2022-05-09 16:29:55'),
(4852, 'muhammad azlan kamali', 'muhammad zaki kamali', '21/F-ES-16', 3, 24, '2022-05-09 16:29:55', '2022-05-09 16:29:55'),
(4853, 'Syed Atizaz Amin', 'Syed Inamullah', '21/F-ES-17', 1, 24, '2022-05-09 16:29:55', '2022-05-09 16:29:55'),
(4854, 'Mahesh KumARP', 'Ramesh KumARP', '21/F-ES-18', 3, 24, '2022-05-09 16:29:55', '2022-05-09 16:29:55'),
(4855, 'Bazan TARPiq', 'TARPiq Aziz', '21/F-ES-19', 1, 24, '2022-05-09 16:29:55', '2022-05-09 16:29:55'),
(4856, 'Hameez ARPjumand Salik', 'Mohammad Qadeer', '21/F-ES-21', 1, 24, '2022-05-09 16:29:55', '2022-05-09 16:29:55'),
(4857, 'SAHIL', 'KHENPARP MAL', '21/F-ES-22', 3, 24, '2022-05-09 16:29:55', '2022-05-09 16:29:55'),
(4858, 'ARPOOBA YOUSUF', 'SHAIKH MUHAMMAD YOUSUF', '21/F-ES-23', 1, 24, '2022-05-09 16:29:55', '2022-05-09 16:29:55'),
(4859, 'SHEIKH AMMARP', 'ABDUL QADEER', '21/F-ES-25', 1, 24, '2022-05-09 16:29:55', '2022-05-09 16:29:55'),
(4860, 'EHTISHAM UL HAQ', 'M RAMZAN', '21/F-ES-26', 3, 24, '2022-05-09 16:29:55', '2022-05-09 16:29:55'),
(4861, 'Umair Bin Asim', 'Asim Ubaid', '21/F-ES-27', 1, 24, '2022-05-09 16:29:55', '2022-05-09 16:29:55'),
(4862, 'Muhammad Hammad Javed', 'Javed Ahmed', '21/F-ES-28', 3, 24, '2022-05-09 16:29:55', '2022-05-09 16:29:55'),
(4863, 'Syed Hassan Ali Shah', 'Syed Sajid Ali', '21/F-ES-29', 1, 24, '2022-05-09 16:29:55', '2022-05-09 16:29:55'),
(4864, 'Yusra Amir', 'Muhammad Amir', '21/F-ES-31', 1, 24, '2022-05-09 16:29:55', '2022-05-09 16:29:55'),
(4865, 'MUHAMMAD UMER KHAN', 'ABID RAZA KHAN', '21/F-ES-32', 3, 24, '2022-05-09 16:29:55', '2022-05-09 16:29:55'),
(4866, 'Muzamil Ali', 'MuzafARP Ali', '21/F-ES-33', 1, 24, '2022-05-09 16:29:55', '2022-05-09 16:29:55'),
(4867, 'Salman khan', 'Kamal Khan', '21/F-ES-34', 3, 24, '2022-05-09 16:29:55', '2022-05-09 16:29:55'),
(4868, 'MUHAMMAD RIZWAN KHALID', 'KHALID SHAMS', '21/F-ES-36', 3, 24, '2022-05-09 16:29:55', '2022-05-09 16:29:55'),
(4869, 'waqARP khalid bhutto', 'khalid hussain bhutto', '21/F-ES-37', 1, 24, '2022-05-09 16:29:55', '2022-05-09 16:29:55'),
(4870, 'Kinza ', 'Ashiq Hussain', '21/F-ES-39', 1, 24, '2022-05-09 16:29:55', '2022-05-09 16:29:55'),
(4871, 'Muhammad Khan', 'Yousuf Khan', '21/F-ES-40', 3, 24, '2022-05-09 16:29:55', '2022-05-09 16:29:55'),
(4872, 'Muhammad Maaz', 'Tameezuddin Latif', '21/F-ES-41', 2, 24, '2022-05-09 16:29:55', '2022-05-09 16:29:55'),
(4873, 'MUHAMMAD NABEEL HUSSAIN KHAN', 'MUHAMMAD RAFAT HUSSAIN KHAN', '21/F-ES-42', 4, 24, '2022-05-09 16:29:55', '2022-05-09 16:29:55'),
(4874, 'Azhan Shaikh', 'Shakeel AnwARP', '21/F-ES-43', 2, 24, '2022-05-09 16:29:55', '2022-05-09 16:29:55'),
(4875, 'Abdul Rafay', 'Shair Muhammad', '21/F-ES-44', 4, 24, '2022-05-09 16:29:55', '2022-05-09 16:29:55'),
(4876, 'SIDRA LAIQ', 'LAIQ UR REHMAN KHAN', '21/F-ES-45', 2, 24, '2022-05-09 16:29:55', '2022-05-09 16:29:55'),
(4877, 'Furqan Mehdi', 'Bakhshal Khan ', '21/F-ES-46', 4, 24, '2022-05-09 16:29:55', '2022-05-09 16:29:55'),
(4878, 'HUMEESHA', 'DEVDUT', '21/F-ES-47', 2, 24, '2022-05-09 16:29:55', '2022-05-09 16:29:55'),
(4879, 'Muhammad Musadiq', 'Manzoor Ali Tunio', '21/F-ES-48', 4, 24, '2022-05-09 16:29:55', '2022-05-09 16:29:55'),
(4880, 'SUFYAN ALI', 'MUHAMMAD IBRAHEEM', '21/F-ES-49', 2, 24, '2022-05-09 16:29:55', '2022-05-09 16:29:55'),
(4881, 'unknown ', 'AkhtARP Kamal Khan', '21/F-ES-50', 4, 24, '2022-05-09 16:29:55', '2022-05-09 16:29:55'),
(4882, 'Aziz Azeem', 'Muhammad Azeem', '21/F-ES-51', 2, 24, '2022-05-09 16:29:55', '2022-05-09 16:29:55'),
(4883, 'Syed Shah Maknoon', 'Syed ShARPif Hussain', '21/F-ES-52', 4, 24, '2022-05-09 16:29:55', '2022-05-09 16:29:55'),
(4884, 'Muhammad Usama', 'MunawARP Ali', '21/F-ES-53', 2, 24, '2022-05-09 16:29:55', '2022-05-09 16:29:55'),
(4885, 'Hammad Khalil', 'Muhammad Khalil', '21/F-ES-54', 4, 24, '2022-05-09 16:29:55', '2022-05-09 16:29:55'),
(4886, 'Sakina Batool', 'Nawab Hussain', '21/F-ES-57', 2, 24, '2022-05-09 16:29:55', '2022-05-09 16:29:55'),
(4887, 'Sibtain Shah', 'Syed Hashim Raza', '21/F-ES-58', 4, 24, '2022-05-09 16:29:55', '2022-05-09 16:29:55'),
(4888, 'Muhammad Ali', 'Khawaja Muhammad Abid', '21/F-ES-59', 2, 24, '2022-05-09 16:29:55', '2022-05-09 16:29:55'),
(4889, 'Shahzad', 'Meer Muhammad', '21/F-ES-60', 4, 24, '2022-05-09 16:29:55', '2022-05-09 16:29:55'),
(4890, 'Ali Hassan', 'Maqsood Khan', '21/F-ES-61', 2, 24, '2022-05-09 16:29:55', '2022-05-09 16:29:55'),
(4891, 'Sapna', 'Raza Muhammad', '21/F-ES-62', 4, 24, '2022-05-09 16:29:55', '2022-05-09 16:29:55'),
(4892, 'MUHAMMAD ZAIN', 'MUHAMMAD DILSHAD AKHTARP', '21/F-ES-63', 2, 24, '2022-05-09 16:29:55', '2022-05-09 16:29:55'),
(4893, 'wARPisha aslam', 'sheikh muhammad aslam', '21/F-ES-64', 4, 24, '2022-05-09 16:29:55', '2022-05-09 16:29:55'),
(4894, 'ABU SUFIYAN SULTAN', 'MUHAMMAD SULTAN', '21/F-ES-65', 2, 24, '2022-05-09 16:29:55', '2022-05-09 16:29:55'),
(4895, 'Saifullah Khan', 'Muhammad Saleem', '21/F-ES-66', 4, 24, '2022-05-09 16:29:55', '2022-05-09 16:29:55'),
(4896, 'Muhammad Ashhad Hassan', 'Khalid Aqeel', '21/F-ES-67', 2, 24, '2022-05-09 16:29:55', '2022-05-09 16:29:55'),
(4897, 'Huzaim', 'Muhammad AkhtARP', '21/F-ES-68', 4, 24, '2022-05-09 16:29:55', '2022-05-09 16:29:55'),
(4898, 'OWAISZULFIQARP', 'ZULFIQARP ALI', '21/F-ES-70', 4, 24, '2022-05-09 16:29:55', '2022-05-09 16:29:55'),
(4899, 'Muhammad Ammad Faisal', 'Faisal Mumtaz Khan', '21/F-ES-71', 2, 24, '2022-05-09 16:29:55', '2022-05-09 16:29:55'),
(4900, 'NasARP ali', 'Sabir ali', '21/F-ES-72', 4, 24, '2022-05-09 16:29:55', '2022-05-09 16:29:55'),
(4901, 'HAMID ALI', 'AKBARP ALI', '21/F-ES-73', 2, 24, '2022-05-09 16:29:55', '2022-05-09 16:29:55'),
(4902, 'Eman Batool Zaide', 'Lt. Col MussARPat Abbas', '21/F-ES-74', 4, 24, '2022-05-09 16:29:55', '2022-05-09 16:29:55'),
(4903, 'Zahid Ali', 'Ramzan Ali', '21/F-ES-75', 2, 24, '2022-05-09 16:29:55', '2022-05-09 16:29:55'),
(4904, 'Saleem Abbas', 'Ghulam Abbas', '21/F-ES-76', 4, 24, '2022-05-09 16:29:55', '2022-05-09 16:29:55'),
(4905, 'ARPeeba', 'Muhammad Saeed', '19-CS-01', 1, 31, '2022-05-09 16:30:06', '2022-05-09 16:30:06'),
(4906, 'Nirdosh KumARP', 'Budhoo', '19-CS-02', 1, 31, '2022-05-09 16:30:06', '2022-05-09 16:30:06'),
(4907, 'UMAIMA SIDDIQUI', 'SOHAIL AHMED SIDDIQUI', '19-CS-04', 1, 31, '2022-05-09 16:30:06', '2022-05-09 16:30:06'),
(4908, 'SYED HASEEB AHMED', 'SYED AJAZ AHMED NAQVI', '19-CS-05', 1, 31, '2022-05-09 16:30:06', '2022-05-09 16:30:06'),
(4909, 'Jamal Ahmed', 'Muhammad Afzal', '19-CS-06', 1, 31, '2022-05-09 16:30:06', '2022-05-09 16:30:06'),
(4910, 'Maaz Ahmad', 'Bashir Ahmad', '19-CS-07', 1, 31, '2022-05-09 16:30:06', '2022-05-09 16:30:06'),
(4911, 'Mohammad Hammad', 'Maqbool Ahmed', '19-CS-08', 1, 31, '2022-05-09 16:30:06', '2022-05-09 16:30:06'),
(4912, 'Tanveer Hussain', 'Muhammad Alam', '19-CS-09', 1, 31, '2022-05-09 16:30:06', '2022-05-09 16:30:06'),
(4913, 'Bilal Shafi', 'Muhammad Shafi', '19-CS-10', 1, 31, '2022-05-09 16:30:06', '2022-05-09 16:30:06'),
(4914, 'Mohammad Shahbaz TARPiq', 'Shamim ur Rehman TARiq NaiCHE', '19-CS-11', 1, 31, '2022-05-09 16:30:06', '2022-05-09 16:30:06'),
(4915, 'Ifra Saleem', 'Mohammad Saleem', '19-CS-12', 1, 31, '2022-05-09 16:30:06', '2022-05-09 16:30:06'),
(4916, 'UM E ROHMA', 'BILAL AHMED', '19-CS-13', 1, 31, '2022-05-09 16:30:06', '2022-05-09 16:30:06'),
(4917, 'sagARP lal', 'suresh kumARP', '19-CS-14', 1, 31, '2022-05-09 16:30:06', '2022-05-09 16:30:06'),
(4918, 'ABDULLAH MEMON', 'JAWAD AHMED MEMON', '19-CS-15', 1, 31, '2022-05-09 16:30:06', '2022-05-09 16:30:06'),
(4919, 'Hira Fatima', 'Khalid Mehmood', '19-CS-16', 1, 31, '2022-05-09 16:30:06', '2022-05-09 16:30:06'),
(4920, 'AZIZ ULLAH', 'SHAH HUSAIN', '19-CS-17', 1, 31, '2022-05-09 16:30:06', '2022-05-09 16:30:06'),
(4921, 'Abdullah Safwan', 'Muhammad Sualeh Hashmi', '19-CS-19', 1, 31, '2022-05-09 16:30:06', '2022-05-09 16:30:06'),
(4922, 'ZUBAIR', 'ABDUL RAZZAQUE', '19-CS-20', 1, 31, '2022-05-09 16:30:06', '2022-05-09 16:30:06'),
(4923, 'SYED SAQIB ALI ZAIDI', 'SYED HAIDER ALI ZAIDI', '19-CS-21', 1, 31, '2022-05-09 16:30:06', '2022-05-09 16:30:06'),
(4924, 'zain-ul-abdin', 'shoukat ali', '19-CS-22', 1, 31, '2022-05-09 16:30:06', '2022-05-09 16:30:06'),
(4925, 'PARPAS', 'SAYED ABDUL HAKEEM SHAH', '19-CS-23', 1, 31, '2022-05-09 16:30:06', '2022-05-09 16:30:06'),
(4926, 'Nitesh KumARP', 'CHEandi Ram', '19-CS-24', 1, 31, '2022-05-09 16:30:06', '2022-05-09 16:30:06'),
(4927, 'MINHAJ SOHAIL', 'SOHAIL AHMED', '19-CS-25', 1, 31, '2022-05-09 16:30:06', '2022-05-09 16:30:06'),
(4928, 'Tehreem', 'Kamal u ddin', '19-CS-26', 1, 31, '2022-05-09 16:30:06', '2022-05-09 16:30:06'),
(4929, 'Muhibullah Khan Kamali', 'Rasheed Ahmed Kamali', '19-CS-27', 2, 31, '2022-05-09 16:30:06', '2022-05-09 16:30:06'),
(4930, 'ShARPukh khan', 'Zain ul Abdin', '19-CS-29', 2, 31, '2022-05-09 16:30:06', '2022-05-09 16:30:06'),
(4931, 'Munesh KumARP', 'Sawai', '19-CS-30', 2, 31, '2022-05-09 16:30:06', '2022-05-09 16:30:06'),
(4932, 'Muhammad Wajih Uz Zama Khan', 'Muhammad Khaliq Uz Zama Khan', '19-CS-31', 2, 31, '2022-05-09 16:30:06', '2022-05-09 16:30:06'),
(4933, 'ZaffARPullah', 'Muhammad Suleman', '19-CS-32', 2, 31, '2022-05-09 16:30:06', '2022-05-09 16:30:06'),
(4934, 'Muhammad Zeeshan Ali', 'ZulfiqARP Hussain', '19-CS-33', 2, 31, '2022-05-09 16:30:06', '2022-05-09 16:30:06'),
(4935, 'Vivek', 'HARPesh kumARP', '19-CS-34', 2, 31, '2022-05-09 16:30:06', '2022-05-09 16:30:06'),
(4936, 'Muhammad Emmad ARPshad Siddiqui', 'Muhammad ARPshad Ali Siddiqui', '19-CS-35', 2, 31, '2022-05-09 16:30:06', '2022-05-09 16:30:06'),
(4937, 'Mohammad Hussain', 'NazARP Hussain', '19-CS-36', 2, 31, '2022-05-09 16:30:06', '2022-05-09 16:30:06'),
(4938, 'Shafquat Nawaz', 'Zahid Hussain', '19-CS-37', 2, 31, '2022-05-09 16:30:06', '2022-05-09 16:30:06'),
(4939, 'muhammad sameer', 'nadeem akhtARP', '19-CS-38', 2, 31, '2022-05-09 16:30:06', '2022-05-09 16:30:06'),
(4940, 'AARPISH IRFAN', 'IRFAN ULLAH', '19-CS-39', 2, 31, '2022-05-09 16:30:06', '2022-05-09 16:30:06'),
(4941, 'Muhammad FARPjad Raza', 'Ishrat Hussain', '19-CS-40', 2, 31, '2022-05-09 16:30:06', '2022-05-09 16:30:06'),
(4942, 'Hibba Batool', 'Shahid Hussain', '19-CS-41', 2, 31, '2022-05-09 16:30:06', '2022-05-09 16:30:06'),
(4943, 'YASIR ALI', 'ALI BUX', '19-CS-42', 2, 31, '2022-05-09 16:30:06', '2022-05-09 16:30:06'),
(4944, 'MOHADDISA NAPER', 'AURANGZEB NAPER', '19-CS-43', 2, 31, '2022-05-09 16:30:06', '2022-05-09 16:30:06'),
(4945, 'Iqra', 'Muhammad NisARP', '19-CS-44', 2, 31, '2022-05-09 16:30:06', '2022-05-09 16:30:06'),
(4946, 'ZOOBI AJAIB', 'MUHAMMAD AJAIB', '19-CS-45', 2, 31, '2022-05-09 16:30:06', '2022-05-09 16:30:06'),
(4947, 'MUHAMMAD ABBAS', 'FARPHAT ABBAS', '19-CS-46', 2, 31, '2022-05-09 16:30:06', '2022-05-09 16:30:06'),
(4948, 'talha dARP', 'babARP jamil', '19-CS-47', 2, 31, '2022-05-09 16:30:06', '2022-05-09 16:30:06'),
(4949, 'INSARPAM ALAM SIDDIQUE', 'IMTIAZ ALAM', '19-CS-48', 2, 31, '2022-05-09 16:30:06', '2022-05-09 16:30:06'),
(4950, 'Ali Raza', 'Khan Muhammad', '19-CS-49', 2, 31, '2022-05-09 16:30:06', '2022-05-09 16:30:06'),
(4951, 'Sahil KumARP', 'Lakhmi CHEand', '19-CS-50', 2, 31, '2022-05-09 16:30:06', '2022-05-09 16:30:06'),
(4952, 'Muhammad Mustafa Solangi', 'Mashhood Mustafa Solangi', '19/F-CS-01', 1, 30, '2022-05-09 16:30:14', '2022-05-09 16:30:14'),
(4953, 'Muhammad Sammam Raza', 'Masood Iqbal', '19/F-CS-02', 1, 30, '2022-05-09 16:30:14', '2022-05-09 16:30:14'),
(4954, 'MUHAMMAD OSAMA', 'ABDUL SALAM', '19/F-CS-03', 1, 30, '2022-05-09 16:30:14', '2022-05-09 16:30:14'),
(4955, 'Abdul Sami', 'AkbARP Hussain', '19/F-CS-04', 1, 30, '2022-05-09 16:30:14', '2022-05-09 16:30:14'),
(4956, 'Muhammad ARPslan', 'Muhammad Ramzan', '19/F-CS-05', 1, 30, '2022-05-09 16:30:14', '2022-05-09 16:30:14'),
(4957, 'Faizan Ali', 'TARPiq Aslam', '19/F-CS-06', 1, 30, '2022-05-09 16:30:14', '2022-05-09 16:30:14'),
(4958, 'Mohammed Faizan', 'Mohammed Ramzan', '19/F-CS-07', 1, 30, '2022-05-09 16:30:14', '2022-05-09 16:30:14'),
(4959, 'MUHAMMAD USMAN', 'ABDUL QADEER', '19/F-CS-08', 1, 30, '2022-05-09 16:30:14', '2022-05-09 16:30:14'),
(4960, 'QAISER EJAZ', 'EJAZ AHMED', '19/F-CS-09', 1, 30, '2022-05-09 16:30:14', '2022-05-09 16:30:14'),
(4961, 'Raseen Ahmed CHEaudARPy', 'Aftab Ahmed CHEaudARPy', '19/F-CS-10', 1, 30, '2022-05-09 16:30:14', '2022-05-09 16:30:14'),
(4962, 'Abdul Azeem', 'Abdul SattARP Qureshi', '19/F-CS-11', 1, 30, '2022-05-09 16:30:14', '2022-05-09 16:30:14'),
(4963, 'Muhammad Umair', 'Khadim Hussain', '19/F-CS-12', 1, 30, '2022-05-09 16:30:14', '2022-05-09 16:30:14'),
(4964, 'SYED SHAHEER HASAN', 'SYED SAIF-UL-ISLAM', '19/F-CS-13', 1, 30, '2022-05-09 16:30:14', '2022-05-09 16:30:14'),
(4965, 'Yasir Aziz', 'Abdul Aziz', '19/F-CS-14', 1, 30, '2022-05-09 16:30:14', '2022-05-09 16:30:14'),
(4966, 'MUHAMMAD DANISH', 'ABDUL WAHAB TAGARP', '19/F-CS-15', 1, 30, '2022-05-09 16:30:14', '2022-05-09 16:30:14'),
(4967, 'SYED YASIR UL HAQ', 'SYED NAWAID UL HAQ', '19/F-CS-16', 1, 30, '2022-05-09 16:30:14', '2022-05-09 16:30:14'),
(4968, 'JUNAID AHMED', 'MOULANA MUHAMMAD QASIM CHEISHTI', '19/F-CS-17', 1, 30, '2022-05-09 16:30:14', '2022-05-09 16:30:14'),
(4969, 'faiz mohammad shah', 'azhARP ali shah', '19/F-CS-18', 1, 30, '2022-05-09 16:30:14', '2022-05-09 16:30:14'),
(4970, 'Hamdan Ahmed', 'Uzair Ahmed', '19/F-CS-19', 1, 30, '2022-05-09 16:30:14', '2022-05-09 16:30:14'),
(4971, 'Muhammad Hassan', 'Muhammad Hanif', '19/F-CS-20', 1, 30, '2022-05-09 16:30:14', '2022-05-09 16:30:14'),
(4972, 'ATTA UR RAHMAN FARPOOQI', 'MUHAMMAD FARPOOQ', '19/F-CS-21', 1, 30, '2022-05-09 16:30:14', '2022-05-09 16:30:14'),
(4973, 'Abdullah Saqib', 'Saqib Saleem', '19/F-CS-22', 1, 30, '2022-05-09 16:30:14', '2022-05-09 16:30:14'),
(4974, 'muhammad umair ul islam', 'muhammad akram', '19/F-CS-24', 1, 30, '2022-05-09 16:30:14', '2022-05-09 16:30:14'),
(4975, 'TANVEER', 'MAZHARP ALI', '19/F-CS-25', 2, 30, '2022-05-09 16:30:14', '2022-05-09 16:30:14'),
(4976, 'Muhib Dad Khan', 'Fazal Dad Khan', '19/F-CS-26', 2, 30, '2022-05-09 16:30:14', '2022-05-09 16:30:14'),
(4977, 'Nida WARPis', 'Muhammad WARPis', '19/F-CS-27', 2, 30, '2022-05-09 16:30:14', '2022-05-09 16:30:14'),
(4978, 'RAZAULLAH HUSSAIN', 'MUHAMMAD HUSSAIN', '19/F-CS-28', 2, 30, '2022-05-09 16:30:14', '2022-05-09 16:30:14'),
(4979, 'MUHAMMAD USMAN SAGRI', 'REHAN AHMED SAGRI', '19/F-CS-29', 2, 30, '2022-05-09 16:30:14', '2022-05-09 16:30:14'),
(4980, 'SARPDARP MUHAMMAD JAWWAD ISHTIAQ', 'SARPDARP MUHAMMAD ISHTIAQ KHAN', '19/F-CS-30', 2, 30, '2022-05-09 16:30:14', '2022-05-09 16:30:14'),
(4981, 'Shahzaib KARPim', 'KARPim Dad', '19/F-CS-31', 2, 30, '2022-05-09 16:30:14', '2022-05-09 16:30:14'),
(4982, 'AMNA RAJAB', 'MUHAMMAD RAJAB', '19/F-CS-32', 2, 30, '2022-05-09 16:30:14', '2022-05-09 16:30:14'),
(4983, 'MUHAMMAD MURTUZA KAMLEEN', 'MUHAMMAD KAMLEEN', '19/F-CS-33', 2, 30, '2022-05-09 16:30:14', '2022-05-09 16:30:14'),
(4984, 'MUHAMMAD ZAEM SIDDIQUI', 'MUHAMMAD SOHAIL SIDDIQUI', '19/F-CS-34', 2, 30, '2022-05-09 16:30:14', '2022-05-09 16:30:14'),
(4985, 'Muhammad Shahzil', 'Shahid Hussain', '19/F-CS-35', 2, 30, '2022-05-09 16:30:14', '2022-05-09 16:30:14'),
(4986, 'USMAN TARPIQ', 'MUHAMMAD TARPIQ', '19/F-CS-36', 2, 30, '2022-05-09 16:30:14', '2022-05-09 16:30:14'),
(4987, 'MUHAMMAD HASEEB', 'AYAZ AHMED', '19/F-CS-37', 2, 30, '2022-05-09 16:30:14', '2022-05-09 16:30:14'),
(4988, 'Altamash', 'Salahud Din', '19/F-CS-38', 2, 30, '2022-05-09 16:30:14', '2022-05-09 16:30:14'),
(4989, 'MARPIYAM SHEIKH', 'MUHAMMAD JAFFARP SHEIKH', '19/F-CS-39', 2, 30, '2022-05-09 16:30:14', '2022-05-09 16:30:14'),
(4990, 'Mishaal Amir Qureshi', 'Muhammad Amir Qureshi', '19/F-CS-40', 2, 30, '2022-05-09 16:30:14', '2022-05-09 16:30:14'),
(4991, 'Hasnain mahdi', 'Muhammad Ali', '19/F-CS-41', 2, 30, '2022-05-09 16:30:14', '2022-05-09 16:30:14'),
(4992, 'SYED ROHAN UDDIN', 'SYED ABDUL BASIT', '19/F-CS-42', 2, 30, '2022-05-09 16:30:14', '2022-05-09 16:30:14'),
(4993, 'ABDUL WASAY', 'SIRAJ UR REHMAN MUJAHID', '19/F-CS-43', 2, 30, '2022-05-09 16:30:14', '2022-05-09 16:30:14'),
(4994, 'RANA MUZAMMIL ASHRAF', 'RANA JAVED ASHRAF', '19/F-CS-44', 2, 30, '2022-05-09 16:30:14', '2022-05-09 16:30:14'),
(4995, 'MUHAMMAD HARPIS', 'MUHAMMAD IQBAL', '19/F-CS-45', 2, 30, '2022-05-09 16:30:14', '2022-05-09 16:30:14'),
(4996, 'Imtiaz Ahmed', 'Abdul Wahab', '19/F-CS-46', 2, 30, '2022-05-09 16:30:14', '2022-05-09 16:30:14'),
(4997, 'WaqARP Ahmed', 'Muhammad Akram', '19/F-CS-47', 2, 30, '2022-05-09 16:30:14', '2022-05-09 16:30:14'),
(4998, 'Muhammad Rizwan ul Hassan', 'Noor Hassan', '19/F-CS-48', 2, 30, '2022-05-09 16:30:14', '2022-05-09 16:30:14'),
(4999, 'Suresh', 'Pehlaj', '19/F-CS-49', 2, 30, '2022-05-09 16:30:14', '2022-05-09 16:30:14'),
(5000, 'AQSA IFTIKHARP', 'IFTIKHARP AHMED KHAN', '20-CS-02', 1, 29, '2022-05-09 16:30:21', '2022-05-09 16:30:21'),
(5001, 'AMMARP SHAHZAD IRFAN', 'IRFAN ULLAH', '20-CS-03', 1, 29, '2022-05-09 16:30:21', '2022-05-09 16:30:21'),
(5002, 'Saad Hussain Baig', 'Shahid Hussain', '20-CS-04', 1, 29, '2022-05-09 16:30:21', '2022-05-09 16:30:21'),
(5003, 'Shah Safiullah', 'Abdul KARPim Memon', '20-CS-05', 1, 29, '2022-05-09 16:30:21', '2022-05-09 16:30:21'),
(5004, 'Abdul Qudoos', 'Ismail', '20-CS-06', 1, 29, '2022-05-09 16:30:21', '2022-05-09 16:30:21'),
(5005, 'SALEEM ULLAH KHAN', 'RAFIULLAH KHAN', '20-CS-07', 1, 29, '2022-05-09 16:30:21', '2022-05-09 16:30:21'),
(5006, 'Fida Ullah', 'Rehman Gul', '20-CS-08', 1, 29, '2022-05-09 16:30:21', '2022-05-09 16:30:21'),
(5007, 'Naveed Ahmed', 'Abdul Qayoom', '20-CS-09', 1, 29, '2022-05-09 16:30:21', '2022-05-09 16:30:21'),
(5008, 'Saleh MuzaffARP', 'MuzaffARP Hussain', '20-CS-10', 1, 29, '2022-05-09 16:30:21', '2022-05-09 16:30:21'),
(5009, 'MARPyam Haseeb', 'Haseeb Ahmed', '20-CS-11', 1, 29, '2022-05-09 16:30:21', '2022-05-09 16:30:21'),
(5010, 'Aqsa Iqra', 'AzhARP Ali', '20-CS-12', 1, 29, '2022-05-09 16:30:21', '2022-05-09 16:30:21'),
(5011, 'saad', 'Mushtaque Ahmed', '20-CS-14', 1, 29, '2022-05-09 16:30:21', '2022-05-09 16:30:21'),
(5012, 'Mohammad Shahbaz', 'Manzoor Ali Sohoo', '20-CS-15', 1, 29, '2022-05-09 16:30:21', '2022-05-09 16:30:21'),
(5013, 'Muhammad UmARP', 'Muhammad Ilyas Memon', '20-CS-16', 1, 29, '2022-05-09 16:30:21', '2022-05-09 16:30:21'),
(5014, 'Muhammad ARPqum Khan', 'Imran Ahmed Khan', '20-CS-19', 2, 29, '2022-05-09 16:30:21', '2022-05-09 16:30:21'),
(5015, 'MUHAMMAD SHAHZAIB KHAN', 'ARPSHAD ALI', '20-CS-20', 2, 29, '2022-05-09 16:30:21', '2022-05-09 16:30:21'),
(5016, 'Muhammad Mohib Khan', 'Mahmood Khan', '20-CS-21', 2, 29, '2022-05-09 16:30:21', '2022-05-09 16:30:21'),
(5017, 'Amber Riaz', 'riaz ARPshad', '20-CS-22', 2, 29, '2022-05-09 16:30:21', '2022-05-09 16:30:21'),
(5018, 'faisal ali', 'inayat ali', '20-CS-23', 2, 29, '2022-05-09 16:30:21', '2022-05-09 16:30:21'),
(5019, 'Muhammad Hussain', 'Ayaz Ahmed', '20-CS-24', 2, 29, '2022-05-09 16:30:21', '2022-05-09 16:30:21'),
(5020, 'Aisha Eman', 'Shaikh Khalid Hussain', '20-CS-27', 2, 29, '2022-05-09 16:30:21', '2022-05-09 16:30:21'),
(5021, 'MUHAMMAD ZAIN-UL-ABIDEEN', 'MUHAMMAD NADEEM', '20-CS-28', 2, 29, '2022-05-09 16:30:21', '2022-05-09 16:30:21'),
(5022, 'IBRARP MAQSOOD', 'MAQSOOD AHMED', '20-CS-29', 2, 29, '2022-05-09 16:30:21', '2022-05-09 16:30:21'),
(5023, 'Vimal', 'Bhagu Mal', '20-CS-30', 2, 29, '2022-05-09 16:30:21', '2022-05-09 16:30:21'),
(5024, 'Shahi Rose', 'Shah Alam', '20-CS-31', 2, 29, '2022-05-09 16:30:21', '2022-05-09 16:30:21'),
(5025, 'SUHAIB HYDER BALOUCHE', 'MUHAMMAD ASHRAF BALOUCHE', '20-CS-32', 2, 29, '2022-05-09 16:30:21', '2022-05-09 16:30:21'),
(5026, 'Waniza Ahmed Siddiqui', 'Shakil Ahmed', '20-CS-33', 2, 29, '2022-05-09 16:30:21', '2022-05-09 16:30:21'),
(5027, 'ARPeeba', 'AbrARP Ahmed', '20-CS-34', 2, 29, '2022-05-09 16:30:21', '2022-05-09 16:30:21'),
(5028, 'Sajid Hussain', 'BashARPat Hussain', '20-CS-35', 2, 29, '2022-05-09 16:30:21', '2022-05-09 16:30:21'),
(5029, 'Laiba Raheel', 'Muhammad Raheel Sheikh', '20-CS-36', 2, 29, '2022-05-09 16:30:21', '2022-05-09 16:30:21'),
(5030, 'Ghulam Muhammad', 'Abdul GhaffARP', '21/F-CS-01', 1, 28, '2022-05-09 16:30:29', '2022-05-09 16:30:29'),
(5031, 'TASHBIHA NAZ', 'MUHAMMAD TASLEEM', '21/F-CS-02', 1, 28, '2022-05-09 16:30:29', '2022-05-09 16:30:29'),
(5032, 'Muhammad Abdullah', 'Noor Muhammad', '21/F-CS-03', 1, 28, '2022-05-09 16:30:29', '2022-05-09 16:30:29'),
(5033, 'Haseeb Javed', 'Javed Iqbal', '21/F-CS-04', 1, 28, '2022-05-09 16:30:29', '2022-05-09 16:30:29'),
(5034, 'Muhammad Daniyal', 'Muhammad ARPif', '21/F-CS-05', 1, 28, '2022-05-09 16:30:29', '2022-05-09 16:30:29'),
(5035, 'AzhARP', 'AsghARP Ali', '21/F-CS-06', 1, 28, '2022-05-09 16:30:29', '2022-05-09 16:30:29'),
(5036, 'Shahzad Ali', 'Ghullam Naqi', '21/F-CS-07', 1, 28, '2022-05-09 16:30:29', '2022-05-09 16:30:29'),
(5037, 'Zainab Lakho', 'Abdul Rasool', '21/F-CS-08', 1, 28, '2022-05-09 16:30:29', '2022-05-09 16:30:29'),
(5038, 'ASMA ASLAM', 'MUHAMMAD ASLAM', '21/F-CS-09', 1, 28, '2022-05-09 16:30:29', '2022-05-09 16:30:29'),
(5039, 'HAIDER ALI', 'SARPWARP ALI', '21/F-CS-10', 1, 28, '2022-05-09 16:30:29', '2022-05-09 16:30:29'),
(5040, 'ShARPiq Ali', 'Muhammad Ashraf', '21/F-CS-11', 1, 28, '2022-05-09 16:30:29', '2022-05-09 16:30:29'),
(5041, 'AmmARP Rasool CHEanna', 'Rasool Bux CHEanna', '21/F-CS-12', 1, 28, '2022-05-09 16:30:29', '2022-05-09 16:30:29'),
(5042, 'Zayan Ikhlas', 'Ikhlas Ahmed', '21/F-CS-13', 1, 28, '2022-05-09 16:30:29', '2022-05-09 16:30:29'),
(5043, 'SYED KAIF ABBAS RIZVI', 'SYED QAMARP ABBAS RIZVI', '21/F-CS-14', 1, 28, '2022-05-09 16:30:29', '2022-05-09 16:30:29'),
(5044, 'Muhammad ZAID', 'Waseem Ahmed', '21/F-CS-15', 1, 28, '2022-05-09 16:30:29', '2022-05-09 16:30:29'),
(5045, 'LAIBA BATOOL', 'UHAMMAD ATHARP', '21/F-CS-17', 1, 28, '2022-05-09 16:30:29', '2022-05-09 16:30:29'),
(5046, 'Hafiz Muhammad Talha', 'Muhammad Rafique Siddiqui', '21/F-CS-18', 1, 28, '2022-05-09 16:30:29', '2022-05-09 16:30:29'),
(5047, 'ABDUL BASIT', 'MUHAMMAD ABID', '21/F-CS-19', 1, 28, '2022-05-09 16:30:29', '2022-05-09 16:30:29'),
(5048, 'Muhammad Haseeb Hassan', 'Abid Hassan', '21/F-CS-20', 1, 28, '2022-05-09 16:30:29', '2022-05-09 16:30:29'),
(5049, 'Abdul Rafy Khan', 'Muhammad Ayub Khan', '21/F-CS-21', 1, 28, '2022-05-09 16:30:29', '2022-05-09 16:30:29'),
(5050, 'Syed Sameel Ali', 'Syed AzhARP Ali', '21/F-CS-22', 1, 28, '2022-05-09 16:30:29', '2022-05-09 16:30:29'),
(5051, 'Muhammad Saad', 'Muhammad Hanif', '21/F-CS-23', 1, 28, '2022-05-09 16:30:29', '2022-05-09 16:30:29'),
(5052, 'Muhammad Abdullah Shaikh', 'Muhammad Rajab Shaikh', '21/F-CS-24', 1, 28, '2022-05-09 16:30:29', '2022-05-09 16:30:29'),
(5053, 'USMAN AHMED KHAN', 'Matloob Ahmed Khan', '21/F-CS-25', 1, 28, '2022-05-09 16:30:29', '2022-05-09 16:30:29'),
(5054, 'ARPshad Nizam', 'Nizamuddin', '21/F-CS-26', 2, 28, '2022-05-09 16:30:29', '2022-05-09 16:30:29'),
(5055, 'Filza Thaboo', 'Mohammad Saleem', '21/F-CS-27', 2, 28, '2022-05-09 16:30:29', '2022-05-09 16:30:29'),
(5056, 'MUZAFARP HUSSAIN', 'ALI NAWAZ', '21/F-CS-28', 2, 28, '2022-05-09 16:30:29', '2022-05-09 16:30:29'),
(5057, 'QammARP Hassan', 'Jawaid Iqbal', '21/F-CS-30', 2, 28, '2022-05-09 16:30:29', '2022-05-09 16:30:29'),
(5058, 'Muhammad Abdullah', 'Amir Mehmood Khanzada', '21/F-CS-31', 2, 28, '2022-05-09 16:30:29', '2022-05-09 16:30:29'),
(5059, 'Muhammad moiz', 'Muhammad yameen AnsARPi', '21/F-CS-32', 2, 28, '2022-05-09 16:30:29', '2022-05-09 16:30:29'),
(5060, 'Okasha Rasool', 'Javeed Rasool', '21/F-CS-33', 2, 28, '2022-05-09 16:30:29', '2022-05-09 16:30:29'),
(5061, 'Muhammad Huzaifa Shaikh', 'Muhammad Nadeem', '21/F-CS-34', 2, 28, '2022-05-09 16:30:29', '2022-05-09 16:30:29'),
(5062, 'AHMED MUBASHIR ALEEM', 'ABDUL ALEEM AHMED', '21/F-CS-35', 2, 28, '2022-05-09 16:30:29', '2022-05-09 16:30:29'),
(5063, 'Amir Ali', 'Jan Muhammad', '21/F-CS-36', 2, 28, '2022-05-09 16:30:29', '2022-05-09 16:30:29'),
(5064, 'Shahzad Ali', 'Pervez Ali', '21/F-CS-38', 2, 28, '2022-05-09 16:30:29', '2022-05-09 16:30:29'),
(5065, 'Waseem Ahmed Jamali', 'Shoukat ali', '21/F-CS-40', 2, 28, '2022-05-09 16:30:29', '2022-05-09 16:30:29'),
(5066, 'Doshant', 'Rano', '21/F-CS-41', 2, 28, '2022-05-09 16:30:29', '2022-05-09 16:30:29'),
(5067, 'SIDRA NADEEM', 'NADEEM UD DIN', '21/F-CS-42', 2, 28, '2022-05-09 16:30:29', '2022-05-09 16:30:29'),
(5068, 'Muhammad Zain ul Hassan', 'Noor Hassan', '21/F-CS-43', 2, 28, '2022-05-09 16:30:29', '2022-05-09 16:30:29'),
(5069, 'ARPSLAN AHMED', 'KHADIM HUSSAIN', '21/F-CS-44', 2, 28, '2022-05-09 16:30:29', '2022-05-09 16:30:29'),
(5070, 'Muhammad Saddique Shah', 'Syed Shah', '21/F-CS-45', 2, 28, '2022-05-09 16:30:29', '2022-05-09 16:30:29'),
(5071, 'Ameer hamza', 'Raza hussain', '21/F-CS-46', 2, 28, '2022-05-09 16:30:29', '2022-05-09 16:30:29'),
(5072, 'Kamran Haider', 'Riaz Hussain', '21/F-CS-47', 2, 28, '2022-05-09 16:30:29', '2022-05-09 16:30:29'),
(5073, 'Bhawani ShankARP', 'Kirshan', '21/F-CS-48', 2, 28, '2022-05-09 16:30:29', '2022-05-09 16:30:29'),
(5074, 'Muhammad Ayaz', 'Bahlool', '21/F-CS-49', 2, 28, '2022-05-09 16:30:29', '2022-05-09 16:30:29'),
(5075, 'Sibtain Abbas', 'Asadullah', '21/F-CS-50', 2, 28, '2022-05-09 16:30:29', '2022-05-09 16:30:29'),
(5076, 'Syed Fahmeed Ali', 'Syed Liaquat Ali', '19-CHE-01', 1, 39, '2022-05-09 16:30:38', '2022-05-09 16:30:38'),
(5077, 'MUHAMMAD EBAUR-RAB', 'MUHAMMAD SHOUKAT ALI', '19-CHE-02', 3, 39, '2022-05-09 16:30:38', '2022-05-09 16:30:38'),
(5078, 'Sumaiya', 'Hafiz Abdul Lateef', '19-CHE-03', 1, 39, '2022-05-09 16:30:38', '2022-05-09 16:30:38'),
(5079, 'Syed Muhammad Osama', 'Syed Muhammad Ishtiaq', '19-CHE-04', 3, 39, '2022-05-09 16:30:38', '2022-05-09 16:30:38'),
(5080, 'ASAD ABDUL AZIZ SIDDIQUI', 'ABDUL WAHAB SIDDIQUI', '19-CHE-05', 1, 39, '2022-05-09 16:30:38', '2022-05-09 16:30:38'),
(5081, 'Moeez khan', 'Abdul Saeed Khan', '19-CHE-06', 3, 39, '2022-05-09 16:30:38', '2022-05-09 16:30:38'),
(5082, 'MUHAMMAD USMAN ASHRAF', 'MUHAMMAD ASHRAF', '19-CHE-07', 1, 39, '2022-05-09 16:30:38', '2022-05-09 16:30:38'),
(5083, 'HAMMAD ULLAH', 'GHULAM MUSTAFA', '19-CHE-08', 3, 39, '2022-05-09 16:30:38', '2022-05-09 16:30:38'),
(5084, 'Abdul Qayoom', 'Muhammad Hashim', '19-CHE-09', 1, 39, '2022-05-09 16:30:38', '2022-05-09 16:30:38'),
(5085, 'HAFIZ MUHAMMAD OSAMA HASSAN', 'MUHAMMAD NEHAL HASSAN', '19-CHE-10', 3, 39, '2022-05-09 16:30:38', '2022-05-09 16:30:38'),
(5086, 'Aijaz Ahmed', 'Mohammad Suleman', '19-CHE-11', 1, 39, '2022-05-09 16:30:38', '2022-05-09 16:30:38'),
(5087, 'TALHA', 'MUHAMMAD TARPIQ', '19-CHE-12', 3, 39, '2022-05-09 16:30:38', '2022-05-09 16:30:38'),
(5088, 'MUHAMMAD TARPIQ KHAN', 'FAYYAZ AHMED KHAN', '19-CHE-13', 1, 39, '2022-05-09 16:30:38', '2022-05-09 16:30:38'),
(5089, 'Musawir Ali', 'Imdad Ali', '19-CHE-15', 1, 39, '2022-05-09 16:30:38', '2022-05-09 16:30:38'),
(5090, 'MUHAMMAD HUNAIN KHAN', 'MUHAMMAD MAZHARP KHAN', '19-CHE-16', 3, 39, '2022-05-09 16:30:38', '2022-05-09 16:30:38'),
(5091, 'Shakaib Ali Baig', 'Sabir Ali Baig', '19-CHE-17', 1, 39, '2022-05-09 16:30:38', '2022-05-09 16:30:38'),
(5092, 'Muhammad Hamza', 'Abid Ali', '19-CHE-18', 3, 39, '2022-05-09 16:30:38', '2022-05-09 16:30:38'),
(5093, 'sawera odho', 'ghulam qadir odho', '19-CHE-19', 1, 39, '2022-05-09 16:30:38', '2022-05-09 16:30:38'),
(5094, 'AGHA AYATULLAH', 'AGHA AMANULLAH', '19-CHE-20', 3, 39, '2022-05-09 16:30:38', '2022-05-09 16:30:38'),
(5095, 'Mohammad Adil Safeer', 'Mohammad Aqeel', '19-CHE-21', 1, 39, '2022-05-09 16:30:38', '2022-05-09 16:30:38'),
(5096, 'MehARP Ali Mujtaba', 'NisARP Hussain ShARP BaloCHE', '19-CHE-22', 3, 39, '2022-05-09 16:30:38', '2022-05-09 16:30:38'),
(5097, 'SYED MUHAMMAD ASKARPI RIZVI', 'SYED AZHER ABBAS RIZVI', '19-CHE-24', 3, 39, '2022-05-09 16:30:38', '2022-05-09 16:30:38'),
(5098, 'Haseeb Tahir', 'Tahir Iqbal', '19-CHE-25', 1, 39, '2022-05-09 16:30:38', '2022-05-09 16:30:38'),
(5099, 'muhammad faisal', 'mudassir majeed', '19-CHE-26', 3, 39, '2022-05-09 16:30:38', '2022-05-09 16:30:38'),
(5100, 'ABDUL RAUF BURKI', 'HAZRAT BILAL', '19-CHE-27', 1, 39, '2022-05-09 16:30:38', '2022-05-09 16:30:38'),
(5101, 'Muhammad Talha', 'Imtiaz Ahmed', '19-CHE-28', 3, 39, '2022-05-09 16:30:38', '2022-05-09 16:30:38'),
(5102, 'Ali Rehman', 'Obaid Ullah Omer', '19-CHE-29', 1, 39, '2022-05-09 16:30:38', '2022-05-09 16:30:38'),
(5103, 'Muhammad ishaque shaikh', 'Abdul razaque shaikh', '19-CHE-30', 3, 39, '2022-05-09 16:30:38', '2022-05-09 16:30:38'),
(5104, 'Abdul Rehman', 'Shafiq Ahmed', '19-CHE-31', 1, 39, '2022-05-09 16:30:38', '2022-05-09 16:30:38'),
(5105, 'Abeer Wali Khan', 'WAJAHAT WALI KHAN', '19-CHE-32', 3, 39, '2022-05-09 16:30:38', '2022-05-09 16:30:38'),
(5106, 'Muhammad Umair', 'Mehboob Illahi', '19-CHE-33', 1, 39, '2022-05-09 16:30:38', '2022-05-09 16:30:38'),
(5107, 'SHAHZAIB', 'KHADIM HUSSAIN', '19-CHE-34', 3, 39, '2022-05-09 16:30:38', '2022-05-09 16:30:38'),
(5108, 'SANA ULLAH', 'MUHAMMAD ASLAM', '19-CHE-35', 1, 39, '2022-05-09 16:30:38', '2022-05-09 16:30:38'),
(5109, 'Muhammad Kashan', 'Haji Naseem Elahi Javed', '19-CHE-36', 3, 39, '2022-05-09 16:30:38', '2022-05-09 16:30:38'),
(5110, 'HARPis', 'Saeed Ahmed', '19-CHE-37', 1, 39, '2022-05-09 16:30:38', '2022-05-09 16:30:38'),
(5111, 'Aftab Ali', 'Abdul Ali', '19-CHE-38', 3, 39, '2022-05-09 16:30:38', '2022-05-09 16:30:38'),
(5112, 'MUHAMMAD DURREZ BAZMI', 'MUHAMMAD SHAFIQ BAZMI', '19-CHE-39', 1, 39, '2022-05-09 16:30:38', '2022-05-09 16:30:38'),
(5113, 'Muhammad Abdullah Khan', 'Muhammad ARPif Khan', '19-CHE-40', 3, 39, '2022-05-09 16:30:38', '2022-05-09 16:30:38'),
(5114, 'Mairaj Ali', 'Qurban Ali', '19-CHE-41', 1, 39, '2022-05-09 16:30:38', '2022-05-09 16:30:38'),
(5115, 'Jamshed Ahmed', 'Khamiso', '19-CHE-42', 3, 39, '2022-05-09 16:30:38', '2022-05-09 16:30:38'),
(5116, 'MUHAMMAD ZAIN', 'MUHAMMAD WASI', '19-CHE-43', 1, 39, '2022-05-09 16:30:38', '2022-05-09 16:30:38'),
(5117, 'ABDUL REHMAN', 'MUMTAZ AHMED', '19-CHE-44', 3, 39, '2022-05-09 16:30:38', '2022-05-09 16:30:38'),
(5118, 'Suhrab Ali', 'Shaib Ali', '19-CHE-45', 1, 39, '2022-05-09 16:30:38', '2022-05-09 16:30:38'),
(5119, 'Mohammad Hamad', 'Mohammad Ismail', '19-CHE-46', 3, 39, '2022-05-09 16:30:38', '2022-05-09 16:30:38'),
(5120, 'Muneer Ahmed', 'Zameer Hussain Wassan', '19-CHE-47', 1, 39, '2022-05-09 16:30:38', '2022-05-09 16:30:38'),
(5121, 'amjid ali', 'ghulam shabir', '19-CHE-48', 3, 39, '2022-05-09 16:30:38', '2022-05-09 16:30:38'),
(5122, 'Faisal Mahmood', 'Muhammad Siddique', '19-CHE-50', 3, 39, '2022-05-09 16:30:38', '2022-05-09 16:30:38'),
(5123, 'Umer Ahmed Khan', 'WaqARP Mehmood Khan Nizami', '19-CHE-51', 1, 39, '2022-05-09 16:30:38', '2022-05-09 16:30:38'),
(5124, 'Muhammad Zubair', 'AkhtARP Ali', '19-CHE-52', 3, 39, '2022-05-09 16:30:38', '2022-05-09 16:30:38'),
(5125, 'Valid AnsARPi', 'Khan Muhammad', '19-CHE-53', 1, 39, '2022-05-09 16:30:38', '2022-05-09 16:30:38'),
(5126, 'musawARP ali', 'rafique ahmed', '19-CHE-54', 3, 39, '2022-05-09 16:30:38', '2022-05-09 16:30:38'),
(5127, 'ASIF ALI', 'ALI GOHARP SOLANGI', '19-CHE-55', 1, 39, '2022-05-09 16:30:38', '2022-05-09 16:30:38'),
(5128, 'Faizan Javed', 'Javed Azeem', '19-CHE-56', 3, 39, '2022-05-09 16:30:38', '2022-05-09 16:30:38'),
(5129, 'ABDUL BAQI', 'ABDUL QAYOOM CHEADHARP', '19-CHE-57', 1, 39, '2022-05-09 16:30:38', '2022-05-09 16:30:38'),
(5130, 'HASSAN NAWAB', 'ALI REHMAN', '19-CHE-58', 3, 39, '2022-05-09 16:30:38', '2022-05-09 16:30:38'),
(5131, 'Ali Haider', 'Abdul Majeed Bhatti', '19-CHE-59', 1, 39, '2022-05-09 16:30:38', '2022-05-09 16:30:38'),
(5132, 'Mubashir Hassan', 'Muhammad Shafiq Ahmed', '19-CHE-60', 3, 39, '2022-05-09 16:30:38', '2022-05-09 16:30:38'),
(5133, 'MUHAMMAD HAMAD QURESHI', 'ABDUL HAMID QURESHI', '19-CHE-61', 1, 39, '2022-05-09 16:30:38', '2022-05-09 16:30:38'),
(5134, 'Syed FARPaz Uddin Hashmi', 'Ashraf Uddin', '19-CHE-62', 3, 39, '2022-05-09 16:30:38', '2022-05-09 16:30:38'),
(5135, 'Ayan Latif', 'Muhammad Latif Khan', '19-CHE-63', 1, 39, '2022-05-09 16:30:38', '2022-05-09 16:30:38'),
(5136, 'ARPBAZ KHAN', 'ARPSALA KHAN', '19-CHE-64', 3, 39, '2022-05-09 16:30:38', '2022-05-09 16:30:38'),
(5137, 'Ghullam TaswARP', 'SAYED ABDUL HAKEEM SHAH', '19-CHE-65', 1, 39, '2022-05-09 16:30:38', '2022-05-09 16:30:38'),
(5138, 'Syed Tanveer Abbas', 'Hassan Raza', '19-CHE-66', 3, 39, '2022-05-09 16:30:38', '2022-05-09 16:30:38'),
(5139, 'Saifullah', 'Abdul latif', '19-CHE-67', 1, 39, '2022-05-09 16:30:38', '2022-05-09 16:30:38'),
(5140, 'Taimoor Ali', 'Liaqat Ali', '19-CHE-68', 3, 39, '2022-05-09 16:30:38', '2022-05-09 16:30:38'),
(5141, 'MOHAMMAD ALI', 'MUHAMMAD ZAHEER', '19-CHE-69', 1, 39, '2022-05-09 16:30:38', '2022-05-09 16:30:38'),
(5142, 'Abdul Samad', 'Abdul Ghafoor', '19-CHE-70', 3, 39, '2022-05-09 16:30:38', '2022-05-09 16:30:38'),
(5143, 'Hassaan Ahmed Khan', 'Aslam Pervez', '19-CHE-71', 1, 39, '2022-05-09 16:30:38', '2022-05-09 16:30:38'),
(5144, 'MUHAMMAD AWAIS', 'BASHIR AHMED KHAN', '19-CHE-72', 3, 39, '2022-05-09 16:30:38', '2022-05-09 16:30:38'),
(5145, 'Soha', 'Muhammad ARPab Bhayo', '19-CHE-73', 1, 39, '2022-05-09 16:30:38', '2022-05-09 16:30:38'),
(5146, 'Shakeel Abbas', 'Qurban Ali', '19-CHE-74', 3, 39, '2022-05-09 16:30:38', '2022-05-09 16:30:38'),
(5147, 'SIRAJ AHMED', 'NISARP AHMED', '19-CHE-75', 1, 39, '2022-05-09 16:30:38', '2022-05-09 16:30:38'),
(5148, 'ARPshad Ali Khan', 'Muhtamim Khan', '19-CHE-76', 3, 39, '2022-05-09 16:30:38', '2022-05-09 16:30:38'),
(5149, 'SAJID ALI', 'MUHAMMAD RAMZAN', '19-CHE-77', 1, 39, '2022-05-09 16:30:38', '2022-05-09 16:30:38'),
(5150, 'Muhammad Moiz Baig', 'Mirza Tanveer Baig', '19-CHE-79', 1, 39, '2022-05-09 16:30:38', '2022-05-09 16:30:38'),
(5151, 'Muhammad Anas', 'Abdul Qadeer', '19-CHE-80', 3, 39, '2022-05-09 16:30:38', '2022-05-09 16:30:38'),
(5152, 'Muhammad Jibran Kherro', 'Zahid Iqbal', '19-CHE-81', 1, 39, '2022-05-09 16:30:38', '2022-05-09 16:30:38'),
(5153, 'Usman GhaffARP', 'Abdul GhaffARP', '19-CHE-82', 3, 39, '2022-05-09 16:30:38', '2022-05-09 16:30:38'),
(5154, 'USAMA', 'ALTAF HUSSAIN', '19-CHE-85', 1, 39, '2022-05-09 16:30:38', '2022-05-09 16:30:38'),
(5155, 'Taha ahmed', 'Khaliq ahmed', '19-CHE-86', 3, 39, '2022-05-09 16:30:38', '2022-05-09 16:30:38'),
(5156, 'MUHAMMAD USAMA ABDUL MAJEED', 'ABDUL MAJEED', '19-CHE-87', 1, 39, '2022-05-09 16:30:38', '2022-05-09 16:30:38'),
(5157, 'Mohammed Abdullah', 'Abdullahi', '19-CHE-88', 3, 39, '2022-05-09 16:30:38', '2022-05-09 16:30:38'),
(5158, 'ABEER ANJUM', 'MOHAMMAD YOUNAS ANJUM', '19-CHE-89', 1, 39, '2022-05-09 16:30:38', '2022-05-09 16:30:38'),
(5159, 'Wajahat Ali', 'Abid Ali', '19-CHE-90', 3, 39, '2022-05-09 16:30:38', '2022-05-09 16:30:38'),
(5160, 'MUHAMMAD SAMEER KHAN', 'MUDASSIR HUSSAIN', '19-CHE-91', 1, 39, '2022-05-09 16:30:38', '2022-05-09 16:30:38'),
(5161, 'Khadim Hussain', 'Fazal Ali', '19-CHE-92', 3, 39, '2022-05-09 16:30:38', '2022-05-09 16:30:38'),
(5162, 'Muhammad Afzal', 'Muhammad Aslam Solangi', '19/F-CHE-01', 1, 38, '2022-05-09 16:30:44', '2022-05-09 16:30:44'),
(5163, 'Muhammad Shams', 'Muhammad Javed', '19/F-CHE-02', 3, 38, '2022-05-09 16:30:44', '2022-05-09 16:30:44'),
(5164, 'RAFAY KHAN REHMANI', 'SAQIB MUMTAZ KHAN REHMANI', '19/F-CHE-05', 1, 38, '2022-05-09 16:30:44', '2022-05-09 16:30:44'),
(5165, 'AzhARP Ali', 'Rab Dino', '19/F-CHE-06', 3, 38, '2022-05-09 16:30:44', '2022-05-09 16:30:44'),
(5166, 'RANA MUHAMMAD AADIL', 'RANA MUHAMMAD WAZEER', '19/F-CHE-07', 1, 38, '2022-05-09 16:30:44', '2022-05-09 16:30:44'),
(5167, 'RAFI', 'PERVAIZ MUSHTAQ', '19/F-CHE-08', 3, 38, '2022-05-09 16:30:44', '2022-05-09 16:30:44'),
(5168, 'Mohammad FARPaz Masood', 'Abdullah Masood', '19/F-CHE-09', 1, 38, '2022-05-09 16:30:44', '2022-05-09 16:30:44'),
(5169, 'MUHAMMAD ALI', 'UMARP SHAH', '19/F-CHE-11', 1, 38, '2022-05-09 16:30:44', '2022-05-09 16:30:44'),
(5170, 'Talha Kamran', 'Kamran Ahmed', '19/F-CHE-12', 3, 38, '2022-05-09 16:30:44', '2022-05-09 16:30:44'),
(5171, 'Muhammad Ahsan Noor', 'Nooruddin', '19/F-CHE-13', 1, 38, '2022-05-09 16:30:44', '2022-05-09 16:30:44'),
(5172, 'Muhammad Shiraz Hanif', 'Muhammad Hanif', '19/F-CHE-14', 3, 38, '2022-05-09 16:30:44', '2022-05-09 16:30:44'),
(5173, 'ABDULLAH BIN BASHIR', 'BASHIR AHMED', '19/F-CHE-15', 1, 38, '2022-05-09 16:30:44', '2022-05-09 16:30:44'),
(5174, 'MUHAMMAD SAAD KHAN', 'SAGHEER AHMED KHAN', '19/F-CHE-16', 3, 38, '2022-05-09 16:30:44', '2022-05-09 16:30:44'),
(5175, 'Noman Ali', 'Naseem Ahmed', '19/F-CHE-17', 1, 38, '2022-05-09 16:30:44', '2022-05-09 16:30:44'),
(5176, 'HUNAIN ALI KHAN', 'ABDUL QAYOOM', '19/F-CHE-18', 3, 38, '2022-05-09 16:30:44', '2022-05-09 16:30:44'),
(5177, 'Zeeshan Nazir', 'Nazir Ahmed', '19/F-CHE-19', 1, 38, '2022-05-09 16:30:44', '2022-05-09 16:30:44'),
(5178, 'ARPbaz Khan', 'Allah YARP', '19/F-CHE-23', 1, 38, '2022-05-09 16:30:44', '2022-05-09 16:30:44'),
(5179, 'Muhammad AmmARP', 'Muhammad Ashraf', '19/F-CHE-25', 1, 38, '2022-05-09 16:30:44', '2022-05-09 16:30:44'),
(5180, 'MUHAMMAD SIDDIQUE', 'MUHAMMAD YOUNIS', '19/F-CHE-26', 3, 38, '2022-05-09 16:30:44', '2022-05-09 16:30:44'),
(5181, 'Muhammad Anas Faheem', 'Faheem Alam', '19/F-CHE-27', 1, 38, '2022-05-09 16:30:44', '2022-05-09 16:30:44'),
(5182, 'nimra', 'muhammad iqbal', '19/F-CHE-28', 3, 38, '2022-05-09 16:30:44', '2022-05-09 16:30:44'),
(5183, 'Syed Hammad Ahmed', 'Syed Jalil Ur Rehman', '19/F-CHE-29', 1, 38, '2022-05-09 16:30:44', '2022-05-09 16:30:44'),
(5184, 'IMAM DIN', 'KAURO  KHAN', '19/F-CHE-30', 3, 38, '2022-05-09 16:30:44', '2022-05-09 16:30:44'),
(5185, 'MOHSIN NASEER', 'MUHAMMAD NASEER AHMED', '19/F-CHE-31', 1, 38, '2022-05-09 16:30:44', '2022-05-09 16:30:44'),
(5186, 'NARPMEEN', 'SYED ASIF IQBAL', '19/F-CHE-32', 3, 38, '2022-05-09 16:30:44', '2022-05-09 16:30:44'),
(5187, 'Agha ARPsalan Ahmed', 'Agha Adnan Ahmed', '19/F-CHE-33', 1, 38, '2022-05-09 16:30:44', '2022-05-09 16:30:44'),
(5188, 'SUMRAN NADEEM', 'NADEEM ALEEM', '19/F-CHE-34', 3, 38, '2022-05-09 16:30:44', '2022-05-09 16:30:44'),
(5189, 'Abdul Ahad Soomro', 'Shamshad Ahmed Soomro', '19/F-CHE-35', 1, 38, '2022-05-09 16:30:44', '2022-05-09 16:30:44'),
(5190, 'AISHA', 'RAJIB ALI', '19/F-CHE-36', 3, 38, '2022-05-09 16:30:44', '2022-05-09 16:30:44'),
(5191, 'TOUQEER HUSSAIN', 'NADIR HUSSAIN', '19/F-CHE-37', 1, 38, '2022-05-09 16:30:44', '2022-05-09 16:30:44'),
(5192, 'Shamsuddin', 'Shehzado Saleem', '19/F-CHE-38', 3, 38, '2022-05-09 16:30:44', '2022-05-09 16:30:44'),
(5193, 'ABDUL QADEEM', 'MUHAMMAD AZEEM', '19/F-CHE-39', 1, 38, '2022-05-09 16:30:44', '2022-05-09 16:30:44'),
(5194, 'Uzair Ahmed', 'Hidayatullah', '19/F-CHE-40', 3, 38, '2022-05-09 16:30:44', '2022-05-09 16:30:44'),
(5195, 'SAAD ALI', 'WAHID ALI', '19/F-CHE-41', 1, 38, '2022-05-09 16:30:44', '2022-05-09 16:30:44'),
(5196, 'MUHAMMAD ILYAS', 'SIRAJ UD DIN', '19/F-CHE-42', 3, 38, '2022-05-09 16:30:44', '2022-05-09 16:30:44'),
(5197, 'MUHAMMAD HARPIS RIZWAN', 'MUHAMMAD RIZWAN', '19/F-CHE-43', 1, 38, '2022-05-09 16:30:44', '2022-05-09 16:30:44'),
(5198, 'Sajjad Hussain', 'Muhammad Aslam', '19/F-CHE-44', 3, 38, '2022-05-09 16:30:44', '2022-05-09 16:30:44'),
(5199, 'FARPman Hussain', 'Imdad Hussain Shaikh', '19/F-CHE-45', 1, 38, '2022-05-09 16:30:44', '2022-05-09 16:30:44'),
(5200, 'Muhammad Saad Sultan', 'Khalid Pervaiz', '19/F-CHE-46', 3, 38, '2022-05-09 16:30:45', '2022-05-09 16:30:45'),
(5201, 'SYED MUHAMMAD YAHYAH JILANI', 'SYED MUHAMMAD TARPIQ JILANI', '19/F-CHE-47', 1, 38, '2022-05-09 16:30:45', '2022-05-09 16:30:45'),
(5202, 'ARPshad Ali', 'Abdul Rasheed Shaikh', '19/F-CHE-50', 3, 38, '2022-05-09 16:30:45', '2022-05-09 16:30:45'),
(5203, 'ShARPique Ahmed', 'Shakeel Ahmed', '19/F-CHE-51', 1, 38, '2022-05-09 16:30:45', '2022-05-09 16:30:45'),
(5204, 'RASHIDULLAH', 'MIR DOST', '19/F-CHE-52', 3, 38, '2022-05-09 16:30:45', '2022-05-09 16:30:45'),
(5205, 'DAWARP KHALID', 'KHALID NIAZ', '19/F-CHE-53', 1, 38, '2022-05-09 16:30:45', '2022-05-09 16:30:45'),
(5206, 'shahzadi noor', 'imam-ud-din', '19/F-CHE-54', 3, 38, '2022-05-09 16:30:45', '2022-05-09 16:30:45'),
(5207, 'Danish Rathore', 'Kirshan', '19/F-CHE-55', 1, 38, '2022-05-09 16:30:45', '2022-05-09 16:30:45'),
(5208, 'KIFAYAT ULLAH KHAN', 'MEER ZARP ALI KHAN', '19/F-CHE-56', 3, 38, '2022-05-09 16:30:45', '2022-05-09 16:30:45'),
(5209, 'Labib Ahmed', 'Shafique Ahmed', '19/F-CHE-57', 1, 38, '2022-05-09 16:30:45', '2022-05-09 16:30:45'),
(5210, 'MUHAMMAD HAMZA RANA', 'NASIR RANA', '19/F-CHE-58', 3, 38, '2022-05-09 16:30:45', '2022-05-09 16:30:45'),
(5211, 'AQIB GUL', 'GUL KHANDAN', '19/F-CHE-59', 1, 38, '2022-05-09 16:30:45', '2022-05-09 16:30:45'),
(5212, 'SAHIL', 'VIJAY ANAND', '19/F-CHE-60', 3, 38, '2022-05-09 16:30:45', '2022-05-09 16:30:45'),
(5213, 'ZEESHAN ALI', 'HUBDARP ALI BHUTTO', '19/F-CHE-61', 1, 38, '2022-05-09 16:30:45', '2022-05-09 16:30:45'),
(5214, 'Imtiaz Ali', 'Phalai Khan', '19/F-CHE-62', 3, 38, '2022-05-09 16:30:45', '2022-05-09 16:30:45'),
(5215, 'Fida Hussain', 'Ghulam Hyder', '19/F-CHE-63', 1, 38, '2022-05-09 16:30:45', '2022-05-09 16:30:45'),
(5216, 'Hassam Ahmed CHEanna', 'Siraj Ahmed CHEanna', '19/F-CHE-64', 3, 38, '2022-05-09 16:30:45', '2022-05-09 16:30:45'),
(5217, 'ABDUR RAAFEY', 'MUHAMMAD ARPIF', '19/F-CHE-65', 1, 38, '2022-05-09 16:30:45', '2022-05-09 16:30:45'),
(5218, 'MUHAMMAD FURQAN', 'MUHAMMAD IRFAN', '19/F-CHE-66', 3, 38, '2022-05-09 16:30:45', '2022-05-09 16:30:45'),
(5219, 'MUHAMMAD SAQIB', 'ABDUL BARPI', '19/F-CHE-67', 1, 38, '2022-05-09 16:30:45', '2022-05-09 16:30:45'),
(5220, 'Abdul Nasir', 'Abdul Hakeem', '19/F-CHE-68', 3, 38, '2022-05-09 16:30:45', '2022-05-09 16:30:45'),
(5221, 'AKBARP ABBAS SOLANGI', 'GHULAM HUSSAIN', '19/F-CHE-69', 1, 38, '2022-05-09 16:30:45', '2022-05-09 16:30:45'),
(5222, 'Roha RIaz', 'Muhammad Riaz', '19/F-CHE-70', 3, 38, '2022-05-09 16:30:45', '2022-05-09 16:30:45'),
(5223, 'MOHSIN IMRAN', 'IMRAN ZAFARP', '19/F-CHE-71', 1, 38, '2022-05-09 16:30:45', '2022-05-09 16:30:45'),
(5224, 'SYED MOHIB AHMED RIZVI', 'SYED BAQARP NADEEM RIZVI', '19/F-CHE-72', 3, 38, '2022-05-09 16:30:45', '2022-05-09 16:30:45'),
(5225, 'Syed Hammad Ul Hassan', 'Syed Masroor Ul Hassan', '19/F-CHE-74', 3, 38, '2022-05-09 16:30:45', '2022-05-09 16:30:45'),
(5226, 'MUHAMMAD SAMEER HAMID', 'HAMID ALI', '19/F-CHE-75', 1, 38, '2022-05-09 16:30:45', '2022-05-09 16:30:45'),
(5227, 'ADNAN', 'MUHAMMAD ASLAM', '19/F-CHE-77', 1, 38, '2022-05-09 16:30:45', '2022-05-09 16:30:45'),
(5228, 'Shiraz ZafARP Ali CHEanna', 'ZafARP Ali CHEanna', '19/F-CHE-78', 3, 38, '2022-05-09 16:30:45', '2022-05-09 16:30:45'),
(5229, 'Waseem Ali', 'Miskeen Ali Gopang', '19/F-CHE-79', 1, 38, '2022-05-09 16:30:45', '2022-05-09 16:30:45'),
(5230, 'WAJEEH UL HAQ', 'AMTARP UL HAQ', '19/F-CHE-80', 3, 38, '2022-05-09 16:30:45', '2022-05-09 16:30:45'),
(5231, 'MIFRAH AQEEL', 'MUHAMMAD AQEEL AHMED', '19/F-CHE-82', 3, 38, '2022-05-09 16:30:45', '2022-05-09 16:30:45'),
(5232, 'Abdul FARPeed', 'Abdul Majeed', '19/F-CHE-83', 1, 38, '2022-05-09 16:30:45', '2022-05-09 16:30:45'),
(5233, 'Sanela Sheikh', 'Mansoor Ahmed', '19/F-CHE-84', 3, 38, '2022-05-09 16:30:45', '2022-05-09 16:30:45'),
(5234, 'Muzamil Ashraf', 'Mohammad Ashraf', '19/F-CHE-85', 1, 38, '2022-05-09 16:30:45', '2022-05-09 16:30:45'),
(5235, 'SAMEER AHMED', 'MUHAMMAD RAFIQ', '19/F-CHE-86', 3, 38, '2022-05-09 16:30:45', '2022-05-09 16:30:45'),
(5236, 'MUHAMMAD MATI UR REHMAN', 'MUHAMMAD QSIM', '19/F-CHE-87', 1, 38, '2022-05-09 16:30:45', '2022-05-09 16:30:45'),
(5237, 'AALI SHAN ABDULLAH SIDDIQUI', 'ABDUL WAHAB SIDDIQUI', '20-CHE-01', 1, 37, '2022-05-09 16:30:51', '2022-05-09 16:30:51'),
(5238, 'Waheed Ullah', 'Ghulam Muhammad', '20-CHE-02', 3, 37, '2022-05-09 16:30:51', '2022-05-09 16:30:51'),
(5239, 'Muhammad Sohail', 'Abdul Jalil', '20-CHE-03', 1, 37, '2022-05-09 16:30:51', '2022-05-09 16:30:51'),
(5240, 'ALI UR REHMAN KHAN', 'MUHAMMAD SABIR KHAN', '20-CHE-04', 3, 37, '2022-05-09 16:30:51', '2022-05-09 16:30:51'),
(5241, 'MUHAMMAD IBBAD HASSAN', 'TAHIR RAZA', '20-CHE-05', 1, 37, '2022-05-09 16:30:51', '2022-05-09 16:30:51'),
(5242, 'Muhammad UmARP Khan', 'Muhammad Rashid Khan', '20-CHE-06', 3, 37, '2022-05-09 16:30:51', '2022-05-09 16:30:51'),
(5243, 'JAWERIA MUJEEB', 'MUJEEB UR REHMAN', '20-CHE-08', 3, 37, '2022-05-09 16:30:51', '2022-05-09 16:30:51'),
(5244, 'Akram Saif', 'Saif Uddin', '20-CHE-09', 1, 37, '2022-05-09 16:30:51', '2022-05-09 16:30:51'),
(5245, 'Abdul Moiz', 'Abdul Majeed', '20-CHE-10', 3, 37, '2022-05-09 16:30:51', '2022-05-09 16:30:51'),
(5246, 'SHEHZAD GULZAMAN', 'GULZAMAN QURESHI', '20-CHE-11', 1, 37, '2022-05-09 16:30:51', '2022-05-09 16:30:51'),
(5247, 'MUHAMMAD SHAHEER', 'GHULAM RASOOL', '20-CHE-12', 3, 37, '2022-05-09 16:30:51', '2022-05-09 16:30:51'),
(5248, 'Muhammad Sumain Nazim', 'Muhammad Nazim', '20-CHE-13', 1, 37, '2022-05-09 16:30:51', '2022-05-09 16:30:51'),
(5249, 'Rana Faisal Nawaz', 'Mohammad Afzal', '20-CHE-14', 3, 37, '2022-05-09 16:30:51', '2022-05-09 16:30:51'),
(5250, 'ARPiba Iqbal', 'Iqbal Ahmed AnsARPi', '20-CHE-15', 1, 37, '2022-05-09 16:30:51', '2022-05-09 16:30:51'),
(5251, 'Kashan Ali', 'Nasir Ali', '20-CHE-16', 3, 37, '2022-05-09 16:30:51', '2022-05-09 16:30:51'),
(5252, 'Esha Naz', 'Muhammad Aslam', '20-CHE-17', 1, 37, '2022-05-09 16:30:51', '2022-05-09 16:30:51'),
(5253, 'Muhammad Usman Malik', 'MehARP uddin Malik', '20-CHE-18', 3, 37, '2022-05-09 16:30:51', '2022-05-09 16:30:51'),
(5254, 'FARPEEN SHEIKH', 'MUHAMMAD FAHIM', '20-CHE-19', 1, 37, '2022-05-09 16:30:51', '2022-05-09 16:30:51'),
(5255, 'ZAINULABDIN', 'Aziz Ahmed', '20-CHE-20', 3, 37, '2022-05-09 16:30:51', '2022-05-09 16:30:51'),
(5256, 'HAFSA PANHWARP', 'ASHFAQ HUSSAIN PANHWARP', '20-CHE-22', 3, 37, '2022-05-09 16:30:51', '2022-05-09 16:30:51'),
(5257, 'RAO MUHAMMAD ZEESHAN', 'MUHAMMAD ASLAM', '20-CHE-23', 1, 37, '2022-05-09 16:30:51', '2022-05-09 16:30:51'),
(5258, 'HAMDAN KHAN', 'ABDUL HAQ', '20-CHE-25', 1, 37, '2022-05-09 16:30:51', '2022-05-09 16:30:51'),
(5259, 'Tehreem Fatima Javed', 'Javed Iqbal', '20-CHE-26', 3, 37, '2022-05-09 16:30:51', '2022-05-09 16:30:51'),
(5260, 'Mirza Zaid Baig', 'Mirza Javed Baig', '20-CHE-27', 1, 37, '2022-05-09 16:30:51', '2022-05-09 16:30:51'),
(5261, 'MUHAMMAD SAAD UDDIN', 'KHAWAJA MOHIUDDIN', '20-CHE-28', 3, 37, '2022-05-09 16:30:51', '2022-05-09 16:30:51'),
(5262, 'Jhamat', 'Dano Mal', '20-CHE-29', 1, 37, '2022-05-09 16:30:51', '2022-05-09 16:30:51');
INSERT INTO `duet_students` (`id`, `first_name`, `last_name`, `roll_no`, `section`, `batch_id`, `created_at`, `updated_at`) VALUES
(5263, 'MUHAMMAD AFFAN', 'NAWAB RIAZ AHMED', '20-CHE-30', 3, 37, '2022-05-09 16:30:51', '2022-05-09 16:30:51'),
(5264, 'JALAL JAN', 'ABDUL WAHID', '20-CHE-31', 1, 37, '2022-05-09 16:30:51', '2022-05-09 16:30:51'),
(5265, 'Mirza Ahmed Baig', 'Mirza Mubeen Baig', '20-CHE-32', 3, 37, '2022-05-09 16:30:52', '2022-05-09 16:30:52'),
(5266, 'SHEREEN SHER', 'SHER MUHAMMAD', '20-CHE-33', 1, 37, '2022-05-09 16:30:52', '2022-05-09 16:30:52'),
(5267, 'Jan sher', 'Abid hussain', '20-CHE-34', 3, 37, '2022-05-09 16:30:52', '2022-05-09 16:30:52'),
(5268, 'Iqra wahid', 'Abdul wahid lakhiARP', '20-CHE-36', 3, 37, '2022-05-09 16:30:52', '2022-05-09 16:30:52'),
(5269, 'HAFIZ MUZAMMIL IFTIKHARP', 'IFTIKHARP AHMED', '20-CHE-37', 1, 37, '2022-05-09 16:30:52', '2022-05-09 16:30:52'),
(5270, 'HUMAIR AHMED', 'MUHAMMAD BUX SOOMRO', '20-CHE-38', 3, 37, '2022-05-09 16:30:52', '2022-05-09 16:30:52'),
(5271, 'MUHAMMAD AFFAN', 'MUHAMMAD ASIF', '20-CHE-39', 1, 37, '2022-05-09 16:30:52', '2022-05-09 16:30:52'),
(5272, 'HUZAIFA', 'MUHAMMAD SALEEM', '20-CHE-40', 3, 37, '2022-05-09 16:30:52', '2022-05-09 16:30:52'),
(5273, 'Muhammad Rafay', 'Muhammad shARPif', '20-CHE-41', 1, 37, '2022-05-09 16:30:52', '2022-05-09 16:30:52'),
(5274, 'SAFIA HAMEED', 'ABDUL HAMEED', '20-CHE-42', 3, 37, '2022-05-09 16:30:52', '2022-05-09 16:30:52'),
(5275, 'Muhammad Hamza Kamal', 'Mustafa Kamal', '20-CHE-43', 1, 37, '2022-05-09 16:30:52', '2022-05-09 16:30:52'),
(5276, 'AMMARP ASAD', 'ISRARP AHMED', '20-CHE-44', 3, 37, '2022-05-09 16:30:52', '2022-05-09 16:30:52'),
(5277, 'Sheroze Khan', 'Muhammad Asdaullah Khan Niazi', '20-CHE-45', 1, 37, '2022-05-09 16:30:52', '2022-05-09 16:30:52'),
(5278, 'Muhammad Ali Mughal', 'Muhammad Ayaz Mughal', '20-CHE-46', 3, 37, '2022-05-09 16:30:52', '2022-05-09 16:30:52'),
(5279, 'Muhammad khubaib', 'Muhammad Anwer', '20-CHE-47', 1, 37, '2022-05-09 16:30:52', '2022-05-09 16:30:52'),
(5280, 'SYED MUHAMMAD SAJID HASAN', 'SYED AFZAL HAIDER', '20-CHE-48', 3, 37, '2022-05-09 16:30:52', '2022-05-09 16:30:52'),
(5281, 'Basit Hussain', 'Ghulam Rasool', '20-CHE-50', 3, 37, '2022-05-09 16:30:52', '2022-05-09 16:30:52'),
(5282, 'Muhammad Owais Abbas', 'Abbas Ali', '20-CHE-51', 1, 37, '2022-05-09 16:30:52', '2022-05-09 16:30:52'),
(5283, 'ShehiryARP Jaseem', 'Jaseem Akhter', '20-CHE-52', 3, 37, '2022-05-09 16:30:52', '2022-05-09 16:30:52'),
(5284, 'Adeeba Sabir', 'Muhammad Sabir', '20-CHE-55', 1, 37, '2022-05-09 16:30:52', '2022-05-09 16:30:52'),
(5285, 'MUHAMMAD TAHA', 'MOINUDDIN', '20-CHE-59', 1, 37, '2022-05-09 16:30:52', '2022-05-09 16:30:52'),
(5286, 'NAIMAT ULLAH', 'GHULAM MUSTAFA', '20-CHE-67', 1, 37, '2022-05-09 16:30:52', '2022-05-09 16:30:52'),
(5287, 'SHAHAB ALI', 'NAZEER ALI', '20-CHE-73', 1, 37, '2022-05-09 16:30:52', '2022-05-09 16:30:52'),
(5288, 'UZAIR AHMED', 'MATEEN AHMED', '20-CHE-77', 1, 37, '2022-05-09 16:30:52', '2022-05-09 16:30:52'),
(5289, 'ZAIN UL ISLAM ARPFAT', 'YASIR ARPFAT', '20-CHE-81', 1, 37, '2022-05-09 16:30:52', '2022-05-09 16:30:52'),
(5290, 'USAMA', 'MUHAMMAD KHALID', '20-CHE-82', 3, 37, '2022-05-09 16:30:52', '2022-05-09 16:30:52'),
(5291, 'ALI HYDER KHAN', 'Muhammmad Shoaib', '20-CHE-83', 1, 37, '2022-05-09 16:30:52', '2022-05-09 16:30:52'),
(5292, 'ARPun KumARP', 'LalCHEand', '20-CHE-84', 3, 37, '2022-05-09 16:30:52', '2022-05-09 16:30:52'),
(5293, 'Bazil Owais Nasir', 'Nasir Ahmed', '21/F-CHE-02', 3, 36, '2022-05-09 16:30:59', '2022-05-09 16:30:59'),
(5294, 'kamran', 'wazeer hussain siyal', '21/F-CHE-03', 1, 36, '2022-05-09 16:30:59', '2022-05-09 16:30:59'),
(5295, 'OWAIS BAIG', 'SOHAIL BAIG', '21/F-CHE-04', 3, 36, '2022-05-09 16:30:59', '2022-05-09 16:30:59'),
(5296, 'IbrARP ZafARP', 'ZafARP Hussain', '21/F-CHE-05', 1, 36, '2022-05-09 16:30:59', '2022-05-09 16:30:59'),
(5297, 'Hassan Saleem', 'Muhammad Saleem', '21/F-CHE-06', 3, 36, '2022-05-09 16:30:59', '2022-05-09 16:30:59'),
(5298, 'Nehal Ahmed', 'FARPman Aziz', '21/F-CHE-07', 1, 36, '2022-05-09 16:30:59', '2022-05-09 16:30:59'),
(5299, 'Muhammad Asim Khan', 'Muhammad Naeem Khan', '21/F-CHE-09', 1, 36, '2022-05-09 16:30:59', '2022-05-09 16:30:59'),
(5300, 'Hassan Raza', 'Raza Muhammad', '21/F-CHE-10', 3, 36, '2022-05-09 16:30:59', '2022-05-09 16:30:59'),
(5301, 'Basam Attique', 'Muhammad Attique Khan', '21/F-CHE-12', 3, 36, '2022-05-09 16:30:59', '2022-05-09 16:30:59'),
(5302, 'Syed Ruwaim Ali', 'Syed Sajid Ali', '21/F-CHE-13', 1, 36, '2022-05-09 16:30:59', '2022-05-09 16:30:59'),
(5303, 'Muhammad ARPsalan Bhutto', 'QamARP Uddin Bhutto', '21/F-CHE-14', 3, 36, '2022-05-09 16:30:59', '2022-05-09 16:30:59'),
(5304, 'MUHAMMAD SALMAN AJMAL', 'AJMAL KHAN', '21/F-CHE-15', 1, 36, '2022-05-09 16:30:59', '2022-05-09 16:30:59'),
(5305, 'MUHAMMAD FARPHAN', 'MUHAMMAD SHAMIM', '21/F-CHE-16', 3, 36, '2022-05-09 16:30:59', '2022-05-09 16:30:59'),
(5306, 'Muhammad Nabeel', 'Abdul Razzak', '21/F-CHE-18', 3, 36, '2022-05-09 16:30:59', '2022-05-09 16:30:59'),
(5307, 'Abu BakARP Siddique', 'Muhammad Azam Khan', '21/F-CHE-19', 1, 36, '2022-05-09 16:30:59', '2022-05-09 16:30:59'),
(5308, 'ABDULLAH', 'MUHAMMAD EJAZ', '21/F-CHE-20', 3, 36, '2022-05-09 16:30:59', '2022-05-09 16:30:59'),
(5309, 'KISHOR LAL', 'DHARPSHI', '21/F-CHE-21', 1, 36, '2022-05-09 16:30:59', '2022-05-09 16:30:59'),
(5310, 'MUHAMMAD SADIQ', 'SHABBIR AHMED', '21/F-CHE-22', 3, 36, '2022-05-09 16:30:59', '2022-05-09 16:30:59'),
(5311, 'HAMZA ALI', 'ASGHARP ALI', '21/F-CHE-23', 1, 36, '2022-05-09 16:30:59', '2022-05-09 16:30:59'),
(5312, 'Hazik Hanif', 'Muhammad Hanif', '21/F-CHE-24', 3, 36, '2022-05-09 16:30:59', '2022-05-09 16:30:59'),
(5313, 'Abdul Haseeb Nawaz', 'Shah Nawaz', '21/F-CHE-25', 1, 36, '2022-05-09 16:30:59', '2022-05-09 16:30:59'),
(5314, 'AMAMA TARPIQ', 'M. TARPIQ KHAN', '21/F-CHE-27', 1, 36, '2022-05-09 16:30:59', '2022-05-09 16:30:59'),
(5315, 'MUHAMMAD TALHA IQBAL RANA', 'MUHAMMAD IQBAL KHAN', '21/F-CHE-28', 3, 36, '2022-05-09 16:30:59', '2022-05-09 16:30:59'),
(5316, 'Muhammad Shehroz Furqan', 'Furqan Muhammad', '21/F-CHE-29', 1, 36, '2022-05-09 16:30:59', '2022-05-09 16:30:59'),
(5317, 'Atta Hussain Gopang', 'Aman Ullah Gopang', '21/F-CHE-30', 3, 36, '2022-05-09 16:30:59', '2022-05-09 16:30:59'),
(5318, 'ROHAIL KHAN', 'IZAT KHAN', '21/F-CHE-31', 1, 36, '2022-05-09 16:30:59', '2022-05-09 16:30:59'),
(5319, 'DUA FATIMA AHMED', 'IMRAN AHMED', '21/F-CHE-33', 1, 36, '2022-05-09 16:30:59', '2022-05-09 16:30:59'),
(5320, 'Abdul Rehman', 'Aziz Ul Haq', '21/F-CHE-34', 3, 36, '2022-05-09 16:30:59', '2022-05-09 16:30:59'),
(5321, 'ABDUL RAFIU', 'AZIZULLAH', '21/F-CHE-35', 1, 36, '2022-05-09 16:30:59', '2022-05-09 16:30:59'),
(5322, 'Muhammad Adnan', 'Zahid Khan', '21/F-CHE-36', 3, 36, '2022-05-09 16:30:59', '2022-05-09 16:30:59'),
(5323, 'UMER TANVEER SHAH', 'TANVEER HUSSAIN SHAH', '21/F-CHE-37', 1, 36, '2022-05-09 16:30:59', '2022-05-09 16:30:59'),
(5324, 'Amna Ahmed Sangrasi', 'Nazir Ahmed Sangrasi', '21/F-CHE-39', 1, 36, '2022-05-09 16:30:59', '2022-05-09 16:30:59'),
(5325, 'Saim Akram', 'Muhammad Akram', '21/F-CHE-40', 3, 36, '2022-05-09 16:30:59', '2022-05-09 16:30:59'),
(5326, 'Muhammad ARPsal sohrab', 'Sohrab khan', '21/F-CHE-41', 1, 36, '2022-05-09 16:30:59', '2022-05-09 16:30:59'),
(5327, 'Usman Ali abbasi', 'SHOUKAT ALI', '21/F-CHE-42', 3, 36, '2022-05-09 16:30:59', '2022-05-09 16:30:59'),
(5328, 'Ifrah Noman', 'Muhammad Noman Mateen', '21/F-CHE-43', 1, 36, '2022-05-09 16:30:59', '2022-05-09 16:30:59'),
(5329, 'MUHAMMAD KABEER AKHTER', 'NAVEED AKHTER', '21/F-CHE-44', 3, 36, '2022-05-09 16:30:59', '2022-05-09 16:30:59'),
(5330, 'Muhammad Taha Noman', 'Muhammad Noman Mateen', '21/F-CHE-45', 1, 36, '2022-05-09 16:30:59', '2022-05-09 16:30:59'),
(5331, 'Mirza Shamsheer Ur Rehman Baig', 'Rasheed', '21/F-CHE-46', 3, 36, '2022-05-09 16:30:59', '2022-05-09 16:30:59'),
(5332, 'SAIM YARP KHAN', 'RASHID YARP KHAN', '21/F-CHE-47', 1, 36, '2022-05-09 16:30:59', '2022-05-09 16:30:59'),
(5333, 'Muhammad Faizan', 'Malik Asif Javed', '21/F-CHE-49', 1, 36, '2022-05-09 16:30:59', '2022-05-09 16:30:59'),
(5334, 'Shaheer Mushtaq', 'Mushtaq Ahmed', '21/F-CHE-50', 3, 36, '2022-05-09 16:30:59', '2022-05-09 16:30:59'),
(5335, 'Muhammad Mohsin', 'Muhammad Yousif', '21/F-CHE-51', 1, 36, '2022-05-09 16:30:59', '2022-05-09 16:30:59'),
(5336, 'Hamza Muneer', 'Muneer Khan Yousuf Zai', '21/F-CHE-52', 3, 36, '2022-05-09 16:30:59', '2022-05-09 16:30:59'),
(5337, 'Saifullah ARPif', 'Muhammad ARPif', '21/F-CHE-53', 1, 36, '2022-05-09 16:30:59', '2022-05-09 16:30:59'),
(5338, 'Abdul Rahman', 'Hasan Al-Latih', '21/F-CHE-54', 3, 36, '2022-05-09 16:30:59', '2022-05-09 16:30:59'),
(5339, 'Syed Kashif Ali Shah', 'Syed MazhARP Ali Shah', '21/F-CHE-55', 1, 36, '2022-05-09 16:30:59', '2022-05-09 16:30:59'),
(5340, 'Muhammad ZulqARPnain Alam', 'Alamgir Shahbaz', '21/F-CHE-56', 3, 36, '2022-05-09 16:30:59', '2022-05-09 16:30:59'),
(5341, 'KAZIM ALI', 'ANWARP ALI', '21/F-CHE-57', 1, 36, '2022-05-09 16:30:59', '2022-05-09 16:30:59'),
(5342, 'HAMID SHAHZAD', 'SHAHZADO', '21/F-CHE-58', 3, 36, '2022-05-09 16:30:59', '2022-05-09 16:30:59'),
(5343, 'Kaleem Aman', 'Amanullah', '21/F-CHE-59', 1, 36, '2022-05-09 16:30:59', '2022-05-09 16:30:59'),
(5344, 'Abdul Wahab', 'Saeed Ahmed', '21/F-CHE-60', 3, 36, '2022-05-09 16:30:59', '2022-05-09 16:30:59'),
(5345, 'Rahmatullah', 'Abdul GaffARP', '21/F-CHE-61', 1, 36, '2022-05-09 16:30:59', '2022-05-09 16:30:59'),
(5346, 'MUHAMMAD ALYAN KHALID', 'KHALID RIAZ', '21/F-CHE-62', 3, 36, '2022-05-09 16:30:59', '2022-05-09 16:30:59'),
(5347, 'Summaiya Ali', 'Muhammad Ali CHEana', '21/F-CHE-63', 1, 36, '2022-05-09 16:30:59', '2022-05-09 16:30:59'),
(5348, 'HUZAIFA', 'ABDUL WAHEED', '21/F-CHE-64', 3, 36, '2022-05-09 16:30:59', '2022-05-09 16:30:59'),
(5349, 'Hameedullah', 'Abdul GaffARP', '21/F-CHE-65', 1, 36, '2022-05-09 16:30:59', '2022-05-09 16:30:59'),
(5350, 'Sahil Ali', 'Tufail Ahmed', '21/F-CHE-66', 3, 36, '2022-05-09 16:30:59', '2022-05-09 16:30:59'),
(5351, 'Abbas Ali', 'Abdul Ghani', '21/F-CHE-67', 1, 36, '2022-05-09 16:30:59', '2022-05-09 16:30:59'),
(5352, 'Wasif Mahmood', 'Motesim Mahmood', '21/F-CHE-68', 3, 36, '2022-05-09 16:30:59', '2022-05-09 16:30:59'),
(5353, 'Ali Hassan', 'Abdul Qayyum', '21/F-CHE-69', 1, 36, '2022-05-09 16:30:59', '2022-05-09 16:30:59'),
(5354, 'DANIAL MALIK', 'MUHAMMAD JAVAID', '21/F-CHE-70', 3, 36, '2022-05-09 16:30:59', '2022-05-09 16:30:59'),
(5355, 'Anousha Asif', 'Syed Asif Ali Khurram', '21/F-CHE-71', 1, 36, '2022-05-09 16:30:59', '2022-05-09 16:30:59'),
(5356, 'Shahid Ali', 'AnwARP U Ddin', '21/F-CHE-72', 3, 36, '2022-05-09 16:30:59', '2022-05-09 16:30:59'),
(5357, 'MUHAMMAD AZEEM', 'MUHAMMAD HAFEEZ', '21/F-CHE-73', 1, 36, '2022-05-09 16:30:59', '2022-05-09 16:30:59'),
(5358, 'Daniyal Hamid', 'Hamid Ali', '21/F-CHE-74', 3, 36, '2022-05-09 16:30:59', '2022-05-09 16:30:59'),
(5359, 'Abdul Wajid', 'KHALID BALOCHE', '21/F-CHE-75', 1, 36, '2022-05-09 16:30:59', '2022-05-09 16:30:59'),
(5360, 'Syed Ain Ul Ali Jafri', 'Syed Haider Hussain', '21/F-CHE-76', 3, 36, '2022-05-09 16:30:59', '2022-05-09 16:30:59'),
(5361, 'Imtiaz Ali Jamali', 'ARPz Muhammad Jamali', '21/F-CHE-77', 1, 36, '2022-05-09 16:30:59', '2022-05-09 16:30:59'),
(5362, 'Mohammed Abdullah Ahmed Hasan Al-Gaish', 'Abdullah', '21/F-CHE-78', 3, 36, '2022-05-09 16:30:59', '2022-05-09 16:30:59'),
(5363, 'FARPyal Khan', 'Sultan AfsARP', '21/F-CHE-79', 1, 36, '2022-05-09 16:30:59', '2022-05-09 16:30:59'),
(5364, 'Muhammad Hasnain', 'Muhammad', '21/F-CHE-80', 3, 36, '2022-05-09 16:30:59', '2022-05-09 16:30:59'),
(5365, 'Syeda ShARPmeen Asim Shah', 'Syed Asim Shah', '21/F-BSCY-01', 1, 57, '2022-05-09 16:31:08', '2022-05-09 16:31:08'),
(5366, 'MUHAMMAD YOUSHAA ALI', 'FARPHAN NIZAM', '21/F-BSCY-02', 1, 57, '2022-05-09 16:31:08', '2022-05-09 16:31:08'),
(5367, 'Muhammad ShARPjeel', 'Muhammad TARPiq Mahmood', '21/F-BSCY-03', 1, 57, '2022-05-09 16:31:08', '2022-05-09 16:31:08'),
(5368, 'FARPayha HydARPi', 'Nusrat HydARPi', '21/F-BSCY-04', 1, 57, '2022-05-09 16:31:08', '2022-05-09 16:31:08'),
(5369, 'Javeria khan', 'nazARP hayat khan', '21/F-BSCY-05', 1, 57, '2022-05-09 16:31:08', '2022-05-09 16:31:08'),
(5370, 'USAMA FARPAZ', 'IRFAN FARPAZ', '21/F-BSCY-06', 1, 57, '2022-05-09 16:31:08', '2022-05-09 16:31:08'),
(5371, 'MUHAMMAD HASAN ASHRAF', 'MUHAMMAD MAUDOOD ASHRAF', '21/F-BSCY-07', 1, 57, '2022-05-09 16:31:08', '2022-05-09 16:31:08'),
(5372, 'MUHAMMAD BILAL', 'ZAHID IQBAL', '21/F-BSCY-08', 1, 57, '2022-05-09 16:31:08', '2022-05-09 16:31:08'),
(5373, 'Rehmatullah', 'Muhammad Jameel', '21/F-BSCY-09', 1, 57, '2022-05-09 16:31:08', '2022-05-09 16:31:08'),
(5374, 'Huzefa khan', 'HARPis sheikh', '21/F-BSCY-10', 1, 57, '2022-05-09 16:31:09', '2022-05-09 16:31:09'),
(5375, 'AIZA ALI', 'SHAFQAT ALI KHAN', '21/F-BSCY-11', 1, 57, '2022-05-09 16:31:09', '2022-05-09 16:31:09'),
(5376, 'Muhammad Khan', 'Sanwan', '21/F-BSCY-13', 1, 57, '2022-05-09 16:31:09', '2022-05-09 16:31:09'),
(5377, 'Hasham Haider', 'Ali Ahmed', '21/F-BSCY-14', 1, 57, '2022-05-09 16:31:09', '2022-05-09 16:31:09'),
(5378, 'Muhammad Affan Zahid', 'Zahid Butt', '21/F-BSCY-15', 1, 57, '2022-05-09 16:31:09', '2022-05-09 16:31:09'),
(5379, 'MUHAMMAD EBAD ULLAH', 'MUHAMMAD IQBAL', '21/F-BSCY-16', 1, 57, '2022-05-09 16:31:09', '2022-05-09 16:31:09'),
(5380, 'Tehreem Rasheed', 'Muhammad Rasheed', '21/F-BSCY-17', 1, 57, '2022-05-09 16:31:09', '2022-05-09 16:31:09'),
(5381, 'Muhammad Fahad Iqbal', 'Zahid Iqbal', '21/F-BSCY-18', 1, 57, '2022-05-09 16:31:09', '2022-05-09 16:31:09'),
(5382, 'Abdullah', 'Muhammad Javed', '21/F-BSCY-19', 1, 57, '2022-05-09 16:31:09', '2022-05-09 16:31:09'),
(5383, 'JAAZIBAH SHAHAB', 'SYED SHAHABUDDIN', '21/F-BSCY-20', 1, 57, '2022-05-09 16:31:09', '2022-05-09 16:31:09'),
(5384, 'MUHAMMAD UMER FARPOOQ', 'JUNAID IQBAL', '21/F-BSCY-21', 1, 57, '2022-05-09 16:31:09', '2022-05-09 16:31:09'),
(5385, 'Abdul Basit Khan', 'Naseeb Ur Rehman', '21/F-BSCY-22', 1, 57, '2022-05-09 16:31:09', '2022-05-09 16:31:09'),
(5386, 'Mubashir Ahmed', 'Muhammad Ramzan', '21/F-BSCY-23', 1, 57, '2022-05-09 16:31:09', '2022-05-09 16:31:09'),
(5387, 'Muhammad Iqbal', 'Ghulam Mustafa', '21/F-BSCY-24', 1, 57, '2022-05-09 16:31:09', '2022-05-09 16:31:09'),
(5388, 'Maaz Bin Masroor', 'Masroor Hassan Kashif', '21/F-BSCY-25', 1, 57, '2022-05-09 16:31:09', '2022-05-09 16:31:09'),
(5389, 'Syed FARPman Hussain', 'Syed Asif Hussain', '21/F-BSCY-26', 1, 57, '2022-05-09 16:31:09', '2022-05-09 16:31:09'),
(5390, 'Madiha', 'Humayoun Taj', '21/F-BSCY-27', 1, 57, '2022-05-09 16:31:09', '2022-05-09 16:31:09'),
(5391, 'Anosh Ahmed', 'Ahmad Azam Qadri', '21/F-BSCY-28', 1, 57, '2022-05-09 16:31:09', '2022-05-09 16:31:09'),
(5392, 'RAO ABDUL HAI', 'RANA SAEED AHMED', '21/F-BSCY-29', 1, 57, '2022-05-09 16:31:09', '2022-05-09 16:31:09'),
(5393, 'maheen shahid hussain', 'syed shahid hussain', '21/F-BSCY-30', 1, 57, '2022-05-09 16:31:09', '2022-05-09 16:31:09'),
(5394, 'Fizza Javed', 'Javed Rasheed Khan', '21/F-BSCY-31', 1, 57, '2022-05-09 16:31:09', '2022-05-09 16:31:09'),
(5395, 'Huzaifa Ahmed AnsARPi', 'Rais MIan AnsARPi', '21/F-BSCY-32', 1, 57, '2022-05-09 16:31:09', '2022-05-09 16:31:09'),
(5396, 'EBAD UL HASSAN', 'AFTAB IQBAL', '21/F-BSCY-33', 1, 57, '2022-05-09 16:31:09', '2022-05-09 16:31:09'),
(5397, 'Hassan Ahmed FARPooqi', 'Junaid Ahmed FARPooqi', '21/F-BSCY-34', 1, 57, '2022-05-09 16:31:09', '2022-05-09 16:31:09'),
(5398, 'SYEDA LAIBA LATIF', 'SYED LATIF UR REHMAN KAZMI', '21/F-BSCY-35', 1, 57, '2022-05-09 16:31:09', '2022-05-09 16:31:09'),
(5399, 'SYED MUHAMMAD BAKHTIARP HUSSAIN', 'SYED NASIM HUSSAIN', '21/F-BSCY-36', 1, 57, '2022-05-09 16:31:09', '2022-05-09 16:31:09'),
(5400, 'MUHAMMAD SHIEMIR SAFDARP', 'SAFDARP HUSSAIN', '21/F-BSCY-37', 1, 57, '2022-05-09 16:31:09', '2022-05-09 16:31:09'),
(5401, 'Azmay ZulfiqARP', 'ZulfiqARP Zia', '21/F-BSCY-39', 1, 57, '2022-05-09 16:31:09', '2022-05-09 16:31:09'),
(5402, 'TEHREEM KHAN', 'GHOUS KHAN', '21/F-BSCY-40', 1, 57, '2022-05-09 16:31:09', '2022-05-09 16:31:09'),
(5403, 'Shahbaz Ali', 'Khalid Hussain', '21/F-BSCY-41', 1, 57, '2022-05-09 16:31:09', '2022-05-09 16:31:09'),
(5404, 'faheem hussain', 'muneer hussain', '21/F-BSCY-42', 1, 57, '2022-05-09 16:31:09', '2022-05-09 16:31:09'),
(5405, 'NAVEED', 'ABDUL REHMANN', '21/F-BSCY-43', 1, 57, '2022-05-09 16:31:09', '2022-05-09 16:31:09'),
(5406, 'mujtuba hussain', 'jaffer hussain', '21/F-BSCY-44', 1, 57, '2022-05-09 16:31:09', '2022-05-09 16:31:09'),
(5407, 'Bilal Samir Khan', 'Sami Ur Rehman', '21/F-BSCY-45', 1, 57, '2022-05-09 16:31:09', '2022-05-09 16:31:09'),
(5408, 'NAVEED KHAN', 'AQEEL AHMED KHAN', '21/F-BSCY-46', 1, 57, '2022-05-09 16:31:09', '2022-05-09 16:31:09'),
(5409, 'Muhammad Hammad Khan', 'Kala Khan', '21/F-BSCY-47', 1, 57, '2022-05-09 16:31:09', '2022-05-09 16:31:09'),
(5410, 'Syed Ali Yousha Naqvi', 'Syed Ali Abbas Naqvi', '21/F-BSCY-48', 1, 57, '2022-05-09 16:31:09', '2022-05-09 16:31:09'),
(5411, 'usman ahmed', 'sARPfARPaz ahmed', '21/F-BSCY-49', 1, 57, '2022-05-09 16:31:09', '2022-05-09 16:31:09'),
(5412, 'Abdul Haseeb', 'Muhammad Husain', '21/F-BSCY-50', 1, 57, '2022-05-09 16:31:09', '2022-05-09 16:31:09'),
(5413, 'Aliza Javed', 'Javed Iqbal', '21/F-BSCY-51', 1, 57, '2022-05-09 16:31:09', '2022-05-09 16:31:09'),
(5414, 'WAQAS AHMED', 'MANSOOR AHMED', '21/F-BSCY-52', 1, 57, '2022-05-09 16:31:09', '2022-05-09 16:31:09'),
(5415, 'ZulqARPnaine BadARP', 'BadARP Salam', '21/F-BSCY-53', 1, 57, '2022-05-09 16:31:09', '2022-05-09 16:31:09'),
(5416, 'MUHAMMAD BARPIK REHAN', 'MUHAMMAD REHAN', '21/F-BSCY-54', 1, 57, '2022-05-09 16:31:09', '2022-05-09 16:31:09'),
(5417, 'Muhammad ZARPyab', 'Shakil Ahmed', '21/F-BSCY-55', 1, 57, '2022-05-09 16:31:09', '2022-05-09 16:31:09'),
(5418, 'ShehAR PyARP', 'Noor Zameen Khattak', '21/F-BSCSM-01', 1, 56, '2022-05-09 16:31:49', '2022-05-09 16:31:49'),
(5419, 'Muhammad Hamza', 'Naeem Ahmed', '21/F-BSCSM-02', 1, 56, '2022-05-09 16:31:49', '2022-05-09 16:31:49'),
(5420, 'HAMZA AHMED KHAN', 'IZHARP AHMED KHAN', '21/F-BSCSM-03', 1, 56, '2022-05-09 16:31:49', '2022-05-09 16:31:49'),
(5421, 'Muhammad Asadullah Sohail', 'Muhammad Sohail Mahboob', '21/F-BSCSM-04', 1, 56, '2022-05-09 16:31:49', '2022-05-09 16:31:49'),
(5422, 'Abdullah Zafeer', 'Abdul Hafeez', '21/F-BSCSM-05', 1, 56, '2022-05-09 16:31:49', '2022-05-09 16:31:49'),
(5423, 'KHADIJA MEMON', 'MUHAMMAD ZUBAIR', '21/F-BSCSM-07', 1, 56, '2022-05-09 16:31:49', '2022-05-09 16:31:49'),
(5424, 'Muhammad Nehal Ashfaq', 'Muhammad Ashfaq', '21/F-BSCSM-09', 1, 56, '2022-05-09 16:31:49', '2022-05-09 16:31:49'),
(5425, 'HIRA FATIMA', 'SHAMIM AKHTARP', '21/F-BSCSM-10', 1, 56, '2022-05-09 16:31:49', '2022-05-09 16:31:49'),
(5426, 'Lajpat Rai', 'Jagdesh KumARP', '21/F-BSCSM-11', 1, 56, '2022-05-09 16:31:49', '2022-05-09 16:31:49'),
(5427, 'MUHAMMAD SUFIYAN', 'MUHAMMAD IRSHAD', '21/F-BSCSM-12', 1, 56, '2022-05-09 16:31:49', '2022-05-09 16:31:49'),
(5428, 'MUHAMMAD ABDULLAH', 'MUHAMMAD KHALID', '21/F-BSCSM-13', 1, 56, '2022-05-09 16:31:49', '2022-05-09 16:31:49'),
(5429, 'MUHAMMAD UMER', 'KHALIL AHMED', '21/F-BSCSM-14', 1, 56, '2022-05-09 16:31:49', '2022-05-09 16:31:49'),
(5430, 'Muhammad Raza Abbas', 'Ghulam Abbas', '21/F-BSCSM-15', 1, 56, '2022-05-09 16:31:49', '2022-05-09 16:31:49'),
(5431, 'Atiq Ullah', 'BanARPas Ahmed', '21/F-BSCSM-16', 1, 56, '2022-05-09 16:31:49', '2022-05-09 16:31:49'),
(5432, 'MUHAMMAD HASAN', 'MUHAMMAD ASHFAQ', '21/F-BSCSM-19', 1, 56, '2022-05-09 16:31:49', '2022-05-09 16:31:49'),
(5433, 'MUHAMMAD ARPEEB', 'MUHAMMAD KHALID AHMED', '21/F-BSCSM-20', 1, 56, '2022-05-09 16:31:49', '2022-05-09 16:31:49'),
(5434, 'Aliyan Azam', 'Muhammad Azam Khan', '21/F-BSCSM-21', 1, 56, '2022-05-09 16:31:49', '2022-05-09 16:31:49'),
(5435, 'Muhammad Musab Khan', 'Shahid Alam', '21/F-BSCSM-22', 1, 56, '2022-05-09 16:31:49', '2022-05-09 16:31:49'),
(5436, 'SYED ROSHAAN ALI', 'SYED FAHEEM ALI', '21/F-BSCSM-23', 1, 56, '2022-05-09 16:31:49', '2022-05-09 16:31:49'),
(5437, 'Dua Zehra', 'Syed Raza Hussain', '21/F-BSCSM-25', 1, 56, '2022-05-09 16:31:49', '2022-05-09 16:31:49'),
(5438, 'Muhammad Daniyal', 'Muhammad Shafiq', '21/F-BSCSM-26', 1, 56, '2022-05-09 16:31:49', '2022-05-09 16:31:49'),
(5439, 'AYESHA SHAH', 'SHAH FAISAL', '21/F-BSCSM-27', 1, 56, '2022-05-09 16:31:49', '2022-05-09 16:31:49'),
(5440, 'INSYYA NADIR', 'NADIR ALI', '21/F-BSCSM-28', 1, 56, '2022-05-09 16:31:49', '2022-05-09 16:31:49'),
(5441, 'MUHAMMAD HAMZA', 'SHAKIL AHMED', '21/F-BSCSM-29', 1, 56, '2022-05-09 16:31:49', '2022-05-09 16:31:49'),
(5442, 'Vijay KumARP', 'CHEandARP', '21/F-BSCSM-30', 1, 56, '2022-05-09 16:31:49', '2022-05-09 16:31:49'),
(5443, 'PARPeesa', 'Mumtaz Ali Kalhoro Abbasi', '21/F-BSCSM-31', 1, 56, '2022-05-09 16:31:49', '2022-05-09 16:31:49'),
(5444, 'MUHAMMAD BILAWAL', 'NAEEM JAN', '21/F-BSCSM-32', 1, 56, '2022-05-09 16:31:49', '2022-05-09 16:31:49'),
(5445, 'Muhammad Mujtaba Monis', 'Adnan Shoaib', '21/F-BSCSM-34', 1, 56, '2022-05-09 16:31:49', '2022-05-09 16:31:49'),
(5446, 'QURAT UL AIN NADEEM', 'NADEEM MOJEEB', '21/F-BSCSM-35', 1, 56, '2022-05-09 16:31:49', '2022-05-09 16:31:49'),
(5447, 'HASHEEM ALI', 'AHMED ALI', '21/F-BSCSM-37', 1, 56, '2022-05-09 16:31:49', '2022-05-09 16:31:49'),
(5448, 'Muhammad Saad Baig', 'Muhammad Sabir Baig', '21/F-BSCSM-38', 1, 56, '2022-05-09 16:31:49', '2022-05-09 16:31:49'),
(5449, 'ZULFIQARP ALI', 'NIZARP ALI', '21/F-BSCSM-40', 1, 56, '2022-05-09 16:31:49', '2022-05-09 16:31:49'),
(5450, 'HAFIZ SYED AZLAN UDDIN', 'IMRAN UDDIN', '21/F-BSCSM-41', 1, 56, '2022-05-09 16:31:49', '2022-05-09 16:31:49'),
(5451, 'Muhammad Ahmed', 'Nasir Ahmed', '21/F-BSCSM-42', 1, 56, '2022-05-09 16:31:49', '2022-05-09 16:31:49'),
(5452, 'MUHAMMAD HAMZA HASHMI', 'MUHAMMAD AKBARP', '21/F-BSCSM-43', 1, 56, '2022-05-09 16:31:49', '2022-05-09 16:31:49'),
(5453, 'Ahsan Naqi Raza', 'IftikhARP AskARPi', '21/F-BSCSM-44', 1, 56, '2022-05-09 16:31:49', '2022-05-09 16:31:49'),
(5454, 'Muhammad Jawwad Siddique', 'Muhammad Wakil Uddin', '21/F-BSCSM-45', 1, 56, '2022-05-09 16:31:49', '2022-05-09 16:31:49'),
(5455, 'FATIMA IRFAN', 'MUHAMMAD IRFAN', '21/F-BSCSM-46', 1, 56, '2022-05-09 16:31:49', '2022-05-09 16:31:49'),
(5456, 'ANIQA FATIMA', 'MUHAMMAD MANSHA QAISER', '21/F-BSCSM-47', 1, 56, '2022-05-09 16:31:49', '2022-05-09 16:31:49'),
(5457, 'MARPIAM ILYAS PATEL', 'MUHAMMAD ILYAS PATEL', '21/F-BSCSM-48', 1, 56, '2022-05-09 16:31:49', '2022-05-09 16:31:49'),
(5458, 'Mohammad Ahmed Siddiqui', 'Mahmood Ahmed Siddiqui', '21/F-BSCSM-49', 1, 56, '2022-05-09 16:31:49', '2022-05-09 16:31:49'),
(5459, 'Syed Kumail Abbas', 'Ali kousARP', '21/F-BSCSM-50', 1, 56, '2022-05-09 16:31:49', '2022-05-09 16:31:49'),
(5460, 'Ateeq ur Rehman', 'Ateeq ur Rehman', '21/F-BSCSM-51', 1, 56, '2022-05-09 16:31:49', '2022-05-09 16:31:49'),
(5461, 'Muhammad Muzzamil Ghori', 'Muhammad Irsahd Ghori', '21/F-BSCSM-52', 1, 56, '2022-05-09 16:31:49', '2022-05-09 16:31:49'),
(5462, 'Abeer  Ahmed', 'Rehan Ahmed', '21/F-BSCSM-53', 1, 56, '2022-05-09 16:31:49', '2022-05-09 16:31:49'),
(5463, 'Ghulam Mohiuddin WARPraiCHE', 'wajid ali wARPraiCHE', '21/F-BSCSM-54', 1, 56, '2022-05-09 16:31:49', '2022-05-09 16:31:49'),
(5464, 'TAIMOOR ASHRAF', 'MUHAMMAD ASHRAF', '21/F-BSCSM-55', 1, 56, '2022-05-09 16:31:49', '2022-05-09 16:31:49'),
(5465, 'Syeda Rutba Eman', 'Syed Azam Shah', '21/F-BSCSM-56', 1, 56, '2022-05-09 16:31:49', '2022-05-09 16:31:49'),
(5466, 'Aun Raza', 'SafdARP Ali', '21/F-BSCSM-57', 3, 56, '2022-05-09 16:31:49', '2022-05-09 16:31:49'),
(5467, 'Muaz Bin Gulfam', 'Muhammad Gulfam', '21/F-BSCSM-58', 3, 56, '2022-05-09 16:31:50', '2022-05-09 16:31:50'),
(5468, 'Sabahat', 'Muhammad Zakir', '21/F-BSCSM-59', 3, 56, '2022-05-09 16:31:50', '2022-05-09 16:31:50'),
(5469, 'Emaan Fatima', 'MazhARP Hussain', '21/F-BSCSM-60', 3, 56, '2022-05-09 16:31:50', '2022-05-09 16:31:50'),
(5470, 'Eman AnsARPi', 'Mehmood', '21/F-BSCSM-61', 3, 56, '2022-05-09 16:31:50', '2022-05-09 16:31:50'),
(5471, 'Hafiz Abdullah Bin Shoaib', 'Shoaib Aamir', '21/F-BSCSM-62', 3, 56, '2022-05-09 16:31:50', '2022-05-09 16:31:50'),
(5472, 'Hammad Ali', 'Muhammad Ali', '21/F-BSCSM-63', 3, 56, '2022-05-09 16:31:50', '2022-05-09 16:31:50'),
(5473, 'MAZIA SARPA', 'TARPIQ ALI BUKSHI CHEOHAN', '21/F-BSCSM-64', 3, 56, '2022-05-09 16:31:50', '2022-05-09 16:31:50'),
(5474, 'Syeda Ayesha', 'Syed Kamram', '21/F-BSCSM-65', 3, 56, '2022-05-09 16:31:50', '2022-05-09 16:31:50'),
(5475, 'Hasan Mustufa Qureshi', 'Asif Abdullah', '21/F-BSCSM-66', 3, 56, '2022-05-09 16:31:50', '2022-05-09 16:31:50'),
(5476, 'MUHAMMAD BASIM BIN SABIH', 'SABIH AHMED MALLICK', '21/F-BSCSM-68', 3, 56, '2022-05-09 16:31:50', '2022-05-09 16:31:50'),
(5477, 'SheerazHafeez', 'Hafeezullah', '21/F-BSCSM-71', 3, 56, '2022-05-09 16:31:50', '2022-05-09 16:31:50'),
(5478, 'Muhammad Ashhad Ur Rehman Khan', 'Khalid Rehman', '21/F-BSCSM-72', 3, 56, '2022-05-09 16:31:50', '2022-05-09 16:31:50'),
(5479, 'Muhammad Hashir Nadeem Khan', 'Muhammad Nadeem Khan', '21/F-BSCSM-73', 3, 56, '2022-05-09 16:31:50', '2022-05-09 16:31:50'),
(5480, 'Eyyan Salman Khan', 'Salman Ahmed Khan', '21/F-BSCSM-74', 3, 56, '2022-05-09 16:31:50', '2022-05-09 16:31:50'),
(5481, 'Rabia Imtiaz', 'Imtiaz Ahmed Siddiqui', '21/F-BSCSM-75', 3, 56, '2022-05-09 16:31:50', '2022-05-09 16:31:50'),
(5482, 'MUHAMMAD SHARPIQ TAUFEEQ', 'TAUFEEQ ALAM', '21/F-BSCSM-76', 3, 56, '2022-05-09 16:31:50', '2022-05-09 16:31:50'),
(5483, 'Shaikh Muhammad Anas Iqbal', 'Shiakh Muhammad Iqbal', '21/F-BSCSM-77', 3, 56, '2022-05-09 16:31:50', '2022-05-09 16:31:50'),
(5484, 'MOHAMMAD HASAN JAMAL ALVI', 'JAMAL KALEEM', '21/F-BSCSM-78', 3, 56, '2022-05-09 16:31:50', '2022-05-09 16:31:50'),
(5485, 'Usama ARPshad', 'Muhammad ARPshad', '21/F-BSCSM-79', 3, 56, '2022-05-09 16:31:50', '2022-05-09 16:31:50'),
(5486, 'Syed Anas Ahmed', 'Syed TajdARP Ahmed Naqvi', '21/F-BSCSM-80', 3, 56, '2022-05-09 16:31:50', '2022-05-09 16:31:50'),
(5487, 'Inshal Atif', 'Atif Suleman', '21/F-BSCSM-81', 3, 56, '2022-05-09 16:31:50', '2022-05-09 16:31:50'),
(5488, 'PARPas Zaheer ', 'Mohammad Zaheer ', '21/F-BSCSM-82', 3, 56, '2022-05-09 16:31:50', '2022-05-09 16:31:50'),
(5489, 'Muhammad faz', 'Syed MazhARP uddin', '21/F-BSCSM-83', 3, 56, '2022-05-09 16:31:50', '2022-05-09 16:31:50'),
(5490, 'Syeda Nabiha Shahid', 'Syed Shahid Hussain', '21/F-BSCSM-84', 3, 56, '2022-05-09 16:31:50', '2022-05-09 16:31:50'),
(5491, 'Muzammil ahmed', 'Muhammad FARPooq', '21/F-BSCSM-85', 3, 56, '2022-05-09 16:31:50', '2022-05-09 16:31:50'),
(5492, 'Muhammad Mahad', 'Muhammad Zahid', '21/F-BSCSM-86', 3, 56, '2022-05-09 16:31:50', '2022-05-09 16:31:50'),
(5493, 'M.UMER GHANI', 'TAHIR MAQSOOD', '21/F-BSCSM-87', 3, 56, '2022-05-09 16:31:50', '2022-05-09 16:31:50'),
(5494, 'Hassan khan', 'Anis ur Rehman', '21/F-BSCSM-88', 3, 56, '2022-05-09 16:31:50', '2022-05-09 16:31:50'),
(5495, 'muhammad rameez sheikh', 'muhammad yousuf', '21/F-BSCSM-89', 3, 56, '2022-05-09 16:31:50', '2022-05-09 16:31:50'),
(5496, 'Bilal', 'Majid', '21/F-BSCSM-90', 3, 56, '2022-05-09 16:31:50', '2022-05-09 16:31:50'),
(5497, 'MUHAMMAD BILAL', 'NAZIMUDDIN', '21/F-BSCSM-91', 3, 56, '2022-05-09 16:31:50', '2022-05-09 16:31:50'),
(5498, 'muhammad umer mughal', 'muhammad ayaz mughal', '21/F-BSCSM-92', 3, 56, '2022-05-09 16:31:50', '2022-05-09 16:31:50'),
(5499, 'Amna Iqbal', 'Muhammad Iqbal', '21/F-BSCSM-93', 3, 56, '2022-05-09 16:31:50', '2022-05-09 16:31:50'),
(5500, 'Muhammad Hamza Siddiqui', 'Muhammad Rashid Siddiqui', '21/F-BSCSM-94', 3, 56, '2022-05-09 16:31:50', '2022-05-09 16:31:50'),
(5501, 'Hasnain Ahmed', 'Rafiq Ahmed', '21/F-BSCSM-95', 3, 56, '2022-05-09 16:31:50', '2022-05-09 16:31:50'),
(5502, 'ABDULLAH', 'NASEER AHMED', '21/F-BSCSM-96', 3, 56, '2022-05-09 16:31:50', '2022-05-09 16:31:50'),
(5503, 'Noor Ul Sabah', 'Raja Muhammad Raees', '21/F-BSCSM-97', 3, 56, '2022-05-09 16:31:50', '2022-05-09 16:31:50'),
(5504, 'SARPmad Habib', 'Abdul SattARP', '21/F-BSCSM-98', 3, 56, '2022-05-09 16:31:50', '2022-05-09 16:31:50'),
(5505, 'SAMEER', 'BAHADURKHAN', '21/F-BSCSM-99', 3, 56, '2022-05-09 16:31:50', '2022-05-09 16:31:50'),
(5506, 'GHULAM AHMED', 'ZAHID ALI', '21/F-BSCSM-100', 3, 56, '2022-05-09 16:31:50', '2022-05-09 16:31:50'),
(5507, 'Minhal Ahmed Siddiqui', 'Rizwan Ahmed Siddiqui', '21/F-BSCSM-101', 3, 56, '2022-05-09 16:31:50', '2022-05-09 16:31:50'),
(5508, 'MUHAMMAD GHUFRAN', 'MUSHTAQ AHMED', '21/F-BSCSM-102', 3, 56, '2022-05-09 16:31:50', '2022-05-09 16:31:50'),
(5509, 'Muhammad Haashir khan', 'Muhammad Naseem khan', '21/F-BSCSM-103', 3, 56, '2022-05-09 16:31:50', '2022-05-09 16:31:50'),
(5510, 'MAHNOOR MUGHAL', 'MUHAMMAD RASHID BAIG', '21/F-BSCSM-105', 3, 56, '2022-05-09 16:31:50', '2022-05-09 16:31:50'),
(5511, 'FAIQA ASGHARP', 'ALI ASGHARP', '21/F-BSCSM-106', 3, 56, '2022-05-09 16:31:50', '2022-05-09 16:31:50'),
(5512, 'MUHAMMAD SUMYAN KHAN', 'MUHAMMAD ARPSHAD', '21/F-BSCSM-107', 3, 56, '2022-05-09 16:31:50', '2022-05-09 16:31:50'),
(5513, 'ASVA KAMAL', 'ASLAM KAMAL', '21/F-BSCSM-108', 3, 56, '2022-05-09 16:31:50', '2022-05-09 16:31:50'),
(5514, 'MUHAMMAD ANAS ZIA SIDDIQUI', 'MUHAMMAD ZIAUDDIN SIDDIQUI', '21/F-BSCSM-109', 3, 56, '2022-05-09 16:31:50', '2022-05-09 16:31:50'),
(5515, 'MUHAMMAD HASSAM', 'MUHAMMAD ASLAM', '21/F-BSCSM-24', 1, 56, '2022-05-09 16:31:50', '2022-05-09 16:31:50'),
(5516, 'MUHAMMAD ZUBAIR', 'MUHAMMAD ARPSHAD', '21/F-BSAI-01', 1, 58, '2022-05-09 16:32:00', '2022-05-09 16:32:00'),
(5517, 'Abdul Samad Ali Abbasi', 'TARPiq Ali Abbasi', '21/F-BSAI-02', 1, 58, '2022-05-09 16:32:00', '2022-05-09 16:32:00'),
(5518, 'MUHAMMAD SAMI ANSARPI', 'MUHAMMAD ARPIF ANSARPI', '21/F-BSAI-04', 1, 58, '2022-05-09 16:32:00', '2022-05-09 16:32:00'),
(5519, 'IFHAM AHMED ANSARPI', 'M.YASEEN', '21/F-BSAI-05', 1, 58, '2022-05-09 16:32:00', '2022-05-09 16:32:00'),
(5520, 'Moazzam Pasha', 'Mansoor Pasha', '21/F-BSAI-06', 1, 58, '2022-05-09 16:32:00', '2022-05-09 16:32:00'),
(5521, 'Alishba', 'Riaz Ahmed', '21/F-BSAI-07', 1, 58, '2022-05-09 16:32:00', '2022-05-09 16:32:00'),
(5522, 'Alizay Khan', 'AzhARP Ullah Khan', '21/F-BSAI-08', 1, 58, '2022-05-09 16:32:00', '2022-05-09 16:32:00'),
(5523, 'SYEDA UMAIMA TAMKEEN', 'SYED ZAKIR ALI', '21/F-BSAI-09', 1, 58, '2022-05-09 16:32:00', '2022-05-09 16:32:00'),
(5524, 'Unaiza', 'Muhammad Khalid', '21/F-BSAI-11', 1, 58, '2022-05-09 16:32:00', '2022-05-09 16:32:00'),
(5525, 'Sandeep kumARP', 'Ramesh kumARP', '21/F-BSAI-12', 1, 58, '2022-05-09 16:32:00', '2022-05-09 16:32:00'),
(5526, 'Zain', 'Muhammad Zakir', '21/F-BSAI-13', 1, 58, '2022-05-09 16:32:00', '2022-05-09 16:32:00'),
(5527, 'MALAIKA IMRAN', 'MUHAMMAD IMRAN AFZAL KHAN', '21/F-BSAI-14', 1, 58, '2022-05-09 16:32:00', '2022-05-09 16:32:00'),
(5528, 'SARPim Ajlal', 'Asif Zia', '21/F-BSAI-15', 1, 58, '2022-05-09 16:32:00', '2022-05-09 16:32:00'),
(5529, 'Labeeb Ebad', 'Muhammad Monis BakhtiARP', '21/F-BSAI-16', 1, 58, '2022-05-09 16:32:00', '2022-05-09 16:32:00'),
(5530, 'Syed ismail shah', 'Iqbal shah', '21/F-BSAI-17', 1, 58, '2022-05-09 16:32:00', '2022-05-09 16:32:00'),
(5531, 'AbubakARP', 'Sagheer Alam', '21/F-BSAI-18', 1, 58, '2022-05-09 16:32:00', '2022-05-09 16:32:00'),
(5532, 'MUHAMMAD FAIZAN TARPIQ', 'MUHAMMAD TARPIQ', '21/F-BSAI-20', 1, 58, '2022-05-09 16:32:00', '2022-05-09 16:32:00'),
(5533, 'Maaz Umer', 'Umer Khaliq', '21/F-BSAI-21', 1, 58, '2022-05-09 16:32:00', '2022-05-09 16:32:00'),
(5534, 'Muhammad Ali', 'Abdul Aziz', '21/F-BSAI-22', 1, 58, '2022-05-09 16:32:00', '2022-05-09 16:32:00'),
(5535, 'Syed Muhammad Ali Kazmi', 'Syed Zaheer Ahmed Kaazmi', '21/F-BSAI-23', 1, 58, '2022-05-09 16:32:00', '2022-05-09 16:32:00'),
(5536, 'Muhammad Zayan Bin Irfan', 'Muhammad Irfan', '21/F-BSAI-24', 1, 58, '2022-05-09 16:32:00', '2022-05-09 16:32:00'),
(5537, 'ZARPrARP Khawaja', 'Niaz Muhammad', '21/F-BSAI-25', 1, 58, '2022-05-09 16:32:00', '2022-05-09 16:32:00'),
(5538, 'Muhammad Ahmed Tanveer', 'Tanveer ul Haq', '21/F-BSAI-26', 1, 58, '2022-05-09 16:32:00', '2022-05-09 16:32:00'),
(5539, 'Muhammad Shafay', 'Shahjehan', '21/F-BSAI-27', 1, 58, '2022-05-09 16:32:00', '2022-05-09 16:32:00'),
(5540, 'MAHRUKH BAIG', 'ARPIF', '21/F-BSAI-28', 1, 58, '2022-05-09 16:32:00', '2022-05-09 16:32:00'),
(5541, 'Syed Mahmood ejaz', 'Syed Muzaffer Ejaz', '21/F-BSAI-29', 1, 58, '2022-05-09 16:32:00', '2022-05-09 16:32:00'),
(5542, 'Muhammad ARPeeb Khan', 'AnwARP Adil Khan', '21/F-BSAI-31', 1, 58, '2022-05-09 16:32:00', '2022-05-09 16:32:00'),
(5543, 'Zeeshan', 'ZafARP Ali', '21/F-BSAI-32', 1, 58, '2022-05-09 16:32:00', '2022-05-09 16:32:00'),
(5544, 'MUHAMMAD BILAL MADNI KHAN', 'NADEEM AKHTARP KHAN', '21/F-BSAI-33', 1, 58, '2022-05-09 16:32:00', '2022-05-09 16:32:00'),
(5545, 'MUHAMMAD ABDUL REHMAN', 'M.A.ALEEM', '21/F-BSAI-34', 1, 58, '2022-05-09 16:32:00', '2022-05-09 16:32:00'),
(5546, 'ume-shanfa', 'muhammad afzaal', '21/F-BSAI-35', 1, 58, '2022-05-09 16:32:00', '2022-05-09 16:32:00'),
(5547, 'OKASHA TARPIQ', 'MUHAMMAD TARPIQ', '21/F-BSAI-36', 1, 58, '2022-05-09 16:32:00', '2022-05-09 16:32:00'),
(5548, 'Muhammad shoaib ghani jokhio', 'abdul', '21/F-BSAI-37', 1, 58, '2022-05-09 16:32:00', '2022-05-09 16:32:00'),
(5549, 'Muhammad Faizan Norangey', 'Muhammad Aqeel Norangey', '21/F-BSAI-38', 1, 58, '2022-05-09 16:32:00', '2022-05-09 16:32:00'),
(5550, 'HASSAN AHMED', 'MUHAMMAD SHAMIM AZIM', '21/F-BSAI-39', 1, 58, '2022-05-09 16:32:00', '2022-05-09 16:32:00'),
(5551, 'RABIA IMRAN', 'MUHAMMAD IMRAN', '21/F-BSAI-40', 1, 58, '2022-05-09 16:32:00', '2022-05-09 16:32:00'),
(5552, 'NAHARP YOUNUS', 'MUHAMMAD YOUNUS', '21/F-BSAI-41', 1, 58, '2022-05-09 16:32:00', '2022-05-09 16:32:00'),
(5553, 'Muhammad Yousuf', 'Abdul Ghafoor', '21/F-BSAI-42', 1, 58, '2022-05-09 16:32:00', '2022-05-09 16:32:00'),
(5554, 'Moazzam Ahmed Hussain', 'Muhammad Ahmed Hussain', '21/F-BSAI-43', 1, 58, '2022-05-09 16:32:00', '2022-05-09 16:32:00'),
(5555, 'MUSAB AHMED', 'IQBAL AHMED', '21/F-BSAI-44', 1, 58, '2022-05-09 16:32:00', '2022-05-09 16:32:00'),
(5556, 'Muhammad Ashiq Alam', 'Muhammad Maqbool Alam', '21/F-BSAI-45', 1, 58, '2022-05-09 16:32:00', '2022-05-09 16:32:00'),
(5557, 'Muhammad Ghous', 'Muhammad Qadeer AkhtARP', '21/F-BSAI-46', 1, 58, '2022-05-09 16:32:00', '2022-05-09 16:32:00'),
(5558, 'Syed Abdul Rafay', 'Khurram Shahzad', '21/F-BSAI-47', 1, 58, '2022-05-09 16:32:00', '2022-05-09 16:32:00'),
(5559, 'Malaika', 'Muhammad Yousuf', '21/F-BSAI-48', 1, 58, '2022-05-09 16:32:00', '2022-05-09 16:32:00'),
(5560, 'Muhammad Musab ARPshad', 'Muhammad ARPshad Iqbal', '21/F-BSAI-49', 1, 58, '2022-05-09 16:32:00', '2022-05-09 16:32:00'),
(5561, 'Hoor ul ain jamil', 'Jamil Ahmed', '21/F-BSAI-50', 1, 58, '2022-05-09 16:32:00', '2022-05-09 16:32:00'),
(5562, 'Musfirah binte Moin', 'Moin Uddin', '21/F-BSAI-51', 1, 58, '2022-05-09 16:32:00', '2022-05-09 16:32:00'),
(5563, 'Muhammad Shuja Siddiqui', 'Muhammad Shamim AkhtARP', '21/F-BSAI-52', 1, 58, '2022-05-09 16:32:00', '2022-05-09 16:32:00'),
(5564, 'Rasikh', 'ARPshad', '21/F-BSAI-53', 1, 58, '2022-05-09 16:32:00', '2022-05-09 16:32:00'),
(5565, 'Abdul Hannan', 'Muhammad Irfan', '21/F-BSAI-54', 1, 58, '2022-05-09 16:32:00', '2022-05-09 16:32:00'),
(5566, 'Muhammad ARPeeb Qurashi', 'Anwer Hussain Qurashi', '21/F-BSAI-55', 1, 58, '2022-05-09 16:32:00', '2022-05-09 16:32:00'),
(5567, 'WARPda IftikhARP', 'Muhammad IftikhARP Ashraf', '21/F-BSAI-56', 1, 58, '2022-05-09 16:32:00', '2022-05-09 16:32:00'),
(5568, 'AMEEN HAMZA SIDDIQUI', 'ABID HUSSAIN SIDDIQUI', '21/F-BSAI-57', 1, 58, '2022-05-09 16:32:00', '2022-05-09 16:32:00');

-- --------------------------------------------------------

--
-- Table structure for table `duet_subjects`
--

CREATE TABLE `duet_subjects` (
  `id` bigint(20) UNSIGNED NOT NULL,
  `name` varchar(256) COLLATE utf8mb4_unicode_ci NOT NULL,
  `type` bigint(20) UNSIGNED NOT NULL,
  `semester_id` bigint(20) UNSIGNED NOT NULL,
  `teacher_id` bigint(20) UNSIGNED NOT NULL,
  `created_at` timestamp NULL DEFAULT NULL,
  `updated_at` timestamp NULL DEFAULT NULL
) ENGINE=InnoDB DEFAULT CHARSET=utf8mb4 COLLATE=utf8mb4_unicode_ci;

--
-- Dumping data for table `duet_subjects`
--

INSERT INTO `duet_subjects` (`id`, `name`, `type`, `semester_id`, `teacher_id`, `created_at`, `updated_at`) VALUES
(1084, 'Navigational Aids & Radar Systems', 2, 25, 613, '2022-05-08 09:06:10', '2022-05-08 09:06:10'),
(1085, 'Satellite Communication', 2, 25, 673, '2022-05-08 09:06:10', '2022-05-08 09:06:10'),
(1086, 'Telecommunication Network Planning & Management', 2, 25, 674, '2022-05-08 09:06:10', '2022-05-08 09:06:10'),
(1087, 'Telecommunication Network Planning & Management', 1, 25, 674, '2022-05-08 09:06:10', '2022-05-08 09:06:10'),
(1088, 'Digital Signal & Filter Design', 2, 24, 650, '2022-05-08 09:06:10', '2022-05-08 09:06:10'),
(1089, 'Digital Signal & Filter Design', 1, 24, 650, '2022-05-08 09:06:10', '2022-05-08 09:06:10'),
(1090, 'Enterpreneurship', 2, 24, 676, '2022-05-08 09:06:10', '2022-05-08 09:06:10'),
(1091, 'Software Define Radio Networks', 2, 24, 673, '2022-05-08 09:06:10', '2022-05-08 09:06:10'),
(1092, 'Software Define Radio Networks', 1, 24, 674, '2022-05-08 09:06:10', '2022-05-08 09:06:10'),
(1093, 'Transmission & Switching Systems', 2, 24, 677, '2022-05-08 09:06:10', '2022-05-08 09:06:10'),
(1094, 'Wireless & Mobile Communication', 2, 24, 678, '2022-05-08 09:06:10', '2022-05-08 09:06:10'),
(1095, 'Electronic Devices & Circuits ', 2, 22, 684, '2022-05-08 09:06:10', '2022-05-08 09:06:10'),
(1096, 'Electronic Devices & Circuits ', 1, 22, 684, '2022-05-08 09:06:10', '2022-05-08 09:06:10'),
(1097, 'Computer Programming ', 2, 22, 685, '2022-05-08 09:06:10', '2022-05-08 09:06:10'),
(1098, 'Computer Programming ', 1, 22, 685, '2022-05-08 09:06:10', '2022-05-08 09:06:10'),
(1099, 'Communication Skills', 2, 22, 682, '2022-05-08 09:06:10', '2022-05-08 09:06:10'),
(1100, 'Linear Algebra ', 2, 22, 687, '2022-05-08 09:06:10', '2022-05-08 09:06:10'),
(1101, 'Computer Aided Engineering Design', 1, 22, 678, '2022-05-08 09:06:10', '2022-05-08 09:06:10'),
(1102, 'Human Computer Interfacing ', 2, 33, 763, '2022-05-08 09:06:10', '2022-05-08 09:06:10'),
(1103, 'Mobile & Wireless Communication ', 2, 33, 764, '2022-05-08 09:06:10', '2022-05-08 09:06:10'),
(1104, 'Mobile & Wireless Communication ', 1, 33, 747, '2022-05-08 09:06:10', '2022-05-08 09:06:10'),
(1105, 'Embedded Systems', 1, 33, 766, '2022-05-08 09:06:10', '2022-05-08 10:11:09'),
(1106, 'Professional Ethics ', 2, 33, 768, '2022-05-08 09:06:10', '2022-05-08 09:06:10'),
(1107, 'Final Year Project-II', 1, 33, 769, '2022-05-08 09:06:10', '2022-05-08 09:06:10'),
(1108, 'Complex Variable & Transform ', 2, 31, 683, '2022-05-08 09:06:11', '2022-05-08 09:06:11'),
(1109, 'Engineering Economics & Management', 2, 31, 768, '2022-05-08 09:06:11', '2022-05-08 10:13:14'),
(1110, 'Computer Architecture & Organization', 2, 31, 778, '2022-05-08 09:06:11', '2022-05-08 10:14:07'),
(1111, 'Database Management System', 2, 31, 764, '2022-05-08 09:06:11', '2022-05-08 09:06:11'),
(1112, 'Database Management System', 1, 31, 767, '2022-05-08 09:06:11', '2022-05-08 09:06:11'),
(1113, 'Electrical Network Analysis', 1, 31, 746, '2022-05-08 09:06:11', '2022-05-08 09:06:11'),
(1114, 'Linear Algebra', 2, 30, 779, '2022-05-08 09:06:11', '2022-05-08 10:14:47'),
(1115, 'Basic Electronics & Circuits ', 2, 30, 771, '2022-05-08 09:06:11', '2022-05-08 09:06:11'),
(1116, 'Engineering Workshop', 1, 30, 747, '2022-05-08 09:06:11', '2022-05-08 09:06:11'),
(1117, 'Computer Programming Principles', 2, 30, 770, '2022-05-08 09:06:11', '2022-05-08 09:06:11'),
(1118, 'Communication Skill', 2, 30, 730, '2022-05-08 09:06:11', '2022-05-08 09:06:11'),
(1119, 'Basic Electronics & Circuits ', 1, 30, 746, '2022-05-08 09:06:11', '2022-05-08 09:06:11'),
(1120, 'Computer Programming Principles', 1, 30, 774, '2022-05-08 09:06:11', '2022-05-08 09:06:11'),
(1121, 'Foundry Engineering & Practice', 1, 53, 753, '2022-05-08 09:06:11', '2022-05-08 09:06:11'),
(1122, 'Materials Characterization ', 2, 53, 732, '2022-05-08 09:06:11', '2022-05-08 09:06:11'),
(1123, 'Materials Characterization ', 1, 53, 732, '2022-05-08 09:06:11', '2022-05-08 09:06:11'),
(1124, 'Vacume Technology ', 2, 52, 754, '2022-05-08 09:06:11', '2022-05-08 09:06:11'),
(1125, 'Welding & Other Joining Processes', 2, 52, 757, '2022-05-08 09:06:11', '2022-05-08 09:06:11'),
(1126, 'Welding & Other Joining Processes', 1, 52, 757, '2022-05-08 09:06:11', '2022-05-08 09:06:11'),
(1127, 'Numerical Analysis ', 2, 52, 625, '2022-05-08 09:06:11', '2022-05-08 09:06:11'),
(1128, 'Engineering Economics & Management', 2, 52, 759, '2022-05-08 09:06:11', '2022-05-08 10:26:18'),
(1129, 'Industrial Safety & Environmental Engineering', 2, 51, 752, '2022-05-08 09:06:11', '2022-05-08 09:06:11'),
(1130, 'Engineering Ceramics & Glasses ', 2, 51, 753, '2022-05-08 09:06:11', '2022-05-08 09:06:11'),
(1131, 'Engineering Ceramics & Glasses ', 1, 51, 753, '2022-05-08 09:06:11', '2022-05-08 09:06:11'),
(1132, 'Iron Making Technology ', 2, 51, 754, '2022-05-08 09:06:11', '2022-05-08 09:06:11'),
(1133, 'Foundry Engineering', 1, 51, 751, '2022-05-08 09:06:11', '2022-05-08 09:06:11'),
(1134, 'Physcial Metallurgy', 2, 51, 756, '2022-05-08 09:06:11', '2022-05-08 09:06:11'),
(1135, 'Physcial Metallurgy', 1, 51, 756, '2022-05-08 09:06:11', '2022-05-08 09:06:11'),
(1136, 'Computing Fundamental ', 2, 50, 746, '2022-05-08 09:06:11', '2022-05-08 09:06:11'),
(1137, 'Computing Fundamental ', 1, 50, 747, '2022-05-08 09:06:11', '2022-05-08 09:06:11'),
(1138, 'Linear Algebra ', 2, 50, 687, '2022-05-08 09:06:11', '2022-05-08 09:06:11'),
(1139, 'Pakistan Studies ', 2, 50, 650, '2022-05-08 09:06:11', '2022-05-08 09:06:11'),
(1140, 'Technical Report Writing & Communication Skills', 2, 50, 730, '2022-05-08 09:06:11', '2022-05-08 09:06:11'),
(1141, 'Workshop Practice', 1, 50, 751, '2022-05-08 09:06:11', '2022-05-08 09:06:11'),
(1142, 'Enviornmental Impact Assessment ', 2, 45, 733, '2022-05-08 09:06:11', '2022-05-08 09:06:11'),
(1143, 'Wind Energy Engineering', 2, 45, 727, '2022-05-08 09:06:11', '2022-05-08 09:06:11'),
(1144, 'Advance Clean Coal Technologies', 2, 45, 732, '2022-05-08 09:06:11', '2022-05-08 09:06:11'),
(1145, 'Advance Clean Coal Technologies', 1, 45, 728, '2022-05-08 09:06:11', '2022-05-08 09:06:11'),
(1146, 'Instruction & Control', 2, 44, 638, '2022-05-08 09:06:11', '2022-05-08 09:06:11'),
(1147, 'Instruction & Control', 1, 44, 740, '2022-05-08 09:06:11', '2022-05-08 09:06:11'),
(1148, 'Petroleum Geology & Geophysical Exploration', 2, 44, 610, '2022-05-08 09:06:11', '2022-05-08 09:06:11'),
(1149, 'Solar Energy Engineering', 2, 44, 743, '2022-05-08 09:06:11', '2022-05-08 09:06:11'),
(1150, 'Solar Energy Engineering', 2, 44, 735, '2022-05-08 09:06:11', '2022-05-08 09:06:11'),
(1151, 'Heat & Mass Transfer', 2, 43, 731, '2022-05-08 09:06:11', '2022-05-08 09:06:11'),
(1152, 'Heat & Mass Transfer', 1, 43, 731, '2022-05-08 09:06:11', '2022-05-08 09:06:11'),
(1153, 'Bio Energy Engineering ', 2, 43, 732, '2022-05-08 09:06:11', '2022-05-08 09:06:11'),
(1154, 'Engineering Materials ', 2, 43, 733, '2022-05-08 09:06:11', '2022-05-08 09:06:11'),
(1155, 'Fuels & Combustion ', 2, 43, 734, '2022-05-08 09:06:11', '2022-05-08 09:06:11'),
(1156, 'Fuels & Combustion ', 1, 43, 735, '2022-05-08 09:06:11', '2022-05-08 09:06:11'),
(1157, 'Complex Variable & Transforms ', 2, 43, 618, '2022-05-08 09:06:11', '2022-05-08 09:06:11'),
(1158, 'Energy Resources & Environment ', 2, 42, 656, '2022-05-08 09:06:11', '2022-05-08 09:06:11'),
(1159, 'Introduction to Computing ', 2, 42, 725, '2022-05-08 09:06:11', '2022-05-08 09:06:11'),
(1160, 'Introduction to Computing ', 1, 42, 726, '2022-05-08 09:06:11', '2022-05-08 09:06:11'),
(1161, 'Engineering Drawing & Computer Aided Design', 2, 42, 727, '2022-05-08 09:06:11', '2022-05-08 09:06:11'),
(1162, 'Engineering Drawing & Computer Aided Design', 1, 42, 728, '2022-05-08 09:06:11', '2022-05-08 09:06:11'),
(1163, 'Islamic Studies', 2, 42, 729, '2022-05-08 09:06:11', '2022-05-08 10:18:29'),
(1164, 'Technical Report Writing & Communication Skills', 2, 42, 730, '2022-05-08 09:06:11', '2022-05-08 09:06:11'),
(1165, 'Linear Algebra', 2, 26, 697, '2022-05-08 09:06:11', '2022-05-08 09:06:11'),
(1166, 'Communication & Presentation Skills', 2, 26, 696, '2022-05-08 09:06:11', '2022-05-08 09:06:11'),
(1167, 'Object Oriented  Programing', 2, 26, 698, '2022-05-08 09:06:11', '2022-05-08 09:06:11'),
(1168, 'Object Oriented  Programing', 1, 26, 699, '2022-05-08 09:06:11', '2022-05-08 09:06:11'),
(1169, 'Electronic Device & Circuits', 2, 26, 702, '2022-05-08 09:06:11', '2022-05-08 09:06:11'),
(1170, 'Electronic Device & Circuits', 1, 26, 703, '2022-05-08 09:06:11', '2022-05-08 09:06:11'),
(1171, 'Differential Equations', 2, 27, 705, '2022-05-08 09:06:11', '2022-05-08 09:06:11'),
(1172, 'Electrical Machines', 2, 27, 706, '2022-05-08 09:06:11', '2022-05-08 09:06:11'),
(1173, 'Electrical Machines', 1, 27, 699, '2022-05-08 09:06:11', '2022-05-08 09:06:11'),
(1174, 'Electromagnetic Field Theory', 2, 27, 707, '2022-05-08 09:06:11', '2022-05-08 09:06:11'),
(1175, 'instrumentation & Measurement', 2, 27, 708, '2022-05-08 09:06:11', '2022-05-08 09:06:11'),
(1176, 'Microprocessor & Microcontroller System', 2, 27, 710, '2022-05-08 09:06:11', '2022-05-08 09:06:11'),
(1177, 'Microprocessor & Microcontroller System', 1, 27, 711, '2022-05-08 09:06:11', '2022-05-08 09:06:11'),
(1178, 'Engineering Economics & Project Management', 2, 28, 712, '2022-05-08 09:06:11', '2022-05-08 09:06:11'),
(1179, 'Numerical Analysis ', 2, 28, 713, '2022-05-08 09:06:11', '2022-05-08 09:06:11'),
(1180, 'Control Engineering ', 2, 28, 714, '2022-05-08 09:06:11', '2022-05-08 09:06:11'),
(1181, 'Control Engineering ', 1, 28, 715, '2022-05-08 09:06:11', '2022-05-08 09:06:11'),
(1182, 'Digital Signal Processing & Filter Design', 2, 28, 716, '2022-05-08 09:06:11', '2022-05-08 09:06:11'),
(1183, 'Industrial Automation & Robotics', 1, 28, 718, '2022-05-08 09:06:11', '2022-05-08 09:06:11'),
(1184, 'Professional Psychology ', 2, 29, 719, '2022-05-08 09:06:11', '2022-05-08 09:06:11'),
(1185, 'Digital Instrumentation System', 2, 29, 720, '2022-05-08 09:06:11', '2022-05-08 09:06:11'),
(1186, 'Digital Instrumentation System', 1, 29, 704, '2022-05-08 09:06:11', '2022-05-08 09:06:11'),
(1187, 'Entrepreneurship ', 2, 29, 722, '2022-05-08 09:06:11', '2022-05-08 09:06:11'),
(1188, 'Final Year Project-II', 1, 29, 707, '2022-05-08 09:06:11', '2022-05-08 09:06:11'),
(1189, 'Object Oriented  Programing', 1, 26, 700, '2022-05-08 09:06:11', '2022-05-08 09:06:11'),
(1190, 'Electronic Device & Circuits', 1, 26, 704, '2022-05-08 09:06:11', '2022-05-08 09:06:11'),
(1191, 'Electrical Machines', 1, 27, 700, '2022-05-08 09:06:11', '2022-05-08 09:06:11'),
(1192, 'Digital Instrumentation System', 1, 29, 703, '2022-05-08 09:06:11', '2022-05-08 09:06:11'),
(1193, 'Linear Algebra', 2, 59, 689, '2022-05-08 09:06:11', '2022-05-08 09:06:11'),
(1194, 'Programming Fundamentals', 2, 59, 786, '2022-05-08 09:06:11', '2022-05-08 09:06:11'),
(1195, 'Programming Fundamentals', 1, 59, 786, '2022-05-08 09:06:11', '2022-05-08 09:06:11'),
(1196, 'Communication Skills', 2, 59, 784, '2022-05-08 09:06:11', '2022-05-08 09:06:11'),
(1197, 'Introduction to Economics ', 2, 59, 784, '2022-05-08 09:06:11', '2022-05-08 09:06:11'),
(1198, 'Islamic Studies / Ethics', 2, 59, 784, '2022-05-08 09:06:11', '2022-05-08 09:06:11'),
(1199, 'Method of Data Analysis ', 1, 58, 781, '2022-05-08 09:06:11', '2022-05-08 09:06:11'),
(1200, 'Method of Data Analysis ', 2, 58, 781, '2022-05-08 09:06:11', '2022-05-08 09:06:11'),
(1201, 'Communication Skills', 2, 58, 784, '2022-05-08 09:06:11', '2022-05-08 09:06:11'),
(1202, 'Macroeconomics ', 2, 58, 781, '2022-05-08 09:06:11', '2022-05-08 09:06:11'),
(1203, 'Communication Skills', 2, 60, 690, '2022-05-08 09:06:11', '2022-05-08 09:06:11'),
(1204, 'Programming Fundamentals', 2, 60, 688, '2022-05-08 09:06:11', '2022-05-08 09:06:11'),
(1205, 'Programming Fundamentals', 1, 60, 688, '2022-05-08 09:06:11', '2022-05-08 09:06:11'),
(1206, 'Linear Algebra', 2, 60, 689, '2022-05-08 09:06:11', '2022-05-08 09:06:11'),
(1207, 'Islamic Studies & Ethics ', 2, 60, 690, '2022-05-08 09:06:11', '2022-05-08 09:06:11'),
(1208, 'Linear Algebra', 2, 61, 691, '2022-05-08 09:06:11', '2022-05-08 09:06:11'),
(1209, 'Communication Skills', 2, 61, 690, '2022-05-08 09:06:11', '2022-05-08 09:06:11'),
(1210, 'Programming Fundamentals ', 2, 61, 693, '2022-05-08 09:06:11', '2022-05-08 09:06:11'),
(1211, 'Islamic Studies / Ethics', 2, 61, 690, '2022-05-08 09:06:11', '2022-05-08 09:06:11'),
(1212, 'Introduction to Economics', 2, 61, 690, '2022-05-08 09:06:11', '2022-05-08 09:06:11'),
(1213, 'Programming Fundamentals ', 1, 61, 693, '2022-05-08 09:06:11', '2022-05-08 09:06:11'),
(1214, 'Industrial Chemistry', 1, 38, 649, '2022-05-08 09:06:11', '2022-05-08 09:06:11'),
(1215, 'Pakistan Studies', 2, 38, 650, '2022-05-08 09:06:11', '2022-05-08 09:06:11'),
(1216, 'Chemical Engineering Thermodynamics I', 2, 38, 652, '2022-05-08 09:06:11', '2022-05-08 09:42:26'),
(1217, 'Particulate Technology', 1, 38, 653, '2022-05-08 09:06:11', '2022-05-08 09:06:11'),
(1218, 'Engineering Drawing & Graphics', 2, 38, 655, '2022-05-08 09:06:11', '2022-05-08 09:06:11'),
(1219, 'Engineering Drawing & Graphics', 1, 38, 655, '2022-05-08 09:06:11', '2022-05-08 09:06:11'),
(1220, 'Workshop Practice', 1, 38, 656, '2022-05-08 09:06:11', '2022-05-08 09:06:11'),
(1221, 'Complex Variables & Transforms', 2, 39, 657, '2022-05-08 09:06:11', '2022-05-08 09:06:11'),
(1222, 'Technical Report Writing & Skills', 2, 39, 658, '2022-05-08 09:06:11', '2022-05-08 09:06:11'),
(1223, 'Heat Transfer', 2, 39, 659, '2022-05-08 09:06:11', '2022-05-08 09:06:11'),
(1224, 'Heat Transfer', 1, 39, 655, '2022-05-08 09:06:11', '2022-05-08 09:06:11'),
(1225, 'Mass Transfer', 2, 39, 660, '2022-05-08 09:06:11', '2022-05-08 09:06:11'),
(1226, 'Mass Transfer', 1, 39, 660, '2022-05-08 09:06:11', '2022-05-08 09:06:11'),
(1227, 'Numerical Analysis', 2, 40, 662, '2022-05-08 09:06:11', '2022-05-08 09:06:11'),
(1228, 'Numerical Analysis', 1, 40, 662, '2022-05-08 09:06:11', '2022-05-08 09:06:11'),
(1229, 'Chemical Reaction Engineering', 2, 40, 663, '2022-05-08 09:06:11', '2022-05-08 09:06:11'),
(1230, 'Chemical Reaction Engineering', 1, 40, 663, '2022-05-08 09:06:11', '2022-05-08 09:06:11'),
(1231, 'Chemical Product Design', 2, 40, 664, '2022-05-08 09:06:11', '2022-05-08 09:06:11'),
(1232, 'Chemical Product Design', 1, 40, 664, '2022-05-08 09:06:11', '2022-05-08 09:06:11'),
(1233, 'Transport Phenomena', 2, 40, 665, '2022-05-08 09:06:11', '2022-05-08 09:06:11'),
(1234, 'Petroleum Refinery Engineering', 2, 41, 669, '2022-05-08 09:06:11', '2022-05-08 09:06:11'),
(1235, 'Petrochemical Engineering', 2, 41, 664, '2022-05-08 09:06:11', '2022-05-08 09:06:11'),
(1236, 'Production & Operation Management', 2, 41, 670, '2022-05-08 09:06:11', '2022-05-08 09:06:11'),
(1237, 'Applied Geology', 2, 54, 610, '2022-05-08 09:06:11', '2022-05-08 09:06:11'),
(1238, 'Applied Geology', 1, 54, 610, '2022-05-08 09:06:11', '2022-05-08 09:06:11'),
(1239, 'Pakistan Studies', 2, 54, 612, '2022-05-08 09:06:11', '2022-05-08 09:06:11'),
(1240, 'Technical Report Writing & Communication Skills', 2, 54, 613, '2022-05-08 09:06:11', '2022-05-08 09:06:11'),
(1241, 'Computer Programming & Software Application', 2, 54, 772, '2022-05-08 09:06:11', '2022-05-08 09:06:11'),
(1242, 'Computer Programming & Software Application', 1, 54, 772, '2022-05-08 09:06:11', '2022-05-08 09:06:11'),
(1243, 'Engineering Drawing', 1, 54, 648, '2022-05-08 09:06:11', '2022-05-08 09:06:11'),
(1244, 'Drilling Engineering', 2, 55, 636, '2022-05-08 09:06:11', '2022-05-08 09:06:11'),
(1245, 'Drilling Engineering', 1, 55, 636, '2022-05-08 09:06:11', '2022-05-08 09:06:11'),
(1246, 'Petrophysics', 2, 55, 616, '2022-05-08 09:06:11', '2022-05-08 09:06:11'),
(1247, 'Petrophysics', 1, 55, 616, '2022-05-08 09:06:11', '2022-05-08 09:06:11'),
(1248, 'Properties of Reservoir Fluids', 2, 55, 617, '2022-05-08 09:06:11', '2022-05-08 09:06:11'),
(1249, 'Properties of Reservoir Fluids', 1, 55, 617, '2022-05-08 09:06:11', '2022-05-08 09:06:11'),
(1250, 'Complex Variables & Linear Transform', 2, 55, 618, '2022-05-08 09:06:11', '2022-05-08 09:06:11'),
(1251, 'Professional Ethics', 2, 55, 619, '2022-05-08 09:06:11', '2022-05-08 09:06:11'),
(1252, 'Well Completions & Integrity', 2, 56, 621, '2022-05-08 09:06:11', '2022-05-08 09:06:11'),
(1253, 'Well Completions & Integrity', 1, 56, 621, '2022-05-08 09:06:11', '2022-05-08 09:06:11'),
(1254, 'Gas Reservoir Engineering', 2, 56, 622, '2022-05-08 09:06:11', '2022-05-08 09:06:11'),
(1255, 'Gas Reservoir Engineering', 1, 56, 622, '2022-05-08 09:06:11', '2022-05-08 09:06:11'),
(1256, 'Instrumentation & Process Control', 2, 56, 638, '2022-05-08 09:06:11', '2022-05-08 09:06:11'),
(1257, 'Instrumentation & Process Control', 1, 56, 638, '2022-05-08 09:06:11', '2022-05-08 09:06:11'),
(1258, 'Petroleum Refinery Engineering', 1, 56, 624, '2022-05-08 09:06:11', '2022-05-08 09:06:11'),
(1259, 'Numerical Analysis', 2, 56, 625, '2022-05-08 09:06:11', '2022-05-08 09:06:11'),
(1260, 'Petroleum Economics', 2, 57, 619, '2022-05-08 09:06:11', '2022-05-08 09:06:11'),
(1261, 'Gas Reservoir Engineering', 2, 57, 617, '2022-05-08 09:06:11', '2022-05-08 09:06:11'),
(1262, 'Principles of Enhanced Oil Recovery', 2, 57, 626, '2022-05-08 09:06:11', '2022-05-08 09:06:11'),
(1263, 'Principles of Enhanced Oil Recovery', 1, 57, 626, '2022-05-08 09:06:11', '2022-05-08 10:36:17'),
(1264, 'Natural Gas Engineering', 2, 57, 624, '2022-05-08 09:06:11', '2022-05-08 10:36:53'),
(1265, 'Natural Gas Engineering', 1, 57, 619, '2022-05-08 09:06:11', '2022-05-08 09:06:11'),
(1266, 'Technical Report Writing & Communication Skills', 2, 46, 613, '2022-05-08 09:06:11', '2022-05-08 09:06:11'),
(1267, 'Pakistan Studies', 2, 46, 612, '2022-05-08 09:06:11', '2022-05-08 09:06:11'),
(1268, 'Applied Physics', 2, 46, 629, '2022-05-08 09:06:11', '2022-05-08 09:06:11'),
(1269, 'Applied Physics', 1, 46, 629, '2022-05-08 09:06:11', '2022-05-08 09:06:11'),
(1270, 'Linear Algebra', 2, 46, 630, '2022-05-08 09:06:11', '2022-05-08 09:06:11'),
(1271, 'Manufacturing Processes', 2, 46, 631, '2022-05-08 09:06:11', '2022-05-08 09:06:11'),
(1272, 'Manufacturing Processes', 1, 46, 656, '2022-05-08 09:06:11', '2022-05-08 09:06:11'),
(1273, 'Workshop Practice', 1, 46, 656, '2022-05-08 09:06:11', '2022-05-08 09:06:11'),
(1274, 'Engineering Economics', 2, 47, 633, '2022-05-08 09:06:11', '2022-05-08 09:06:11'),
(1275, 'Mechanics of Materials', 2, 47, 634, '2022-05-08 09:06:11', '2022-05-08 09:06:11'),
(1276, 'Mechanics of Materials', 1, 47, 635, '2022-05-08 09:06:11', '2022-05-08 09:06:11'),
(1277, 'Metrology & Statistical Quality', 2, 47, 631, '2022-05-08 09:06:11', '2022-05-08 10:07:16'),
(1278, 'Fluid Mechanics', 2, 47, 631, '2022-05-08 09:06:11', '2022-05-08 09:06:11'),
(1279, 'Fluid Mechanics', 1, 47, 637, '2022-05-08 09:06:11', '2022-05-08 09:06:11'),
(1280, 'Instrumentation & Control', 2, 47, 638, '2022-05-08 09:06:11', '2022-05-08 09:06:11'),
(1281, 'Instrumentation & Control', 1, 47, 639, '2022-05-08 09:06:11', '2022-05-08 09:06:11'),
(1282, 'Numerical Analysis & Computer Application', 2, 48, 630, '2022-05-08 09:06:11', '2022-05-08 09:06:11'),
(1283, 'Production Planning & Control', 2, 48, 678, '2022-05-08 09:06:11', '2022-05-08 09:06:11'),
(1284, 'Computer Simulations', 2, 48, 633, '2022-05-08 09:06:11', '2022-05-08 09:06:11'),
(1285, 'Computer Simulations', 1, 48, 637, '2022-05-08 09:06:11', '2022-05-08 09:06:11'),
(1286, 'Project Management', 2, 48, 643, '2022-05-08 09:06:11', '2022-05-08 09:06:11'),
(1287, 'Project Management', 1, 48, 643, '2022-05-08 09:06:11', '2022-05-08 09:06:11'),
(1288, 'Computer Integrated Manufacturing', 2, 49, 647, '2022-05-08 09:06:11', '2022-05-08 09:06:11'),
(1289, 'Computer Integrated Manufacturing', 1, 49, 648, '2022-05-08 09:06:11', '2022-05-08 09:06:11'),
(1290, 'Professional Practices', 2, 25, 672, '2022-05-08 09:06:11', '2022-05-08 09:06:11'),
(1291, 'Programming Fundamentals', 2, 61, 694, '2022-05-08 09:06:11', '2022-05-08 09:06:11'),
(1292, 'Programming Fundamentals', 1, 61, 694, '2022-05-08 09:06:11', '2022-05-08 09:06:11'),
(1293, 'Industrial Chemistry', 2, 38, 789, '2022-05-08 09:39:36', '2022-05-08 09:39:36'),
(1294, 'Logic And Critical Thinking', 2, 38, 651, '2022-05-08 09:41:16', '2022-05-08 09:41:16'),
(1295, 'Particulate Technology', 2, 38, 654, '2022-05-08 09:43:38', '2022-05-08 09:43:38'),
(1296, 'Chemical Engineering Thermodynamics II', 2, 39, 661, '2022-05-08 09:45:58', '2022-05-08 09:45:58'),
(1297, 'Chemical Engineering Thermodynamics II', 1, 39, 661, '2022-05-08 09:46:13', '2022-05-08 09:46:13'),
(1298, 'Chemical Process Equipment', 2, 40, 666, '2022-05-08 09:48:10', '2022-05-08 09:48:10'),
(1299, 'Environmental Engineering', 2, 41, 667, '2022-05-08 09:49:34', '2022-05-08 09:49:34'),
(1300, 'Chemical Engineering Process Safety', 2, 41, 668, '2022-05-08 09:50:22', '2022-05-08 09:50:22'),
(1301, 'Final Year Project-II', 1, 41, 668, '2022-05-08 09:51:14', '2022-05-08 09:51:14'),
(1302, 'Microprocessor & Microcontroller System', 1, 23, 679, '2022-05-08 14:48:30', '2022-05-08 14:48:30'),
(1303, 'Data Communication and Networking', 1, 23, 680, '2022-05-08 14:49:14', '2022-05-08 14:49:14'),
(1304, 'Technical Report Writing', 2, 23, 682, '2022-05-08 14:50:05', '2022-05-08 14:50:05'),
(1305, 'Complex Variable & Transform', 2, 23, 683, '2022-05-08 14:50:51', '2022-05-08 14:50:51'),
(1306, 'Islamic Studies', 2, 26, 695, '2022-05-08 14:58:01', '2022-05-08 14:58:01'),
(1307, 'instrumentation & Measurement', 1, 27, 709, '2022-05-08 15:04:53', '2022-05-08 15:04:53'),
(1308, 'Digital Signal Processing & Filter Design', 1, 28, 711, '2022-05-08 15:07:31', '2022-05-08 15:07:31'),
(1309, 'Wireless & Mobile Communication', 2, 29, 721, '2022-05-08 15:12:07', '2022-05-08 15:12:07'),
(1310, 'Data Communication & Computer Networks', 1, 32, 772, '2022-05-08 15:19:15', '2022-05-08 15:22:50'),
(1311, 'Software Engineering', 1, 32, 774, '2022-05-08 15:19:46', '2022-05-08 15:19:46'),
(1312, 'Digital System Design', 2, 32, 773, '2022-05-08 15:20:18', '2022-05-08 15:20:18'),
(1313, 'Data Communication & Computer Networks', 2, 32, 770, '2022-05-08 15:20:49', '2022-05-08 15:23:08'),
(1314, 'Health Safety & Environment', 2, 44, 738, '2022-05-08 15:42:58', '2022-05-08 15:42:58'),
(1315, 'Water And Waste Water Engineering', 2, 44, 742, '2022-05-08 15:44:24', '2022-05-08 15:44:24'),
(1316, 'Wind Energy Engineering', 1, 45, 724, '2022-05-08 15:45:45', '2022-05-08 15:45:45'),
(1317, 'Industrial Maintenance & safety', 2, 48, 641, '2022-05-08 15:52:34', '2022-05-08 15:52:34'),
(1318, 'Total Quality Management', 2, 49, 644, '2022-05-08 15:54:39', '2022-05-08 15:54:39'),
(1319, 'Supply Chain & Logistics', 2, 49, 646, '2022-05-08 15:55:37', '2022-05-08 15:55:37'),
(1320, 'Engineering Drawing & Graphics', 1, 50, 745, '2022-05-08 15:59:02', '2022-05-08 15:59:02'),
(1321, 'Foundry Engineering And Practices', 2, 53, 755, '2022-05-08 16:09:35', '2022-05-08 16:09:35'),
(1322, 'Applied Physics', 1, 54, 611, '2022-05-08 16:12:59', '2022-05-08 16:12:59'),
(1323, 'Applied Physics', 2, 54, 611, '2022-05-08 16:13:50', '2022-05-08 16:13:50'),
(1324, 'Final Year Project II', 1, 57, 623, '2022-05-08 16:19:02', '2022-05-08 16:19:02'),
(1325, 'Data Communication and Networking', 2, 23, 680, '2022-05-09 10:31:17', '2022-05-09 10:31:17'),
(1326, 'Electromagnetic Theory', 2, 23, 681, '2022-05-09 10:32:52', '2022-05-09 10:32:52'),
(1327, 'Microprocessor & Microcontroller System', 2, 23, 679, '2022-05-09 10:34:01', '2022-05-09 10:34:01'),
(1328, 'Computer Aided Design', 1, 26, 701, '2022-05-09 10:54:58', '2022-05-09 10:54:58'),
(1329, 'Industrial Automation & Robotics', 2, 28, 717, '2022-05-09 11:05:23', '2022-05-09 11:05:23'),
(1330, 'Islamic Studies / Ethics', 2, 30, 790, '2022-05-09 11:32:31', '2022-05-09 11:32:31'),
(1331, 'Software Engineering', 2, 32, 763, '2022-05-09 11:39:01', '2022-05-09 11:39:01'),
(1332, 'Technical Report Writing', 2, 32, 775, '2022-05-09 11:40:35', '2022-05-09 11:40:35'),
(1333, 'Digital Signal Processing', 1, 32, 765, '2022-05-09 11:42:57', '2022-05-09 11:42:57'),
(1334, 'Embedded Systems', 2, 33, 766, '2022-05-09 11:45:38', '2022-05-09 11:45:38'),
(1335, 'Engineering Mechanics', 2, 42, 724, '2022-05-09 12:02:49', '2022-05-09 12:02:49'),
(1336, 'Water And Waste Water Engineering', 1, 44, 742, '2022-05-09 12:06:21', '2022-05-09 12:06:21'),
(1337, 'Marketing Management', 2, 49, 645, '2022-05-09 13:13:12', '2022-05-09 13:13:12'),
(1338, 'Facture Mechanics & Failure Analysis', 2, 53, 762, '2022-05-09 13:28:41', '2022-05-09 13:28:41'),
(1339, 'Advance Material', 2, 53, 761, '2022-05-09 13:30:23', '2022-05-09 13:30:23'),
(1340, 'Applied Physics', 1, 58, 782, '2022-05-09 13:45:42', '2022-05-09 13:45:42'),
(1341, 'Philosophy & Science', 2, 58, 783, '2022-05-09 13:47:06', '2022-05-09 13:47:06');

-- --------------------------------------------------------

--
-- Table structure for table `duet_teachers`
--

CREATE TABLE `duet_teachers` (
  `id` bigint(20) UNSIGNED NOT NULL,
  `first_name` varchar(256) COLLATE utf8mb4_unicode_ci NOT NULL,
  `last_name` varchar(256) COLLATE utf8mb4_unicode_ci NOT NULL,
  `qualification` bigint(20) UNSIGNED NOT NULL,
  `department_id` bigint(20) UNSIGNED NOT NULL,
  `created_at` timestamp NULL DEFAULT NULL,
  `updated_at` timestamp NULL DEFAULT NULL
) ENGINE=InnoDB DEFAULT CHARSET=utf8mb4 COLLATE=utf8mb4_unicode_ci;

--
-- Dumping data for table `duet_teachers`
--

INSERT INTO `duet_teachers` (`id`, `first_name`, `last_name`, `qualification`, `department_id`, `created_at`, `updated_at`) VALUES
(610, ' Suresh ', 'Kumar', 2, 32, '2022-05-08 09:05:48', '2022-05-08 09:05:48'),
(611, ' Sikanadar', 'Ali', 3, 32, '2022-05-08 09:05:49', '2022-05-08 09:05:49'),
(612, 'Zunera ', 'Memon', 5, 32, '2022-05-08 09:05:49', '2022-05-08 09:05:49'),
(613, 'Ayesha ', 'Amir', 5, 32, '2022-05-08 09:05:49', '2022-05-08 09:05:49'),
(614, 'Motia', 'Rani ', 2, 32, '2022-05-08 09:05:49', '2022-05-08 09:05:49'),
(615, 'Darya Khan', 'Bhutto', 2, 32, '2022-05-08 09:05:49', '2022-05-08 09:05:49'),
(616, 'Waseem ', 'Ahmed', 2, 32, '2022-05-08 09:05:49', '2022-05-08 09:05:49'),
(617, 'Afroze', 'Khatoon', 2, 32, '2022-05-08 09:05:49', '2022-05-08 09:05:49'),
(618, 'Fouzia', 'Abid', 5, 32, '2022-05-08 09:05:49', '2022-05-08 09:05:49'),
(619, 'Muhammad', 'Murtaza', 2, 32, '2022-05-08 09:05:49', '2022-05-08 09:05:49'),
(620, 'Waheed Ali', 'Abro', 1, 32, '2022-05-08 09:05:49', '2022-05-08 09:05:49'),
(621, 'Najeeb', 'Soomro', 2, 32, '2022-05-08 09:05:49', '2022-05-08 09:05:49'),
(622, 'Hassan', 'Aziz', 2, 32, '2022-05-08 09:05:49', '2022-05-08 09:05:49'),
(623, 'Rashid Mustafa', 'Korai', 1, 32, '2022-05-08 09:05:49', '2022-05-08 09:05:49'),
(624, 'Bharat', 'Kumar', 2, 32, '2022-05-08 09:05:49', '2022-05-08 09:05:49'),
(625, 'Fida ', 'Hussain', 3, 32, '2022-05-08 09:05:49', '2022-05-08 09:05:49'),
(626, 'Khalid', 'Waheed', 2, 32, '2022-05-08 09:05:49', '2022-05-08 09:05:49'),
(627, 'Ayesha', 'Amir', 4, 37, '2022-05-08 09:05:49', '2022-05-08 09:05:49'),
(628, 'Zunaira', 'Memon', 5, 37, '2022-05-08 09:05:49', '2022-05-08 09:05:49'),
(629, 'Sumrah', 'Hussain', 5, 37, '2022-05-08 09:05:49', '2022-05-08 09:05:49'),
(630, 'Ismat', 'Zehra', 5, 37, '2022-05-08 09:05:49', '2022-05-08 09:05:49'),
(631, 'Nabeel ', 'Ahmed', 2, 37, '2022-05-08 09:05:49', '2022-05-08 09:05:49'),
(632, 'Ghulam Mujtaba', 'Khan', 2, 37, '2022-05-08 09:05:49', '2022-05-08 09:05:49'),
(633, 'Jansher', 'Ansari', 2, 37, '2022-05-08 09:05:49', '2022-05-08 09:05:49'),
(634, 'Abdul ', 'Rahman', 2, 37, '2022-05-08 09:05:49', '2022-05-08 09:05:49'),
(635, 'Kanwal', 'Zehra', 2, 37, '2022-05-08 09:05:49', '2022-05-08 09:05:49'),
(636, 'Darya', 'Khan', 2, 37, '2022-05-08 09:05:49', '2022-05-08 09:05:49'),
(637, 'Malikah', 'Ibrahim', 2, 37, '2022-05-08 09:05:49', '2022-05-08 09:05:49'),
(638, 'Muhammad', 'Shahid', 3, 37, '2022-05-08 09:05:49', '2022-05-08 09:05:49'),
(639, 'Amna', 'Najab', 5, 37, '2022-05-08 09:05:49', '2022-05-08 09:05:49'),
(640, 'Imran Khan', 'Shaikh', 2, 37, '2022-05-08 09:05:49', '2022-05-08 09:05:49'),
(641, 'Rano Khan', 'Wassan', 2, 37, '2022-05-08 09:05:49', '2022-05-08 09:05:49'),
(642, 'Ali Akbar', 'Jaffari', 2, 37, '2022-05-08 09:05:49', '2022-05-08 09:05:49'),
(643, 'Shoaib', 'Kaka', 2, 37, '2022-05-08 09:05:49', '2022-05-08 09:05:49'),
(644, ' Zahid Hussain ', 'Hulio', 1, 37, '2022-05-08 09:05:49', '2022-05-08 09:05:49'),
(645, 'Muhammad Dawood ', 'Idress', 1, 37, '2022-05-08 09:05:49', '2022-05-08 09:05:49'),
(646, 'Ghulam Sarwar', 'Chandio', 2, 37, '2022-05-08 09:05:49', '2022-05-08 09:05:49'),
(647, 'Shahzada', 'Umair', 1, 37, '2022-05-08 09:05:49', '2022-05-08 09:05:49'),
(648, 'Shahnawaz', 'Ali', 2, 37, '2022-05-08 09:05:49', '2022-05-08 09:05:49'),
(649, 'Shahab', 'Alam', 1, 31, '2022-05-08 09:05:49', '2022-05-08 09:05:49'),
(650, 'Faisal', 'Khan', 3, 31, '2022-05-08 09:05:49', '2022-05-08 09:05:49'),
(651, 'Maqsood Ali', 'Shah', 2, 31, '2022-05-08 09:05:49', '2022-05-08 09:05:49'),
(652, 'Muhammad Azam', 'Usto', 2, 31, '2022-05-08 09:05:49', '2022-05-08 09:05:49'),
(653, 'Mir', 'Muhammad', 2, 31, '2022-05-08 09:05:49', '2022-05-08 09:05:49'),
(654, 'Syed Mazhar', 'Imam', 2, 31, '2022-05-08 09:05:49', '2022-05-08 09:05:49'),
(655, 'ShahRukh ', 'Memon', 2, 31, '2022-05-08 09:05:49', '2022-05-08 09:05:49'),
(656, 'Ghulam', 'Mujtaba', 2, 31, '2022-05-08 09:05:49', '2022-05-08 09:05:49'),
(657, 'Bulbul', 'Jan', 1, 31, '2022-05-08 09:05:49', '2022-05-08 09:05:49'),
(658, 'Irum', 'Pervez', 5, 31, '2022-05-08 09:05:49', '2022-05-08 09:05:49'),
(659, 'Sadia', 'Karim', 2, 31, '2022-05-08 09:05:49', '2022-05-08 09:05:49'),
(660, 'Amna', 'Anjum', 2, 31, '2022-05-08 09:05:49', '2022-05-08 09:05:49'),
(661, 'Atta', 'Muhammad', 2, 31, '2022-05-08 09:05:49', '2022-05-08 09:05:49'),
(662, 'Shafqat', 'Lashari', 3, 31, '2022-05-08 09:05:49', '2022-05-08 09:05:49'),
(663, 'Azka', 'Rizwan', 2, 31, '2022-05-08 09:05:49', '2022-05-08 09:05:49'),
(664, 'Zubair', 'Hashmi', 2, 31, '2022-05-08 09:05:49', '2022-05-08 09:05:49'),
(665, 'Nusrat', 'Kiran', 2, 31, '2022-05-08 09:05:49', '2022-05-08 09:05:49'),
(666, 'Abdul Waheed', 'Bhutto', 1, 31, '2022-05-08 09:05:49', '2022-05-08 09:05:49'),
(667, 'Shoaib Ahmed', 'Qureshi', 2, 31, '2022-05-08 09:05:49', '2022-05-08 09:05:49'),
(668, 'Abdul Karim', 'Shah', 1, 31, '2022-05-08 09:05:49', '2022-05-08 09:05:49'),
(669, 'Tanzeel ', 'Usman', 2, 31, '2022-05-08 09:05:49', '2022-05-08 09:05:49'),
(670, 'Haroon', 'Jandhgha', 1, 31, '2022-05-08 09:05:49', '2022-05-08 09:05:49'),
(671, 'Ayesha', 'Amir', 1, 28, '2022-05-08 09:05:49', '2022-05-08 09:05:49'),
(672, 'Prem', 'Singh', 2, 28, '2022-05-08 09:05:49', '2022-05-08 09:05:49'),
(673, 'Zeeshan', 'Ali', 1, 28, '2022-05-08 09:05:49', '2022-05-08 09:05:49'),
(674, 'Aziza', 'Fazal', 2, 28, '2022-05-08 09:05:49', '2022-05-08 09:05:49'),
(675, 'Faisal', 'Khan', 2, 28, '2022-05-08 09:05:49', '2022-05-08 09:05:49'),
(676, 'Kashif', 'Saleem', 2, 28, '2022-05-08 09:05:49', '2022-05-08 09:05:49'),
(677, 'Rizwan', 'Iqbal', 2, 28, '2022-05-08 09:05:49', '2022-05-08 09:05:49'),
(678, 'Imran', 'Khan', 2, 28, '2022-05-08 09:05:49', '2022-05-08 09:05:49'),
(679, 'Junaid', 'Ahmed', 2, 28, '2022-05-08 09:05:49', '2022-05-08 09:05:49'),
(680, 'Saima', 'Khadim', 2, 28, '2022-05-08 09:05:49', '2022-05-08 09:05:49'),
(681, 'Matloob', 'Ahmed', 2, 28, '2022-05-08 09:05:49', '2022-05-08 09:05:49'),
(682, 'Mushtaque', 'Ahmed', 3, 28, '2022-05-08 09:05:49', '2022-05-08 09:05:49'),
(683, 'Sidra', 'Khan', 1, 28, '2022-05-08 09:05:49', '2022-05-08 09:05:49'),
(684, 'Areez', 'Khalil', 2, 28, '2022-05-08 09:05:49', '2022-05-08 09:05:49'),
(685, 'Imran', 'Alvi', 2, 28, '2022-05-08 09:05:49', '2022-05-08 09:05:49'),
(686, 'Mehvish Asif', 'Shaikh', 5, 28, '2022-05-08 09:05:49', '2022-05-08 09:05:49'),
(687, 'Nazia', 'Irshad', 1, 28, '2022-05-08 09:05:49', '2022-05-08 09:05:49'),
(688, 'Asma', 'Sanam', 1, 39, '2022-05-08 09:05:49', '2022-05-08 09:05:49'),
(689, 'Maria', 'Khan', 5, 39, '2022-05-08 09:05:49', '2022-05-08 09:05:49'),
(690, 'Visiting', 'Teacher', 3, 39, '2022-05-08 09:05:49', '2022-05-08 09:05:49'),
(691, 'Zehra', 'Naveed', 5, 36, '2022-05-08 09:05:49', '2022-05-08 09:05:49'),
(692, 'Visiting', 'Teacher', 3, 36, '2022-05-08 09:05:49', '2022-05-08 09:05:49'),
(693, 'Sarwat', 'Iqbal', 1, 36, '2022-05-08 09:05:49', '2022-05-08 09:05:49'),
(694, 'Irfan', 'Abbasi', 3, 36, '2022-05-08 09:05:49', '2022-05-08 09:05:49'),
(695, 'Naveed uz', 'Zafar', 3, 29, '2022-05-08 09:05:49', '2022-05-08 09:05:49'),
(696, 'Muhammad', 'Hassan', 3, 29, '2022-05-08 09:05:49', '2022-05-08 09:05:49'),
(697, 'Faisal', 'Nawaz', 1, 29, '2022-05-08 09:05:49', '2022-05-08 09:05:49'),
(698, 'Adnan', 'Waqar', 1, 29, '2022-05-08 09:05:49', '2022-05-08 09:05:49'),
(699, 'Rohai ', 'Shaikh', 2, 29, '2022-05-08 09:05:49', '2022-05-08 09:05:49'),
(700, 'Talha', 'Tariq', 2, 29, '2022-05-08 09:05:49', '2022-05-08 09:05:49'),
(701, 'Syed Waqar', 'Alam', 2, 29, '2022-05-08 09:05:49', '2022-05-08 09:05:49'),
(702, 'Ghazala', 'Bhutto', 2, 29, '2022-05-08 09:05:49', '2022-05-08 09:05:49'),
(703, 'Amjad', 'Hussain', 2, 29, '2022-05-08 09:05:49', '2022-05-08 09:05:49'),
(704, 'Altaf', 'Ahmed', 2, 29, '2022-05-08 09:05:49', '2022-05-08 09:05:49'),
(705, 'Sumaira', 'Khan', 1, 29, '2022-05-08 09:05:49', '2022-05-08 09:05:49'),
(706, 'Arsalan', 'Ansari', 1, 29, '2022-05-08 09:05:49', '2022-05-08 09:05:49'),
(707, 'Muhammad', 'Rauf', 1, 29, '2022-05-08 09:05:49', '2022-05-08 09:05:49'),
(708, 'Arif ', 'Abdullah', 2, 29, '2022-05-08 09:05:49', '2022-05-08 09:05:49'),
(709, 'Anum Nadir', 'Ali', 2, 29, '2022-05-08 09:05:49', '2022-05-08 09:05:49'),
(710, 'Musharraf', 'Alam', 1, 29, '2022-05-08 09:05:49', '2022-05-08 09:05:49'),
(711, 'Majid', 'Ahmed', 2, 29, '2022-05-08 09:05:49', '2022-05-08 09:05:49'),
(712, 'Bushra', 'Akhtar', 2, 29, '2022-05-08 09:05:49', '2022-05-08 09:05:49'),
(713, 'Faraz', 'Mehmood', 1, 29, '2022-05-08 09:05:49', '2022-05-08 09:05:49'),
(714, 'Muhammad', 'Ismail', 2, 29, '2022-05-08 09:05:49', '2022-05-08 09:05:49'),
(715, 'Sanjha', 'Khan', 2, 29, '2022-05-08 09:05:49', '2022-05-08 09:05:49'),
(716, 'Dilip ', 'Kumar', 2, 29, '2022-05-08 09:05:49', '2022-05-08 09:05:49'),
(717, 'Maqsood ur', 'Rehman', 2, 29, '2022-05-08 09:05:49', '2022-05-08 09:05:49'),
(718, 'Mustafa', 'Mohiuddin', 2, 29, '2022-05-08 09:05:49', '2022-05-08 09:05:49'),
(719, 'Muhammad', 'Ashan', 2, 29, '2022-05-08 09:05:49', '2022-05-08 09:05:49'),
(720, 'Awais', 'Gul', 1, 29, '2022-05-08 09:05:49', '2022-05-08 09:05:49'),
(721, 'Muhammad Hashim', 'Dahri', 1, 29, '2022-05-08 09:05:49', '2022-05-08 09:05:49'),
(722, 'Nadia', 'Mustaqim', 2, 29, '2022-05-08 09:05:49', '2022-05-08 09:05:49'),
(723, ' Ghulam ', 'Mujtaba ', 1, 40, '2022-05-08 09:05:49', '2022-05-08 09:05:49'),
(724, 'Waseem ', 'Ali ', 2, 40, '2022-05-08 09:05:49', '2022-05-08 09:05:49'),
(725, 'Samia ', 'Izaz', 2, 40, '2022-05-08 09:05:49', '2022-05-08 09:05:49'),
(726, 'Mansoor', 'Maitlo', 2, 40, '2022-05-08 09:05:49', '2022-05-08 09:05:49'),
(727, 'Khuda ', 'Bux', 2, 40, '2022-05-08 09:05:49', '2022-05-08 09:05:49'),
(728, 'Zuhaib ', 'Ahmed', 2, 40, '2022-05-08 09:05:49', '2022-05-08 09:05:49'),
(729, 'Naveed ', 'Zafar', 3, 40, '2022-05-08 09:05:49', '2022-05-08 09:05:49'),
(730, 'Suneeta', 'Ramesh', 5, 40, '2022-05-08 09:05:49', '2022-05-08 09:05:49'),
(731, 'Aamir ', 'Raza', 2, 40, '2022-05-08 09:05:49', '2022-05-08 09:05:49'),
(732, 'Zubair ', 'Ahmed', 1, 40, '2022-05-08 09:05:49', '2022-05-08 09:05:49'),
(733, 'Aisha ', 'Memon', 2, 40, '2022-05-08 09:05:49', '2022-05-08 09:05:49'),
(734, 'Tahir ', 'Hussain', 1, 40, '2022-05-08 09:05:49', '2022-05-08 09:05:49'),
(735, 'Muhammad ', 'Raza', 2, 40, '2022-05-08 09:05:49', '2022-05-08 09:05:49'),
(736, 'Fouzia', 'Abid', 5, 40, '2022-05-08 09:05:49', '2022-05-08 09:05:49'),
(737, 'Muhammad Irfan', 'Rajput', 2, 40, '2022-05-08 09:05:49', '2022-05-08 09:05:49'),
(738, 'Ayaz Ali', 'Shah', 1, 40, '2022-05-08 09:05:49', '2022-05-08 09:05:49'),
(739, 'Muhammad', 'Shahid', 2, 40, '2022-05-08 09:05:49', '2022-05-08 09:05:49'),
(740, 'Nusrat ', 'Ahmed', 2, 40, '2022-05-08 09:05:49', '2022-05-08 09:05:49'),
(741, 'Suresh ', 'Kumar', 2, 40, '2022-05-08 09:05:49', '2022-05-08 09:05:49'),
(742, 'Abdul Fatah', 'Soomro', 1, 40, '2022-05-08 09:05:49', '2022-05-08 09:05:49'),
(743, 'Siraj ', 'Ahmed', 2, 40, '2022-05-08 09:05:49', '2022-05-08 09:05:49'),
(744, 'Sikandar Ali', 'Abbasi', 1, 40, '2022-05-08 09:05:49', '2022-05-08 09:05:49'),
(745, 'Sayed Ali', 'Afzal', 2, 33, '2022-05-08 09:05:49', '2022-05-08 09:05:49'),
(746, 'Sorath', 'Mumtaz', 5, 33, '2022-05-08 09:05:49', '2022-05-08 09:05:49'),
(747, 'Abdul ', 'Manan', 2, 33, '2022-05-08 09:05:49', '2022-05-08 09:05:49'),
(748, 'Nazia', 'Irshad', 1, 33, '2022-05-08 09:05:49', '2022-05-08 09:05:49'),
(749, 'Faisal', 'Khan', 3, 33, '2022-05-08 09:05:49', '2022-05-08 09:05:49'),
(750, 'Suneeta', 'Ramesh', 5, 33, '2022-05-08 09:05:49', '2022-05-08 09:05:49'),
(751, 'Sadam ', 'Ali', 2, 33, '2022-05-08 09:05:49', '2022-05-08 09:05:49'),
(752, 'Fahad ', 'Riaz', 2, 33, '2022-05-08 09:05:49', '2022-05-08 09:05:49'),
(753, 'Vinot', 'Kumar', 2, 33, '2022-05-08 09:05:49', '2022-05-08 09:05:49'),
(754, 'Tufail ', 'Ahmed', 2, 33, '2022-05-08 09:05:49', '2022-05-08 09:05:49'),
(755, 'Iftikhar Ahmed', 'Memon', 2, 33, '2022-05-08 09:05:49', '2022-05-08 09:05:49'),
(756, 'Shakir', 'Hussain', 2, 33, '2022-05-08 09:05:49', '2022-05-08 09:05:49'),
(757, 'Abdul', 'Qadir', 2, 33, '2022-05-08 09:05:49', '2022-05-08 09:05:49'),
(758, 'Inmillah ', 'Maitlo', 1, 33, '2022-05-08 09:05:49', '2022-05-08 09:05:49'),
(759, 'Fida', 'Hussain', 3, 33, '2022-05-08 09:05:49', '2022-05-08 09:05:49'),
(760, 'Zubair Ahmed', 'Laghari', 2, 33, '2022-05-08 09:05:49', '2022-05-08 09:05:49'),
(761, 'Sajid ', 'Hussain ', 1, 33, '2022-05-08 09:05:49', '2022-05-08 09:05:49'),
(762, 'Subhan Ali', 'Jogi', 2, 33, '2022-05-08 09:05:49', '2022-05-08 09:05:49'),
(763, 'Maria ', 'Abdullah', 2, 30, '2022-05-08 09:05:49', '2022-05-08 09:05:49'),
(764, 'Fahad', 'Iqbal', 2, 30, '2022-05-08 09:05:49', '2022-05-08 09:05:49'),
(765, 'Abdul ', 'Manan', 2, 30, '2022-05-08 09:05:49', '2022-05-08 09:05:49'),
(766, 'Shahid Jan', 'Suleman', 2, 30, '2022-05-08 09:05:49', '2022-05-08 09:05:49'),
(767, 'Rahila', 'Shah', 2, 30, '2022-05-08 09:05:49', '2022-05-08 09:05:49'),
(768, 'Saba ', 'Khan', 2, 30, '2022-05-08 09:05:49', '2022-05-08 09:05:49'),
(769, 'Saleem', 'Ahmed', 1, 30, '2022-05-08 09:05:49', '2022-05-08 09:05:49'),
(770, 'Ramesh', 'Kumar', 1, 30, '2022-05-08 09:05:49', '2022-05-08 09:05:49'),
(771, 'Atif', 'Jamil', 1, 30, '2022-05-08 09:05:49', '2022-05-08 09:05:49'),
(772, 'Motia', 'Rani', 2, 30, '2022-05-08 09:05:49', '2022-05-08 09:05:49'),
(773, 'Shamim ', 'ur Rehman', 2, 30, '2022-05-08 09:05:49', '2022-05-08 09:05:49'),
(774, 'Mansoor', 'Ali', 2, 30, '2022-05-08 09:05:49', '2022-05-08 09:05:49'),
(775, 'Irum ', 'Perviaz', 5, 30, '2022-05-08 09:05:49', '2022-05-08 09:05:49'),
(776, 'Sidra', 'Khan', 1, 30, '2022-05-08 09:05:49', '2022-05-08 09:05:49'),
(777, 'Sorath', 'Mumtaz', 2, 30, '2022-05-08 09:05:49', '2022-05-08 09:05:49'),
(778, 'Saima', 'Aijaz', 2, 30, '2022-05-08 09:05:49', '2022-05-08 09:05:49'),
(779, 'Ismat', 'Zehra', 5, 30, '2022-05-08 09:05:49', '2022-05-08 09:05:49'),
(780, 'Mevish', 'Asif', 5, 30, '2022-05-08 09:05:49', '2022-05-08 09:05:49'),
(781, 'Arslan', 'Ahmed', 1, 35, '2022-05-08 09:05:49', '2022-05-08 09:05:49'),
(782, 'Syed Nizam uddin', 'Shah', 3, 35, '2022-05-08 09:05:49', '2022-05-08 09:05:49'),
(783, 'Maqsood Ali', 'Shah', 3, 35, '2022-05-08 09:05:49', '2022-05-08 09:05:49'),
(784, 'Visiting', 'Faculty', 3, 35, '2022-05-08 09:05:49', '2022-05-08 09:05:49'),
(785, 'Maria', 'Khan', 5, 38, '2022-05-08 09:05:49', '2022-05-08 09:05:49'),
(786, 'Noor-ul-', 'Huda', 5, 38, '2022-05-08 09:05:49', '2022-05-08 09:05:49'),
(787, 'Visiting ', 'Faculty', 5, 38, '2022-05-08 09:05:49', '2022-05-08 09:05:49'),
(788, 'Suneeta', 'Ramesh', 5, 30, '2022-05-08 09:05:49', '2022-05-08 09:05:49'),
(789, 'Daraksha', 'Ara', 1, 31, '2022-05-08 09:39:07', '2022-05-08 09:39:07'),
(790, 'Naveed', 'Zafar', 3, 30, '2022-05-09 11:31:35', '2022-05-09 11:31:35');

-- --------------------------------------------------------

--
-- Table structure for table `duet_time_tables`
--

CREATE TABLE `duet_time_tables` (
  `id` bigint(20) UNSIGNED NOT NULL,
  `department_id` bigint(20) UNSIGNED NOT NULL,
  `batch_id` bigint(20) UNSIGNED NOT NULL,
  `subject_id` bigint(20) UNSIGNED NOT NULL,
  `days` bigint(20) UNSIGNED NOT NULL,
  `start_time` time NOT NULL,
  `end_time` time NOT NULL,
  `section_id` bigint(20) UNSIGNED NOT NULL,
  `created_at` timestamp NULL DEFAULT NULL,
  `updated_at` timestamp NULL DEFAULT NULL
) ENGINE=InnoDB DEFAULT CHARSET=utf8mb4 COLLATE=utf8mb4_unicode_ci;

--
-- Dumping data for table `duet_time_tables`
--

INSERT INTO `duet_time_tables` (`id`, `department_id`, `batch_id`, `subject_id`, `days`, `start_time`, `end_time`, `section_id`, `created_at`, `updated_at`) VALUES
(138, 28, 20, 1100, 1, '10:00:00', '10:55:00', 1, '2022-05-08 14:45:23', '2022-05-08 14:45:23'),
(139, 28, 20, 1100, 1, '11:00:00', '11:55:00', 1, '2022-05-08 14:45:39', '2022-05-08 14:45:39'),
(140, 28, 20, 1101, 1, '12:00:00', '15:55:00', 1, '2022-05-08 14:46:09', '2022-05-08 14:46:09'),
(141, 28, 21, 1302, 1, '09:00:00', '11:55:00', 1, '2022-05-08 14:51:34', '2022-05-08 14:51:34'),
(142, 28, 21, 1303, 1, '09:00:00', '11:55:00', 2, '2022-05-08 14:51:51', '2022-05-08 14:51:51'),
(143, 28, 21, 1304, 1, '12:00:00', '12:55:00', 1, '2022-05-08 14:52:13', '2022-05-08 14:52:13'),
(144, 28, 21, 1305, 1, '14:00:00', '14:55:00', 1, '2022-05-08 14:52:31', '2022-05-08 14:52:31'),
(145, 28, 21, 1305, 1, '15:00:00', '15:55:00', 1, '2022-05-08 14:52:46', '2022-05-08 14:52:46'),
(146, 28, 22, 1089, 1, '09:00:00', '11:55:00', 1, '2022-05-08 14:53:26', '2022-05-08 14:53:26'),
(147, 28, 22, 1090, 1, '12:00:00', '12:55:00', 1, '2022-05-08 14:53:53', '2022-05-08 14:53:53'),
(148, 28, 22, 1088, 1, '14:00:00', '14:55:00', 1, '2022-05-08 14:54:15', '2022-05-08 14:54:15'),
(149, 28, 22, 1088, 1, '15:00:00', '15:55:00', 1, '2022-05-08 14:54:27', '2022-05-08 14:54:27'),
(150, 28, 23, 1084, 1, '09:00:00', '09:55:00', 1, '2022-05-08 14:55:12', '2022-05-08 14:55:12'),
(151, 28, 23, 1084, 1, '10:00:00', '10:55:00', 1, '2022-05-08 14:55:26', '2022-05-08 14:55:26'),
(152, 28, 23, 1086, 1, '11:00:00', '11:55:00', 1, '2022-05-08 14:55:44', '2022-05-08 14:55:44'),
(153, 28, 23, 1087, 1, '12:00:00', '15:55:00', 2, '2022-05-08 14:56:19', '2022-05-08 14:56:19'),
(154, 29, 24, 1306, 1, '12:00:00', '12:55:00', 3, '2022-05-08 14:58:28', '2022-05-08 14:59:34'),
(155, 29, 24, 1166, 1, '14:00:00', '14:05:00', 3, '2022-05-08 14:58:54', '2022-05-08 14:59:42'),
(156, 29, 24, 1166, 1, '15:00:00', '15:55:00', 3, '2022-05-08 14:59:09', '2022-05-08 14:59:48'),
(157, 29, 24, 1169, 1, '09:00:00', '09:55:00', 1, '2022-05-08 15:00:15', '2022-05-08 15:00:15'),
(158, 29, 24, 1169, 1, '10:00:00', '10:55:00', 1, '2022-05-08 15:00:30', '2022-05-08 15:00:30'),
(159, 29, 24, 1306, 1, '11:00:00', '11:55:00', 1, '2022-05-08 15:00:55', '2022-05-08 15:00:55'),
(160, 29, 24, 1170, 1, '12:00:00', '15:55:00', 2, '2022-05-08 15:01:19', '2022-05-08 15:01:19'),
(161, 29, 25, 1172, 1, '09:00:00', '09:55:00', 3, '2022-05-08 15:02:00', '2022-05-08 15:02:00'),
(162, 29, 25, 1171, 1, '12:00:00', '12:55:00', 3, '2022-05-08 15:02:27', '2022-05-08 15:02:27'),
(163, 29, 25, 1174, 1, '14:00:00', '14:55:00', 3, '2022-05-08 15:02:56', '2022-05-08 15:02:56'),
(164, 29, 25, 1174, 1, '15:00:00', '15:55:00', 3, '2022-05-08 15:03:14', '2022-05-08 15:03:14'),
(165, 29, 25, 1172, 1, '10:00:00', '10:55:00', 1, '2022-05-08 15:03:43', '2022-05-08 15:03:43'),
(166, 29, 25, 1171, 1, '11:00:00', '11:55:00', 1, '2022-05-08 15:04:04', '2022-05-08 15:04:04'),
(167, 29, 25, 1307, 1, '12:00:00', '15:55:00', 1, '2022-05-08 15:05:22', '2022-05-08 15:05:22'),
(168, 29, 26, 1181, 1, '09:00:00', '11:55:00', 3, '2022-05-08 15:06:40', '2022-05-08 15:08:12'),
(169, 29, 26, 1308, 1, '09:00:00', '11:55:00', 4, '2022-05-08 15:07:54', '2022-05-08 15:07:54'),
(170, 29, 26, 1180, 1, '12:00:00', '12:55:00', 3, '2022-05-08 15:08:35', '2022-05-08 15:08:35'),
(171, 29, 26, 1178, 1, '09:00:00', '09:55:00', 1, '2022-05-08 15:09:04', '2022-05-08 15:09:04'),
(172, 29, 26, 1178, 1, '10:00:00', '10:55:00', 1, '2022-05-08 15:09:26', '2022-05-08 15:09:26'),
(173, 29, 26, 1180, 1, '11:00:00', '11:55:00', 1, '2022-05-08 15:10:10', '2022-05-08 15:10:37'),
(174, 29, 27, 1187, 1, '12:00:00', '12:55:00', 3, '2022-05-08 15:11:10', '2022-05-08 15:11:10'),
(175, 29, 27, 1309, 1, '14:00:00', '14:55:00', 3, '2022-05-08 15:12:39', '2022-05-08 15:12:39'),
(176, 29, 27, 1309, 1, '15:00:00', '15:55:00', 3, '2022-05-08 15:12:57', '2022-05-08 15:12:57'),
(177, 29, 27, 1185, 1, '09:00:00', '09:55:00', 1, '2022-05-08 15:13:21', '2022-05-08 15:13:21'),
(178, 29, 27, 1185, 1, '10:00:00', '10:55:00', 1, '2022-05-08 15:13:39', '2022-05-08 15:13:39'),
(179, 29, 27, 1187, 1, '12:00:00', '12:55:00', 1, '2022-05-08 15:14:04', '2022-05-08 15:14:04'),
(180, 29, 27, 1185, 1, '12:00:00', '15:55:00', 1, '2022-05-08 15:14:25', '2022-05-08 15:14:25'),
(181, 30, 28, 1118, 1, '09:00:00', '09:55:00', 1, '2022-05-08 15:16:16', '2022-05-08 15:16:16'),
(182, 30, 28, 1118, 1, '10:00:00', '10:55:00', 1, '2022-05-08 15:16:32', '2022-05-08 15:16:32'),
(183, 30, 28, 1114, 1, '11:00:00', '11:55:00', 1, '2022-05-08 15:16:48', '2022-05-08 15:16:48'),
(184, 30, 29, 1113, 1, '09:00:00', '11:55:00', 2, '2022-05-08 15:17:24', '2022-05-08 15:17:24'),
(185, 30, 29, 1110, 1, '12:00:00', '12:55:00', 1, '2022-05-08 15:17:44', '2022-05-08 15:17:44'),
(186, 30, 29, 1111, 1, '14:00:00', '14:55:00', 1, '2022-05-08 15:18:01', '2022-05-08 15:18:01'),
(187, 30, 30, 1310, 1, '09:00:00', '11:55:00', 1, '2022-05-08 15:21:12', '2022-05-08 15:21:12'),
(188, 30, 30, 1311, 1, '09:00:00', '11:55:00', 2, '2022-05-08 15:21:50', '2022-05-08 15:21:50'),
(189, 30, 30, 1312, 1, '12:00:00', '12:55:00', 1, '2022-05-08 15:22:05', '2022-05-08 15:22:05'),
(190, 30, 30, 1313, 1, '14:00:00', '14:55:00', 1, '2022-05-08 15:23:50', '2022-05-08 15:23:50'),
(191, 30, 30, 1313, 1, '15:00:00', '15:55:00', 1, '2022-05-08 15:24:07', '2022-05-08 15:24:07'),
(192, 30, 31, 1106, 1, '09:00:00', '09:55:00', 1, '2022-05-08 15:24:42', '2022-05-08 15:24:42'),
(193, 30, 31, 1106, 1, '10:00:00', '10:55:00', 1, '2022-05-08 15:24:57', '2022-05-08 15:24:57'),
(194, 30, 31, 1102, 1, '11:00:00', '11:55:00', 1, '2022-05-08 15:25:15', '2022-05-08 15:25:15'),
(195, 30, 31, 1105, 1, '12:00:00', '15:55:00', 1, '2022-05-08 15:25:40', '2022-05-08 15:25:40'),
(196, 30, 31, 1104, 1, '12:00:00', '15:55:00', 2, '2022-05-08 15:26:04', '2022-05-08 15:26:04'),
(197, 31, 36, 1295, 1, '09:00:00', '09:55:00', 3, '2022-05-08 15:27:31', '2022-05-08 15:27:31'),
(198, 31, 36, 1295, 1, '10:00:00', '10:55:00', 1, '2022-05-08 15:27:45', '2022-05-08 15:27:45'),
(199, 31, 36, 1216, 1, '11:00:00', '11:55:00', 3, '2022-05-08 15:28:07', '2022-05-08 15:28:07'),
(200, 31, 36, 1214, 1, '12:00:00', '15:55:00', 3, '2022-05-08 15:28:28', '2022-05-08 15:28:28'),
(201, 31, 36, 1219, 1, '09:00:00', '11:55:00', 1, '2022-05-08 15:28:53', '2022-05-08 15:28:53'),
(202, 31, 36, 1295, 1, '12:00:00', '12:55:00', 1, '2022-05-08 15:29:09', '2022-05-08 15:29:09'),
(203, 31, 37, 1225, 1, '09:00:00', '09:55:00', 3, '2022-05-08 15:29:38', '2022-05-08 15:29:38'),
(204, 31, 37, 1225, 1, '10:00:00', '10:55:00', 3, '2022-05-08 15:29:52', '2022-05-08 15:29:52'),
(205, 31, 37, 1221, 1, '11:00:00', '11:55:00', 3, '2022-05-08 15:30:21', '2022-05-08 15:30:21'),
(206, 31, 37, 1222, 1, '12:00:00', '12:55:00', 1, '2022-05-08 15:30:41', '2022-05-08 15:30:41'),
(207, 31, 37, 1225, 1, '14:00:00', '14:55:00', 1, '2022-05-08 15:31:07', '2022-05-08 15:31:07'),
(208, 31, 37, 1223, 1, '15:00:00', '15:55:00', 1, '2022-05-08 15:31:36', '2022-05-08 15:31:36'),
(209, 31, 38, 1298, 1, '09:00:00', '09:55:00', 3, '2022-05-08 15:32:38', '2022-05-08 15:32:38'),
(210, 31, 38, 1231, 1, '10:00:00', '10:55:00', 3, '2022-05-08 15:32:59', '2022-05-08 15:32:59'),
(211, 31, 38, 1231, 1, '11:00:00', '11:55:00', 3, '2022-05-08 15:33:17', '2022-05-08 15:33:17'),
(212, 31, 38, 1230, 1, '09:00:00', '11:55:00', 1, '2022-05-08 15:33:38', '2022-05-08 15:33:38'),
(213, 31, 38, 1229, 1, '12:00:00', '12:55:00', 1, '2022-05-08 15:33:56', '2022-05-08 15:33:56'),
(214, 31, 38, 1231, 1, '14:00:00', '14:55:00', 1, '2022-05-08 15:34:16', '2022-05-08 15:34:16'),
(215, 31, 38, 1231, 1, '15:00:00', '15:55:00', 1, '2022-05-08 15:34:36', '2022-05-08 15:34:36'),
(216, 31, 39, 1234, 1, '09:00:00', '09:55:00', 3, '2022-05-08 15:35:10', '2022-05-08 15:35:10'),
(217, 31, 39, 1234, 1, '10:00:00', '10:55:00', 3, '2022-05-08 15:35:30', '2022-05-08 15:35:30'),
(218, 31, 39, 1299, 1, '11:00:00', '11:55:00', 3, '2022-05-08 15:35:51', '2022-05-08 15:35:51'),
(219, 31, 39, 1299, 1, '12:00:00', '12:55:00', 3, '2022-05-08 15:36:08', '2022-05-08 15:36:18'),
(220, 31, 39, 1300, 1, '14:00:00', '14:55:00', 3, '2022-05-08 15:36:40', '2022-05-08 15:36:40'),
(221, 31, 39, 1300, 1, '15:00:00', '15:55:00', 3, '2022-05-08 15:36:57', '2022-05-08 15:36:57'),
(222, 31, 39, 1301, 1, '09:00:00', '11:55:00', 1, '2022-05-08 15:37:48', '2022-05-08 15:37:48'),
(223, 31, 39, 1301, 1, '12:00:00', '15:55:00', 1, '2022-05-08 15:38:09', '2022-05-08 15:38:09'),
(224, 40, 40, 1160, 1, '09:00:00', '11:55:00', 1, '2022-05-08 15:39:47', '2022-05-08 15:39:47'),
(225, 40, 40, 1161, 1, '12:00:00', '12:55:00', 1, '2022-05-08 15:40:09', '2022-05-08 15:40:09'),
(226, 40, 40, 1163, 1, '14:00:00', '14:55:00', 1, '2022-05-08 15:40:24', '2022-05-08 15:40:24'),
(227, 40, 40, 1163, 1, '15:00:00', '15:55:00', 1, '2022-05-08 15:40:38', '2022-05-08 15:40:38'),
(228, 40, 41, 1155, 1, '09:00:00', '09:55:00', 1, '2022-05-08 15:41:02', '2022-05-08 15:41:02'),
(229, 40, 41, 1155, 1, '10:00:00', '10:55:00', 1, '2022-05-08 15:41:15', '2022-05-08 15:41:15'),
(230, 40, 41, 1154, 1, '11:00:00', '11:55:00', 1, '2022-05-08 15:41:31', '2022-05-08 15:41:31'),
(231, 40, 41, 1156, 1, '12:00:00', '15:55:00', 1, '2022-05-08 15:41:54', '2022-05-08 15:41:54'),
(232, 40, 42, 1314, 1, '09:00:00', '09:55:00', 1, '2022-05-08 15:43:26', '2022-05-08 15:43:26'),
(233, 40, 42, 1314, 1, '10:00:00', '10:55:00', 1, '2022-05-08 15:43:41', '2022-05-08 15:43:41'),
(234, 40, 42, 1315, 1, '11:00:00', '11:55:00', 1, '2022-05-08 15:44:51', '2022-05-08 15:44:51'),
(235, 40, 43, 1316, 1, '09:00:00', '11:55:00', 1, '2022-05-08 15:46:08', '2022-05-08 15:46:08'),
(236, 40, 43, 1144, 1, '14:00:00', '14:55:00', 1, '2022-05-08 15:46:25', '2022-05-08 15:46:25'),
(237, 40, 43, 1144, 1, '15:00:00', '15:55:00', 1, '2022-05-08 15:46:37', '2022-05-08 15:46:37'),
(238, 37, 44, 1270, 1, '09:00:00', '09:55:00', 1, '2022-05-08 15:48:01', '2022-05-08 15:48:01'),
(239, 37, 44, 1270, 1, '10:00:00', '10:55:00', 1, '2022-05-08 15:48:14', '2022-05-08 15:48:14'),
(240, 37, 44, 1268, 1, '11:00:00', '11:55:00', 1, '2022-05-08 15:48:37', '2022-05-08 15:48:37'),
(241, 37, 44, 1273, 1, '12:00:00', '15:55:00', 1, '2022-05-08 15:48:54', '2022-05-08 15:48:54'),
(242, 37, 45, 1281, 1, '09:00:00', '11:55:00', 1, '2022-05-08 15:49:34', '2022-05-08 15:49:34'),
(243, 37, 45, 1279, 1, '09:00:00', '11:55:00', 2, '2022-05-08 15:49:58', '2022-05-08 15:49:58'),
(244, 37, 45, 1274, 1, '12:00:00', '12:55:00', 1, '2022-05-08 15:50:16', '2022-05-08 15:50:16'),
(245, 37, 45, 1278, 1, '14:00:00', '14:55:00', 1, '2022-05-08 15:50:32', '2022-05-08 15:50:32'),
(246, 37, 45, 1278, 1, '15:00:00', '15:55:00', 1, '2022-05-08 15:50:49', '2022-05-08 15:50:49'),
(247, 37, 46, 1287, 1, '09:00:00', '11:55:00', 1, '2022-05-08 15:51:32', '2022-05-08 15:51:32'),
(248, 37, 46, 1317, 1, '12:00:00', '12:55:00', 1, '2022-05-08 15:52:49', '2022-05-08 15:52:49'),
(249, 37, 46, 1283, 1, '14:00:00', '14:55:00', 1, '2022-05-08 15:53:08', '2022-05-08 15:53:08'),
(250, 37, 46, 1283, 1, '15:00:00', '15:55:00', 1, '2022-05-08 15:53:23', '2022-05-08 15:53:39'),
(251, 37, 47, 1318, 1, '09:00:00', '09:55:00', 1, '2022-05-08 15:55:55', '2022-05-08 15:55:55'),
(252, 37, 47, 1318, 1, '10:00:00', '10:55:00', 1, '2022-05-08 15:56:08', '2022-05-08 15:56:08'),
(253, 37, 47, 1319, 1, '11:00:00', '11:55:00', 1, '2022-05-08 15:56:23', '2022-05-08 15:56:23'),
(254, 37, 47, 1289, 1, '12:00:00', '15:55:00', 1, '2022-05-08 15:56:39', '2022-05-08 15:56:46'),
(255, 33, 48, 1136, 1, '09:00:00', '09:55:00', 1, '2022-05-08 15:57:35', '2022-05-08 15:57:35'),
(256, 33, 48, 1136, 1, '10:00:00', '10:55:00', 1, '2022-05-08 15:57:50', '2022-05-08 15:57:50'),
(257, 33, 48, 1140, 1, '11:00:00', '11:55:00', 1, '2022-05-08 15:58:14', '2022-05-08 15:58:14'),
(258, 33, 48, 1320, 1, '12:00:00', '15:55:00', 1, '2022-05-08 15:59:22', '2022-05-08 15:59:22'),
(259, 33, 49, 1135, 1, '09:00:00', '11:55:00', 1, '2022-05-08 15:59:47', '2022-05-08 15:59:47'),
(260, 33, 49, 1135, 1, '09:00:00', '11:55:00', 1, '2022-05-08 15:59:47', '2022-05-08 15:59:47'),
(261, 33, 49, 1132, 1, '14:00:00', '14:55:00', 1, '2022-05-08 16:00:05', '2022-05-08 16:00:18'),
(262, 33, 49, 1132, 1, '15:00:00', '15:55:00', 1, '2022-05-08 16:00:39', '2022-05-08 16:00:39'),
(263, 33, 50, 1126, 1, '09:00:00', '11:55:00', 1, '2022-05-08 16:01:18', '2022-05-08 16:01:18'),
(264, 33, 50, 1127, 1, '12:00:00', '12:55:00', 1, '2022-05-08 16:01:36', '2022-05-08 16:01:56'),
(265, 33, 50, 1128, 1, '14:00:00', '14:55:00', 1, '2022-05-08 16:02:11', '2022-05-08 16:02:11'),
(266, 33, 50, 1128, 1, '15:00:00', '15:55:00', 1, '2022-05-08 16:02:26', '2022-05-08 16:02:26'),
(267, 33, 51, 1121, 1, '09:00:00', '09:55:00', 1, '2022-05-08 16:10:08', '2022-05-08 16:10:08'),
(268, 33, 51, 1321, 1, '10:00:00', '10:55:00', 1, '2022-05-08 16:10:25', '2022-05-08 16:10:25'),
(269, 33, 51, 1122, 1, '11:00:00', '11:55:00', 1, '2022-05-08 16:10:42', '2022-05-08 16:10:42'),
(270, 32, 52, 1243, 1, '09:00:00', '11:55:00', 1, '2022-05-08 16:12:21', '2022-05-08 16:12:21'),
(271, 32, 52, 1323, 1, '12:00:00', '12:55:00', 1, '2022-05-08 16:14:21', '2022-05-08 16:14:21'),
(272, 32, 52, 1237, 1, '14:00:00', '14:55:00', 1, '2022-05-08 16:14:38', '2022-05-08 16:14:52'),
(273, 32, 52, 1237, 1, '15:00:00', '15:55:00', 1, '2022-05-08 16:15:06', '2022-05-08 16:15:06'),
(274, 32, 53, 1248, 1, '09:00:00', '09:55:00', 1, '2022-05-08 16:15:45', '2022-05-08 16:15:45'),
(275, 32, 53, 1248, 1, '10:00:00', '10:55:00', 1, '2022-05-08 16:16:12', '2022-05-08 16:16:12'),
(276, 32, 53, 1244, 1, '11:00:00', '11:55:00', 1, '2022-05-08 16:16:31', '2022-05-08 16:16:57'),
(277, 32, 53, 1245, 1, '12:00:00', '15:55:00', 1, '2022-05-08 16:16:47', '2022-05-08 16:16:47'),
(278, 32, 54, 1252, 1, '09:00:00', '09:55:00', 1, '2022-05-08 16:17:14', '2022-05-08 16:17:14'),
(279, 32, 54, 1253, 1, '10:00:00', '12:55:00', 1, '2022-05-08 16:17:37', '2022-05-08 16:17:37'),
(280, 32, 54, 1256, 1, '14:00:00', '14:55:00', 1, '2022-05-08 16:17:54', '2022-05-08 16:17:54'),
(281, 32, 54, 1256, 1, '15:00:00', '15:55:00', 1, '2022-05-08 16:18:09', '2022-05-08 16:18:09'),
(282, 32, 55, 1324, 1, '09:00:00', '11:55:00', 1, '2022-05-08 16:20:38', '2022-05-08 16:20:38'),
(283, 32, 55, 1324, 1, '12:00:00', '15:55:00', 1, '2022-05-08 16:20:52', '2022-05-08 16:20:52'),
(284, 36, 56, 1208, 1, '09:00:00', '09:55:00', 1, '2022-05-08 16:22:24', '2022-05-08 16:22:24'),
(285, 36, 56, 1212, 1, '10:00:00', '10:55:00', 1, '2022-05-08 16:22:46', '2022-05-08 16:22:46'),
(286, 36, 56, 1209, 1, '11:00:00', '11:55:00', 1, '2022-05-08 16:23:05', '2022-05-08 16:23:05'),
(287, 36, 56, 1209, 1, '12:00:00', '12:55:00', 1, '2022-05-08 16:23:20', '2022-05-08 16:23:20'),
(288, 38, 57, 1193, 1, '09:00:00', '09:55:00', 1, '2022-05-08 16:24:15', '2022-05-08 16:24:15'),
(289, 38, 57, 1193, 1, '10:00:00', '10:55:00', 1, '2022-05-08 16:24:32', '2022-05-08 16:24:32'),
(290, 38, 57, 1197, 1, '11:00:00', '11:55:00', 1, '2022-05-08 16:24:49', '2022-05-08 16:24:49'),
(291, 38, 57, 1196, 1, '14:00:00', '14:55:00', 1, '2022-05-08 16:25:04', '2022-05-08 16:25:04'),
(292, 38, 57, 1198, 1, '15:00:00', '15:55:00', 1, '2022-05-08 16:25:19', '2022-05-08 16:25:19'),
(293, 39, 58, 1203, 1, '09:00:00', '09:55:00', 1, '2022-05-08 16:25:43', '2022-05-08 16:25:43'),
(294, 39, 58, 1204, 1, '10:00:00', '10:55:00', 1, '2022-05-08 16:26:01', '2022-05-08 16:26:01'),
(295, 39, 58, 1204, 1, '11:00:00', '11:55:00', 1, '2022-05-08 16:26:18', '2022-05-08 16:26:18'),
(296, 39, 58, 1206, 1, '12:00:00', '12:55:00', 1, '2022-05-08 16:26:37', '2022-05-08 16:26:37'),
(297, 35, 59, 1199, 1, '10:00:00', '12:55:00', 1, '2022-05-08 16:27:23', '2022-05-08 16:27:23'),
(298, 35, 59, 1201, 1, '14:00:00', '14:55:00', 1, '2022-05-08 16:27:39', '2022-05-08 16:27:39'),
(299, 35, 59, 1201, 1, '15:00:00', '15:55:00', 1, '2022-05-08 16:27:54', '2022-05-08 16:27:54'),
(300, 28, 20, 1096, 2, '09:00:00', '11:55:00', 1, '2022-05-09 10:29:06', '2022-05-09 10:29:06'),
(301, 28, 20, 1101, 2, '09:00:00', '11:55:00', 2, '2022-05-09 10:29:26', '2022-05-09 10:29:26'),
(302, 28, 20, 1098, 2, '12:00:00', '15:55:00', 1, '2022-05-09 10:30:03', '2022-05-09 10:30:03'),
(303, 28, 21, 1325, 2, '09:00:00', '09:55:00', 1, '2022-05-09 10:31:55', '2022-05-09 10:31:55'),
(304, 28, 21, 1325, 2, '10:00:00', '10:55:00', 1, '2022-05-09 10:32:11', '2022-05-09 10:32:11'),
(305, 28, 21, 1326, 2, '11:00:00', '11:55:00', 1, '2022-05-09 10:33:23', '2022-05-09 10:33:23'),
(306, 28, 21, 1327, 2, '14:00:00', '14:55:00', 1, '2022-05-09 10:34:33', '2022-05-09 10:34:33'),
(307, 28, 21, 1327, 2, '15:00:00', '15:55:00', 1, '2022-05-09 10:34:48', '2022-05-09 10:48:23'),
(308, 28, 22, 1092, 2, '09:00:00', '11:55:00', 2, '2022-05-09 10:35:50', '2022-05-09 10:35:50'),
(309, 28, 22, 1093, 2, '12:00:00', '12:55:00', 1, '2022-05-09 10:36:16', '2022-05-09 10:36:16'),
(310, 28, 22, 1090, 2, '14:00:00', '14:55:00', 1, '2022-05-09 10:36:39', '2022-05-09 10:36:39'),
(311, 28, 22, 1090, 2, '15:00:00', '15:55:00', 1, '2022-05-09 10:36:55', '2022-05-09 10:36:55'),
(312, 28, 23, 1290, 2, '09:00:00', '09:55:00', 1, '2022-05-09 10:38:01', '2022-05-09 10:38:01'),
(313, 28, 23, 1084, 2, '10:00:00', '10:55:00', 1, '2022-05-09 10:38:20', '2022-05-09 10:38:20'),
(314, 28, 23, 1085, 2, '11:00:00', '11:55:00', 1, '2022-05-09 10:38:39', '2022-05-09 10:38:39'),
(315, 28, 23, 1087, 2, '12:00:00', '15:55:00', 1, '2022-05-09 10:39:10', '2022-05-09 10:39:10'),
(316, 28, 21, 1326, 2, '12:00:00', '12:55:00', 1, '2022-05-09 10:49:01', '2022-05-09 10:49:01'),
(317, 29, 24, 1328, 2, '09:00:00', '11:55:00', 3, '2022-05-09 10:55:27', '2022-05-09 10:55:27'),
(318, 29, 24, 1190, 2, '09:00:00', '11:55:00', 4, '2022-05-09 10:55:57', '2022-05-09 10:55:57'),
(319, 29, 24, 1165, 2, '12:00:00', '12:55:00', 3, '2022-05-09 10:56:17', '2022-05-09 10:56:17'),
(320, 29, 24, 1166, 2, '09:00:00', '09:55:00', 1, '2022-05-09 10:58:15', '2022-05-09 10:58:15'),
(321, 29, 24, 1166, 2, '10:00:00', '10:55:00', 1, '2022-05-09 10:58:39', '2022-05-09 10:58:39'),
(322, 29, 24, 1165, 2, '11:00:00', '11:55:00', 1, '2022-05-09 10:59:02', '2022-05-09 10:59:02'),
(323, 29, 24, 1168, 2, '12:00:00', '15:55:00', 1, '2022-05-09 10:59:25', '2022-05-09 10:59:25'),
(324, 29, 24, 1328, 2, '12:00:00', '15:55:00', 2, '2022-05-09 11:00:03', '2022-05-09 11:00:03'),
(325, 29, 25, 1175, 2, '12:00:00', '12:55:00', 3, '2022-05-09 11:00:55', '2022-05-09 11:00:55'),
(326, 29, 25, 1172, 2, '14:00:00', '14:55:00', 3, '2022-05-09 11:01:11', '2022-05-09 11:01:11'),
(327, 29, 25, 1172, 2, '15:00:00', '15:55:00', 3, '2022-05-09 11:01:33', '2022-05-09 11:01:33'),
(328, 29, 25, 1176, 2, '09:00:00', '09:55:00', 1, '2022-05-09 11:02:13', '2022-05-09 11:02:13'),
(329, 29, 25, 1176, 2, '10:00:00', '10:55:00', 1, '2022-05-09 11:02:27', '2022-05-09 11:02:27'),
(330, 29, 25, 1175, 2, '11:00:00', '11:55:00', 1, '2022-05-09 11:02:53', '2022-05-09 11:02:53'),
(331, 29, 25, 1177, 2, '12:00:00', '15:55:00', 1, '2022-05-09 11:03:36', '2022-05-09 11:03:36'),
(332, 29, 26, 1329, 2, '09:00:00', '09:55:00', 3, '2022-05-09 11:05:45', '2022-05-09 11:05:45'),
(333, 29, 26, 1329, 2, '10:00:00', '10:55:00', 3, '2022-05-09 11:06:01', '2022-05-09 11:06:01'),
(334, 29, 26, 1180, 2, '11:00:00', '11:55:00', 3, '2022-05-09 11:06:19', '2022-05-09 11:06:19'),
(335, 29, 26, 1183, 2, '12:00:00', '15:55:00', 3, '2022-05-09 11:06:39', '2022-05-09 11:06:39'),
(336, 29, 26, 1181, 2, '12:00:00', '15:55:00', 4, '2022-05-09 11:07:19', '2022-05-09 11:07:19'),
(337, 29, 26, 1308, 2, '09:00:00', '11:55:00', 1, '2022-05-09 11:08:07', '2022-05-09 11:08:07'),
(338, 29, 26, 1183, 2, '09:00:00', '11:55:00', 2, '2022-05-09 11:08:31', '2022-05-09 11:08:31'),
(339, 29, 26, 1180, 2, '12:00:00', '12:55:00', 1, '2022-05-09 11:08:52', '2022-05-09 15:59:05'),
(340, 29, 27, 1192, 2, '09:00:00', '11:55:00', 4, '2022-05-09 11:09:48', '2022-05-09 11:09:48'),
(341, 29, 27, 1184, 2, '12:00:00', '12:55:00', 3, '2022-05-09 11:11:29', '2022-05-09 11:11:29'),
(342, 29, 27, 1309, 2, '15:00:00', '15:55:00', 3, '2022-05-09 11:11:52', '2022-05-09 11:11:52'),
(343, 29, 27, 1187, 2, '09:00:00', '09:55:00', 1, '2022-05-09 11:12:09', '2022-05-09 11:12:09'),
(344, 29, 27, 1187, 2, '10:00:00', '10:55:00', 1, '2022-05-09 11:12:30', '2022-05-09 11:12:30'),
(345, 29, 27, 1184, 2, '11:00:00', '11:55:00', 1, '2022-05-09 11:12:55', '2022-05-09 11:12:55'),
(346, 29, 27, 1309, 2, '14:00:00', '14:55:00', 1, '2022-05-09 11:13:37', '2022-05-09 11:13:37'),
(347, 30, 28, 1119, 2, '09:00:00', '11:55:00', 1, '2022-05-09 11:28:43', '2022-05-09 11:28:43'),
(348, 30, 28, 1116, 2, '09:00:00', '11:55:00', 2, '2022-05-09 11:29:05', '2022-05-09 11:29:05'),
(349, 30, 28, 1330, 2, '12:00:00', '12:55:00', 1, '2022-05-09 11:33:04', '2022-05-09 11:33:04'),
(350, 30, 28, 1117, 2, '14:00:00', '14:55:00', 1, '2022-05-09 11:33:37', '2022-05-09 11:33:37'),
(351, 30, 28, 1117, 2, '15:00:00', '15:55:00', 1, '2022-05-09 11:33:53', '2022-05-09 11:33:53'),
(352, 30, 29, 1112, 2, '09:00:00', '11:55:00', 2, '2022-05-09 11:35:13', '2022-05-09 11:35:13'),
(353, 30, 29, 1108, 1, '12:00:00', '13:00:00', 1, '2022-05-09 11:35:48', '2022-05-09 11:35:48'),
(354, 30, 29, 1109, 2, '12:00:00', '12:55:00', 1, '2022-05-09 11:37:59', '2022-05-09 11:38:15'),
(355, 30, 30, 1331, 2, '09:00:00', '09:55:00', 1, '2022-05-09 11:39:40', '2022-05-09 11:39:40'),
(356, 30, 30, 1331, 2, '10:00:00', '10:55:00', 1, '2022-05-09 11:40:02', '2022-05-09 11:40:02'),
(357, 30, 30, 1332, 2, '11:00:00', '11:55:00', 1, '2022-05-09 11:41:52', '2022-05-09 11:41:52'),
(358, 30, 30, 1333, 2, '12:00:00', '15:55:00', 2, '2022-05-09 11:43:22', '2022-05-09 11:43:22'),
(359, 30, 31, 1103, 2, '09:00:00', '09:55:00', 1, '2022-05-09 11:44:17', '2022-05-09 11:44:17'),
(360, 30, 31, 1334, 2, '10:00:00', '10:55:00', 1, '2022-05-09 11:44:31', '2022-05-09 11:45:59'),
(361, 30, 31, 1334, 2, '11:00:00', '11:55:00', 1, '2022-05-09 11:46:20', '2022-05-09 11:46:20'),
(362, 30, 31, 1105, 2, '12:00:00', '15:55:00', 2, '2022-05-09 11:46:59', '2022-05-09 11:46:59'),
(363, 31, 36, 1218, 2, '09:00:00', '09:55:00', 3, '2022-05-09 11:48:03', '2022-05-09 11:48:03'),
(364, 31, 36, 1218, 2, '10:00:00', '10:55:00', 3, '2022-05-09 11:48:21', '2022-05-09 11:48:21'),
(365, 31, 36, 1216, 2, '11:00:00', '11:55:00', 3, '2022-05-09 11:48:42', '2022-05-09 11:48:42'),
(366, 31, 36, 1216, 2, '14:00:00', '14:55:00', 1, '2022-05-09 11:49:07', '2022-05-09 11:49:07'),
(367, 31, 36, 1216, 2, '15:00:00', '15:55:00', 1, '2022-05-09 11:49:34', '2022-05-09 11:49:34'),
(368, 31, 37, 1225, 2, '12:00:00', '12:55:00', 3, '2022-05-09 11:49:58', '2022-05-09 11:49:58'),
(369, 31, 37, 1223, 2, '14:00:00', '14:55:00', 3, '2022-05-09 11:50:37', '2022-05-09 11:50:37'),
(370, 31, 37, 1223, 2, '15:00:00', '15:55:00', 3, '2022-05-09 11:50:56', '2022-05-09 11:50:56'),
(371, 31, 37, 1221, 2, '09:00:00', '09:55:00', 1, '2022-05-09 11:51:36', '2022-05-09 11:51:36'),
(372, 31, 37, 1221, 2, '10:00:00', '10:55:00', 1, '2022-05-09 11:51:50', '2022-05-09 11:51:50'),
(373, 31, 37, 1223, 2, '11:00:00', '11:55:00', 1, '2022-05-09 11:52:21', '2022-05-09 11:52:21'),
(374, 31, 37, 1224, 2, '12:00:00', '15:55:00', 1, '2022-05-09 11:52:35', '2022-05-09 11:52:35'),
(375, 31, 38, 1228, 2, '09:00:00', '11:55:00', 3, '2022-05-09 11:55:43', '2022-05-09 11:55:43'),
(376, 31, 38, 1227, 2, '12:00:00', '12:55:00', 3, '2022-05-09 11:56:03', '2022-05-09 11:56:03'),
(377, 31, 38, 1229, 2, '14:00:00', '14:55:00', 3, '2022-05-09 11:56:21', '2022-05-09 11:56:21'),
(378, 31, 38, 1229, 2, '15:00:00', '15:55:00', 3, '2022-05-09 11:56:40', '2022-05-09 11:56:40'),
(379, 31, 38, 1298, 2, '09:00:00', '09:55:00', 1, '2022-05-09 11:57:22', '2022-05-09 11:57:22'),
(380, 31, 38, 1298, 2, '10:00:00', '10:55:00', 1, '2022-05-09 11:57:38', '2022-05-09 11:57:38'),
(381, 31, 38, 1232, 2, '12:00:00', '15:55:00', 1, '2022-05-09 11:58:24', '2022-05-09 11:58:24'),
(382, 31, 39, 1299, 2, '09:00:00', '09:55:00', 3, '2022-05-09 11:59:03', '2022-05-09 11:59:03'),
(383, 31, 39, 1236, 2, '10:00:00', '10:55:00', 3, '2022-05-09 11:59:27', '2022-05-09 11:59:27'),
(384, 31, 39, 1236, 2, '11:00:00', '11:55:00', 3, '2022-05-09 11:59:43', '2022-05-09 11:59:43'),
(385, 40, 40, 1159, 2, '09:00:00', '09:55:00', 1, '2022-05-09 12:00:52', '2022-05-09 12:00:52'),
(386, 40, 40, 1159, 2, '10:00:00', '10:55:00', 1, '2022-05-09 12:01:08', '2022-05-09 12:01:08'),
(387, 40, 40, 1335, 2, '11:00:00', '11:55:00', 1, '2022-05-09 12:03:43', '2022-05-09 12:03:43'),
(388, 40, 41, 1152, 2, '09:00:00', '11:55:00', 1, '2022-05-09 12:04:17', '2022-05-09 12:04:17'),
(389, 40, 41, 1153, 2, '14:00:00', '14:55:00', 1, '2022-05-09 12:04:39', '2022-05-09 12:04:39'),
(390, 40, 41, 1153, 2, '15:00:00', '15:55:00', 1, '2022-05-09 12:04:58', '2022-05-09 12:04:58'),
(391, 40, 42, 1336, 2, '09:00:00', '11:55:00', 1, '2022-05-09 12:06:42', '2022-05-09 12:06:42'),
(392, 40, 42, 1149, 2, '12:00:00', '12:55:00', 1, '2022-05-09 12:07:22', '2022-05-09 12:07:22'),
(393, 40, 42, 1148, 2, '14:00:00', '14:55:00', 1, '2022-05-09 12:08:25', '2022-05-09 12:08:25'),
(394, 40, 42, 1148, 2, '15:00:00', '15:55:00', 1, '2022-05-09 12:08:39', '2022-05-09 12:08:39'),
(395, 40, 43, 1143, 2, '09:00:00', '09:55:00', 1, '2022-05-09 12:08:59', '2022-05-09 12:08:59'),
(396, 40, 43, 1143, 2, '10:00:00', '10:55:00', 1, '2022-05-09 12:09:13', '2022-05-09 12:09:13'),
(397, 40, 43, 1142, 2, '11:00:00', '11:55:00', 1, '2022-05-09 12:09:43', '2022-05-09 12:11:26'),
(398, 40, 43, 1142, 2, '12:00:00', '12:55:00', 1, '2022-05-09 12:11:43', '2022-05-09 12:11:43'),
(399, 37, 44, 1273, 2, '09:00:00', '11:55:00', 2, '2022-05-09 13:05:47', '2022-05-09 13:05:47'),
(400, 37, 44, 1266, 2, '12:00:00', '12:55:00', 1, '2022-05-09 13:06:06', '2022-05-09 13:06:06'),
(401, 37, 44, 1271, 2, '14:00:00', '14:55:00', 1, '2022-05-09 13:06:47', '2022-05-09 13:07:07'),
(402, 37, 44, 1271, 2, '15:00:00', '15:55:00', 1, '2022-05-09 13:07:50', '2022-05-09 13:07:50'),
(403, 37, 45, 1280, 2, '09:00:00', '09:55:00', 1, '2022-05-09 13:08:27', '2022-05-09 13:08:27'),
(404, 37, 45, 1280, 2, '10:00:00', '10:55:00', 1, '2022-05-09 13:08:42', '2022-05-09 13:08:42'),
(405, 37, 45, 1276, 2, '12:00:00', '15:55:00', 1, '2022-05-09 13:09:09', '2022-05-09 13:09:09'),
(406, 37, 45, 1274, 1, '12:00:00', '15:55:00', 1, '2022-05-09 13:09:42', '2022-05-09 13:09:42'),
(407, 37, 45, 1281, 2, '12:00:00', '15:55:00', 2, '2022-05-09 13:10:28', '2022-05-09 13:10:28'),
(408, 37, 46, 1287, 2, '09:00:00', '11:55:00', 2, '2022-05-09 13:11:11', '2022-05-09 13:11:11'),
(409, 37, 46, 1317, 2, '12:00:00', '12:55:00', 1, '2022-05-09 13:11:29', '2022-05-09 13:11:29'),
(410, 37, 47, 1337, 2, '09:00:00', '09:55:00', 1, '2022-05-09 13:13:45', '2022-05-09 13:13:45'),
(411, 37, 47, 1337, 2, '10:00:00', '10:55:00', 1, '2022-05-09 13:14:03', '2022-05-09 13:14:03'),
(412, 37, 47, 1318, 2, '11:00:00', '11:55:00', 1, '2022-05-09 13:14:26', '2022-05-09 13:14:26'),
(413, 37, 47, 1289, 2, '12:00:00', '15:55:00', 2, '2022-05-09 13:14:53', '2022-05-09 13:14:53'),
(414, 33, 48, 1138, 2, '09:00:00', '09:55:00', 1, '2022-05-09 13:16:30', '2022-05-09 13:16:30'),
(415, 33, 48, 1138, 2, '10:00:00', '10:55:00', 1, '2022-05-09 13:16:46', '2022-05-09 13:16:46'),
(416, 33, 48, 1139, 2, '11:00:00', '11:55:00', 1, '2022-05-09 13:17:07', '2022-05-09 13:17:07'),
(417, 33, 48, 1141, 2, '12:00:00', '15:55:00', 1, '2022-05-09 13:17:33', '2022-05-09 13:17:33'),
(418, 33, 49, 1133, 2, '09:00:00', '11:55:00', 1, '2022-05-09 13:18:06', '2022-05-09 13:18:06'),
(419, 33, 49, 1132, 2, '12:00:00', '12:55:00', 1, '2022-05-09 13:18:34', '2022-05-09 13:18:44'),
(420, 33, 49, 1129, 2, '14:00:00', '14:55:00', 1, '2022-05-09 13:23:55', '2022-05-09 13:23:55'),
(421, 33, 49, 1129, 2, '15:00:00', '15:55:00', 1, '2022-05-09 13:24:13', '2022-05-09 13:24:13'),
(422, 33, 50, 1127, 2, '12:00:00', '12:55:00', 1, '2022-05-09 13:24:50', '2022-05-09 13:24:50'),
(423, 33, 50, 1128, 2, '14:00:00', '14:55:00', 1, '2022-05-09 13:25:10', '2022-05-09 13:25:10'),
(424, 33, 50, 1125, 2, '15:00:00', '15:55:00', 1, '2022-05-09 13:25:27', '2022-05-09 13:25:27'),
(425, 33, 51, 1338, 2, '09:00:00', '09:55:00', 1, '2022-05-09 13:29:05', '2022-05-09 13:29:05'),
(426, 33, 51, 1338, 2, '10:00:00', '10:55:00', 1, '2022-05-09 13:29:26', '2022-05-09 13:29:26'),
(427, 33, 51, 1339, 2, '11:00:00', '11:55:00', 1, '2022-05-09 13:30:45', '2022-05-09 13:31:40'),
(428, 33, 51, 1123, 2, '12:00:00', '15:55:00', 1, '2022-05-09 13:31:20', '2022-05-09 13:31:20'),
(429, 32, 52, 1238, 2, '09:00:00', '11:55:00', 1, '2022-05-09 13:32:51', '2022-05-09 13:32:51'),
(430, 32, 52, 1323, 2, '12:00:00', '12:55:00', 1, '2022-05-09 13:33:40', '2022-05-09 13:33:40'),
(431, 32, 52, 1323, 2, '14:00:00', '14:55:00', 1, '2022-05-09 13:34:01', '2022-05-09 13:34:01'),
(432, 32, 52, 1239, 2, '15:00:00', '15:55:00', 1, '2022-05-09 13:34:26', '2022-05-09 13:34:26'),
(433, 32, 53, 1244, 2, '09:00:00', '09:55:00', 1, '2022-05-09 13:34:54', '2022-05-09 13:34:54'),
(434, 32, 53, 1244, 2, '10:00:00', '10:55:00', 1, '2022-05-09 13:35:13', '2022-05-09 13:35:13'),
(435, 32, 53, 1246, 2, '11:00:00', '11:55:00', 1, '2022-05-09 13:35:38', '2022-05-09 13:35:38'),
(436, 32, 53, 1247, 2, '12:00:00', '15:55:00', 1, '2022-05-09 13:36:00', '2022-05-09 13:36:00'),
(437, 32, 54, 1252, 2, '09:00:00', '09:55:00', 1, '2022-05-09 13:36:25', '2022-05-09 13:36:25'),
(438, 32, 54, 1252, 2, '10:00:00', '10:55:00', 1, '2022-05-09 13:36:40', '2022-05-09 13:36:40'),
(439, 32, 54, 1259, 2, '11:00:00', '11:55:00', 1, '2022-05-09 13:37:11', '2022-05-09 13:37:11'),
(440, 32, 54, 1255, 2, '12:00:00', '15:55:00', 1, '2022-05-09 13:37:34', '2022-05-09 13:37:34'),
(441, 32, 55, 1265, 2, '09:00:00', '11:55:00', 1, '2022-05-09 13:38:08', '2022-05-09 13:38:08'),
(442, 32, 55, 1261, 2, '12:00:00', '12:55:00', 1, '2022-05-09 13:38:31', '2022-05-09 13:38:31'),
(443, 32, 55, 1260, 2, '14:00:00', '14:55:00', 1, '2022-05-09 13:38:53', '2022-05-09 13:38:53'),
(444, 36, 56, 1208, 2, '09:00:00', '09:55:00', 1, '2022-05-09 13:40:17', '2022-05-09 13:40:17'),
(445, 36, 56, 1210, 2, '10:00:00', '10:55:00', 1, '2022-05-09 13:40:44', '2022-05-09 13:40:44'),
(446, 36, 56, 1210, 2, '11:00:00', '11:55:00', 1, '2022-05-09 13:41:03', '2022-05-09 13:41:03'),
(447, 36, 56, 1211, 2, '14:00:00', '14:55:00', 1, '2022-05-09 13:41:29', '2022-05-09 13:41:29'),
(448, 38, 57, 1195, 2, '09:00:00', '11:55:00', 1, '2022-05-09 13:42:33', '2022-05-09 13:42:33'),
(449, 38, 57, 1194, 2, '12:00:00', '12:55:00', 1, '2022-05-09 13:42:52', '2022-05-09 13:42:52'),
(450, 39, 58, 1203, 2, '09:00:00', '09:55:00', 1, '2022-05-09 13:43:58', '2022-05-09 13:43:58'),
(451, 39, 58, 1207, 2, '10:00:00', '10:55:00', 1, '2022-05-09 13:44:15', '2022-05-09 13:44:15'),
(452, 39, 58, 1207, 2, '11:00:00', '11:55:00', 1, '2022-05-09 13:44:32', '2022-05-09 13:44:32'),
(453, 39, 58, 1206, 2, '12:00:00', '12:55:00', 1, '2022-05-09 13:44:47', '2022-05-09 13:44:47'),
(454, 35, 59, 1340, 2, '09:00:00', '11:55:00', 1, '2022-05-09 13:46:09', '2022-05-09 13:46:09'),
(455, 35, 59, 1341, 2, '14:00:00', '14:55:00', 1, '2022-05-09 13:47:40', '2022-05-09 13:47:40'),
(456, 35, 59, 1341, 2, '15:00:00', '15:55:00', 1, '2022-05-09 13:48:01', '2022-05-09 13:48:01'),
(457, 36, 56, 1211, 2, '09:00:00', '09:55:00', 3, '2022-05-09 14:02:38', '2022-05-09 14:39:32'),
(458, 36, 56, 1212, 2, '10:00:00', '10:55:00', 3, '2022-05-09 14:02:58', '2022-05-09 14:39:40'),
(459, 36, 56, 1212, 2, '11:00:00', '11:55:00', 3, '2022-05-09 14:03:14', '2022-05-09 14:39:53'),
(460, 36, 56, 1291, 2, '12:00:00', '12:55:00', 3, '2022-05-09 14:03:44', '2022-05-09 14:40:03'),
(461, 36, 56, 1209, 2, '14:00:00', '14:55:00', 3, '2022-05-09 14:04:09', '2022-05-09 14:40:12'),
(462, 29, 25, 1177, 2, '12:00:00', '15:55:00', 2, '2022-05-09 15:56:29', '2022-05-09 15:56:29');

-- --------------------------------------------------------

--
-- Table structure for table `duet_users`
--

CREATE TABLE `duet_users` (
  `id` bigint(20) UNSIGNED NOT NULL,
  `name` varchar(255) COLLATE utf8mb4_unicode_ci NOT NULL,
  `email` varchar(255) COLLATE utf8mb4_unicode_ci NOT NULL,
  `email_verified_at` timestamp NULL DEFAULT NULL,
  `password` varchar(255) COLLATE utf8mb4_unicode_ci NOT NULL,
  `remember_token` varchar(100) COLLATE utf8mb4_unicode_ci DEFAULT NULL,
  `created_at` timestamp NULL DEFAULT NULL,
  `updated_at` timestamp NULL DEFAULT NULL
) ENGINE=InnoDB DEFAULT CHARSET=utf8mb4 COLLATE=utf8mb4_unicode_ci;

--
-- Dumping data for table `duet_users`
--

INSERT INTO `duet_users` (`id`, `name`, `email`, `email_verified_at`, `password`, `remember_token`, `created_at`, `updated_at`) VALUES
(1, 'Muhammad Ismail', 'Ismail@yopmail.com', NULL, '$2y$10$e/z0ApTZo/kA2vCzIlRVJ.Bpzk7uBz7DtJbLmq.xbBWFTvgixH3re', NULL, '2022-05-02 03:04:00', '2022-05-02 03:04:00'),
(2, 'Ishraq', 'ishraqqureshi99@yopmail.com', NULL, '$2y$10$7LUWmWHQ08ZuFHABBmTIGO5aWNhEMPrfTbXpUB/df3GT9mKoiCGXi', NULL, '2022-05-03 08:37:29', '2022-05-03 08:37:29'),
(3, 'Muhammad Ismail', 'mismail@yopmail.com', NULL, '$2y$10$w2lQAa4qINmYMoE2eOxl1.s39XDYjkRwOT2nT3VLpBpwOj/NaLeve', NULL, '2022-05-05 18:42:03', '2022-05-05 18:42:03'),
(4, 'admin', 'admin@yopmail.com', NULL, '$2y$10$XbRa.6Qs0g5gHrmlkdD7eO9zDghgh1gLZzzMCml0I8J4hyzTORM2W', NULL, '2022-05-05 18:43:46', '2022-05-05 18:43:46'),
(5, 'admin', 'duetadmin@yopmail.com', NULL, '$2y$10$2BanXMMqe/lPLH77GcGusuYeoLfcwooWwJy2HZ0bWSi9i21fM/aui', NULL, '2022-05-06 03:48:16', '2022-05-06 03:48:16'),
(6, 'Ayub Laghari', 'ayub_laghari@ymail.com', NULL, '$2y$10$nM1fawOuq0xROHy/30ljQOfJXyxLQvVPRjlFsfFuEgX4Ss3s5g9ea', NULL, '2022-05-07 03:24:04', '2022-05-07 03:24:04');

--
-- Indexes for dumped tables
--

--
-- Indexes for table `duet_batches`
--
ALTER TABLE `duet_batches`
  ADD PRIMARY KEY (`id`),
  ADD KEY `duet_batches_department_id_foreign` (`department_id`),
  ADD KEY `duet_batches_current_semester_foreign` (`current_semester`);

--
-- Indexes for table `duet_departments`
--
ALTER TABLE `duet_departments`
  ADD PRIMARY KEY (`id`);

--
-- Indexes for table `duet_failed_jobs`
--
ALTER TABLE `duet_failed_jobs`
  ADD PRIMARY KEY (`id`),
  ADD UNIQUE KEY `duet_failed_jobs_uuid_unique` (`uuid`);

--
-- Indexes for table `duet_migrations`
--
ALTER TABLE `duet_migrations`
  ADD PRIMARY KEY (`id`);

--
-- Indexes for table `duet_password_resets`
--
ALTER TABLE `duet_password_resets`
  ADD KEY `duet_password_resets_email_index` (`email`);

--
-- Indexes for table `duet_personal_access_tokens`
--
ALTER TABLE `duet_personal_access_tokens`
  ADD PRIMARY KEY (`id`),
  ADD UNIQUE KEY `duet_personal_access_tokens_token_unique` (`token`),
  ADD KEY `duet_personal_access_tokens_tokenable_type_tokenable_id_index` (`tokenable_type`,`tokenable_id`);

--
-- Indexes for table `duet_semesters`
--
ALTER TABLE `duet_semesters`
  ADD PRIMARY KEY (`id`),
  ADD KEY `duet_semesters_department_id_foreign` (`department_id`);

--
-- Indexes for table `duet_students`
--
ALTER TABLE `duet_students`
  ADD PRIMARY KEY (`id`),
  ADD KEY `duet_students_batch_id_foreign` (`batch_id`);

--
-- Indexes for table `duet_subjects`
--
ALTER TABLE `duet_subjects`
  ADD PRIMARY KEY (`id`),
  ADD KEY `duet_subjects_semester_id_foreign` (`semester_id`),
  ADD KEY `duet_subjects_teacher_id_foreign` (`teacher_id`);

--
-- Indexes for table `duet_teachers`
--
ALTER TABLE `duet_teachers`
  ADD PRIMARY KEY (`id`),
  ADD KEY `duet_teachers_department_id_foreign` (`department_id`);

--
-- Indexes for table `duet_time_tables`
--
ALTER TABLE `duet_time_tables`
  ADD PRIMARY KEY (`id`),
  ADD KEY `duet_time_tables_batch_id_foreign` (`batch_id`),
  ADD KEY `duet_time_tables_subject_id_foreign` (`subject_id`),
  ADD KEY `duet_time_tables_department_id_foreign` (`department_id`);

--
-- Indexes for table `duet_users`
--
ALTER TABLE `duet_users`
  ADD PRIMARY KEY (`id`),
  ADD UNIQUE KEY `duet_users_email_unique` (`email`);

--
-- AUTO_INCREMENT for dumped tables
--

--
-- AUTO_INCREMENT for table `duet_batches`
--
ALTER TABLE `duet_batches`
  MODIFY `id` bigint(20) UNSIGNED NOT NULL AUTO_INCREMENT, AUTO_INCREMENT=60;

--
-- AUTO_INCREMENT for table `duet_departments`
--
ALTER TABLE `duet_departments`
  MODIFY `id` bigint(20) UNSIGNED NOT NULL AUTO_INCREMENT, AUTO_INCREMENT=41;

--
-- AUTO_INCREMENT for table `duet_failed_jobs`
--
ALTER TABLE `duet_failed_jobs`
  MODIFY `id` bigint(20) UNSIGNED NOT NULL AUTO_INCREMENT;

--
-- AUTO_INCREMENT for table `duet_migrations`
--
ALTER TABLE `duet_migrations`
  MODIFY `id` int(10) UNSIGNED NOT NULL AUTO_INCREMENT, AUTO_INCREMENT=6;

--
-- AUTO_INCREMENT for table `duet_personal_access_tokens`
--
ALTER TABLE `duet_personal_access_tokens`
  MODIFY `id` bigint(20) UNSIGNED NOT NULL AUTO_INCREMENT;

--
-- AUTO_INCREMENT for table `duet_semesters`
--
ALTER TABLE `duet_semesters`
  MODIFY `id` bigint(20) UNSIGNED NOT NULL AUTO_INCREMENT, AUTO_INCREMENT=62;

--
-- AUTO_INCREMENT for table `duet_students`
--
ALTER TABLE `duet_students`
  MODIFY `id` bigint(20) UNSIGNED NOT NULL AUTO_INCREMENT, AUTO_INCREMENT=5569;

--
-- AUTO_INCREMENT for table `duet_subjects`
--
ALTER TABLE `duet_subjects`
  MODIFY `id` bigint(20) UNSIGNED NOT NULL AUTO_INCREMENT, AUTO_INCREMENT=1342;

--
-- AUTO_INCREMENT for table `duet_teachers`
--
ALTER TABLE `duet_teachers`
  MODIFY `id` bigint(20) UNSIGNED NOT NULL AUTO_INCREMENT, AUTO_INCREMENT=791;

--
-- AUTO_INCREMENT for table `duet_time_tables`
--
ALTER TABLE `duet_time_tables`
  MODIFY `id` bigint(20) UNSIGNED NOT NULL AUTO_INCREMENT, AUTO_INCREMENT=463;

--
-- AUTO_INCREMENT for table `duet_users`
--
ALTER TABLE `duet_users`
  MODIFY `id` bigint(20) UNSIGNED NOT NULL AUTO_INCREMENT, AUTO_INCREMENT=7;

--
-- Constraints for dumped tables
--

--
-- Constraints for table `duet_batches`
--
ALTER TABLE `duet_batches`
  ADD CONSTRAINT `duet_batches_current_semester_foreign` FOREIGN KEY (`current_semester`) REFERENCES `duet_semesters` (`id`),
  ADD CONSTRAINT `duet_batches_department_id_foreign` FOREIGN KEY (`department_id`) REFERENCES `duet_departments` (`id`);

--
-- Constraints for table `duet_semesters`
--
ALTER TABLE `duet_semesters`
  ADD CONSTRAINT `duet_semesters_department_id_foreign` FOREIGN KEY (`department_id`) REFERENCES `duet_departments` (`id`);

--
-- Constraints for table `duet_students`
--
ALTER TABLE `duet_students`
  ADD CONSTRAINT `duet_students_batch_id_foreign` FOREIGN KEY (`batch_id`) REFERENCES `duet_batches` (`id`);

--
-- Constraints for table `duet_subjects`
--
ALTER TABLE `duet_subjects`
  ADD CONSTRAINT `duet_subjects_semester_id_foreign` FOREIGN KEY (`semester_id`) REFERENCES `duet_semesters` (`id`),
  ADD CONSTRAINT `duet_subjects_teacher_id_foreign` FOREIGN KEY (`teacher_id`) REFERENCES `duet_teachers` (`id`);

--
-- Constraints for table `duet_teachers`
--
ALTER TABLE `duet_teachers`
  ADD CONSTRAINT `duet_teachers_department_id_foreign` FOREIGN KEY (`department_id`) REFERENCES `duet_departments` (`id`);

--
-- Constraints for table `duet_time_tables`
--
ALTER TABLE `duet_time_tables`
  ADD CONSTRAINT `duet_time_tables_batch_id_foreign` FOREIGN KEY (`batch_id`) REFERENCES `duet_batches` (`id`),
  ADD CONSTRAINT `duet_time_tables_department_id_foreign` FOREIGN KEY (`department_id`) REFERENCES `duet_departments` (`id`),
  ADD CONSTRAINT `duet_time_tables_subject_id_foreign` FOREIGN KEY (`subject_id`) REFERENCES `duet_subjects` (`id`);
COMMIT;

/*!40101 SET CHARACTER_SET_CLIENT=@OLD_CHARACTER_SET_CLIENT */;
/*!40101 SET CHARACTER_SET_RESULTS=@OLD_CHARACTER_SET_RESULTS */;
/*!40101 SET COLLATION_CONNECTION=@OLD_COLLATION_CONNECTION */;
