-- phpMyAdmin SQL Dump
-- version 5.1.0
-- https://www.phpmyadmin.net/
--
-- Host: 127.0.0.1
-- Generation Time: May 09, 2022 at 02:15 AM
-- Server version: 10.4.18-MariaDB
-- PHP Version: 7.4.16

SET SQL_MODE = "NO_AUTO_VALUE_ON_ZERO";
START TRANSACTION;
SET time_zone = "+00:00";


/*!40101 SET @OLD_CHARACTER_SET_CLIENT=@@CHARACTER_SET_CLIENT */;
/*!40101 SET @OLD_CHARACTER_SET_RESULTS=@@CHARACTER_SET_RESULTS */;
/*!40101 SET @OLD_COLLATION_CONNECTION=@@COLLATION_CONNECTION */;
/*!40101 SET NAMES utf8mb4 */;

--
-- Database: `duet_attendance_system`
--

-- --------------------------------------------------------

--
-- Table structure for table `duet_batches`
--

CREATE TABLE `duet_batches` (
  `id` bigint(20) UNSIGNED NOT NULL,
  `name` varchar(256) COLLATE utf8mb4_unicode_ci NOT NULL,
  `department_id` bigint(20) UNSIGNED NOT NULL,
  `current_semester` bigint(20) UNSIGNED NOT NULL,
  `created_at` timestamp NULL DEFAULT NULL,
  `updated_at` timestamp NULL DEFAULT NULL
) ENGINE=InnoDB DEFAULT CHARSET=utf8mb4 COLLATE=utf8mb4_unicode_ci;

--
-- Dumping data for table `duet_batches`
--

INSERT INTO `duet_batches` (`id`, `name`, `department_id`, `current_semester`, `created_at`, `updated_at`) VALUES
(20, '21F', 28, 22, '2022-05-08 05:59:59', '2022-05-08 05:59:59'),
(21, '20F', 28, 23, '2022-05-08 05:59:59', '2022-05-08 05:59:59'),
(22, '19F', 28, 24, '2022-05-08 05:59:59', '2022-05-08 05:59:59'),
(23, '19', 28, 25, '2022-05-08 05:59:59', '2022-05-08 05:59:59'),
(24, '21F', 29, 26, '2022-05-08 05:59:59', '2022-05-08 14:30:36'),
(25, '20F', 29, 27, '2022-05-08 05:59:59', '2022-05-08 14:30:43'),
(26, '19F', 29, 28, '2022-05-08 05:59:59', '2022-05-08 14:30:50'),
(27, '19', 29, 29, '2022-05-08 05:59:59', '2022-05-08 14:30:57'),
(28, '21F', 30, 30, '2022-05-08 05:59:59', '2022-05-08 14:31:03'),
(29, '20F', 30, 31, '2022-05-08 05:59:59', '2022-05-08 14:33:44'),
(30, '19F', 30, 32, '2022-05-08 05:59:59', '2022-05-08 14:34:01'),
(31, '19', 30, 33, '2022-05-08 05:59:59', '2022-05-08 14:34:14'),
(32, '21F', 34, 34, '2022-05-08 05:59:59', '2022-05-08 14:34:27'),
(33, '20F', 34, 35, '2022-05-08 05:59:59', '2022-05-08 14:34:31'),
(34, '19F', 34, 36, '2022-05-08 05:59:59', '2022-05-08 14:34:34'),
(35, '19', 34, 37, '2022-05-08 05:59:59', '2022-05-08 14:34:36'),
(36, '21F', 31, 38, '2022-05-08 05:59:59', '2022-05-08 14:25:41'),
(37, '20F', 31, 39, '2022-05-08 05:59:59', '2022-05-08 14:29:03'),
(38, '19F', 31, 40, '2022-05-08 05:59:59', '2022-05-08 14:29:13'),
(39, '19', 31, 41, '2022-05-08 05:59:59', '2022-05-08 14:29:34'),
(40, '21F', 40, 42, '2022-05-08 05:59:59', '2022-05-08 14:34:55'),
(41, '20F', 40, 43, '2022-05-08 05:59:59', '2022-05-08 14:34:59'),
(42, '19F', 40, 44, '2022-05-08 05:59:59', '2022-05-08 14:35:13'),
(43, '19', 40, 45, '2022-05-08 05:59:59', '2022-05-08 14:35:15'),
(44, '21F', 37, 46, '2022-05-08 05:59:59', '2022-05-08 14:35:19'),
(45, '20F', 37, 47, '2022-05-08 05:59:59', '2022-05-08 14:35:21'),
(46, '19F', 37, 48, '2022-05-08 05:59:59', '2022-05-08 14:35:25'),
(47, '19', 37, 49, '2022-05-08 05:59:59', '2022-05-08 14:35:28'),
(48, '21F', 33, 50, '2022-05-08 05:59:59', '2022-05-08 14:35:31'),
(49, '20F', 33, 51, '2022-05-08 05:59:59', '2022-05-08 14:35:33'),
(50, '19F', 33, 52, '2022-05-08 05:59:59', '2022-05-08 14:35:52'),
(51, '19', 33, 53, '2022-05-08 05:59:59', '2022-05-08 14:35:54'),
(52, '21F', 32, 54, '2022-05-08 05:59:59', '2022-05-08 14:35:56'),
(53, '20F', 32, 55, '2022-05-08 05:59:59', '2022-05-08 14:35:59'),
(54, '19F', 32, 56, '2022-05-08 05:59:59', '2022-05-08 14:36:02'),
(55, '19', 32, 57, '2022-05-08 05:59:59', '2022-05-08 16:20:16'),
(56, '21F', 36, 61, '2022-05-08 05:59:59', '2022-05-08 14:36:05'),
(57, '21F', 38, 59, '2022-05-08 05:59:59', '2022-05-08 14:36:14'),
(58, '21F', 39, 60, '2022-05-08 05:59:59', '2022-05-08 14:36:16'),
(59, '21F', 35, 58, '2022-05-08 05:59:59', '2022-05-08 14:36:19');

-- --------------------------------------------------------

--
-- Table structure for table `duet_departments`
--

CREATE TABLE `duet_departments` (
  `id` bigint(20) UNSIGNED NOT NULL,
  `name` varchar(256) COLLATE utf8mb4_unicode_ci NOT NULL,
  `code` varchar(256) COLLATE utf8mb4_unicode_ci NOT NULL,
  `created_at` timestamp NULL DEFAULT NULL,
  `updated_at` timestamp NULL DEFAULT NULL
) ENGINE=InnoDB DEFAULT CHARSET=utf8mb4 COLLATE=utf8mb4_unicode_ci;

--
-- Dumping data for table `duet_departments`
--

INSERT INTO `duet_departments` (`id`, `name`, `code`, `created_at`, `updated_at`) VALUES
(28, 'Telecommunication Engineering', 'TE', '2022-05-08 05:58:47', '2022-05-08 05:58:47'),
(29, 'Electronics Engineering', 'ESE', '2022-05-08 05:58:47', '2022-05-08 05:58:47'),
(30, 'Computer Systems Engineering', 'CSE', '2022-05-08 05:58:47', '2022-05-08 05:58:47'),
(31, 'Chemical Engineering', 'CHE', '2022-05-08 05:58:47', '2022-05-08 05:58:47'),
(32, 'Petroleum & Gas Engineering', 'PGE', '2022-05-08 05:58:47', '2022-05-08 05:58:47'),
(33, 'Metallurgy & Materials Engineering', 'MME', '2022-05-08 05:58:47', '2022-05-08 05:58:47'),
(34, 'Architecture & Planning Engineering', 'ARP', '2022-05-08 05:58:47', '2022-05-08 05:58:47'),
(35, 'Mathematics', 'BSM', '2022-05-08 05:58:47', '2022-05-08 05:58:47'),
(36, 'BS Computer Science', 'BSCS', '2022-05-08 05:58:47', '2022-05-08 05:58:47'),
(37, 'Industrial Engineering & Management', 'IEM', '2022-05-08 05:58:47', '2022-05-08 05:58:47'),
(38, 'BS Cyber Security', 'BSCY', '2022-05-08 05:58:47', '2022-05-08 05:58:47'),
(39, 'BS Artificial Intelligence', 'BSAI', '2022-05-08 05:58:47', '2022-05-08 05:58:47'),
(40, 'Energy & Environment Engineering', 'ENE', '2022-05-08 05:58:47', '2022-05-08 05:58:47');

-- --------------------------------------------------------

--
-- Table structure for table `duet_failed_jobs`
--

CREATE TABLE `duet_failed_jobs` (
  `id` bigint(20) UNSIGNED NOT NULL,
  `uuid` varchar(255) COLLATE utf8mb4_unicode_ci NOT NULL,
  `connection` text COLLATE utf8mb4_unicode_ci NOT NULL,
  `queue` text COLLATE utf8mb4_unicode_ci NOT NULL,
  `payload` longtext COLLATE utf8mb4_unicode_ci NOT NULL,
  `exception` longtext COLLATE utf8mb4_unicode_ci NOT NULL,
  `failed_at` timestamp NOT NULL DEFAULT current_timestamp()
) ENGINE=InnoDB DEFAULT CHARSET=utf8mb4 COLLATE=utf8mb4_unicode_ci;

-- --------------------------------------------------------

--
-- Table structure for table `duet_migrations`
--

CREATE TABLE `duet_migrations` (
  `id` int(10) UNSIGNED NOT NULL,
  `migration` varchar(255) COLLATE utf8mb4_unicode_ci NOT NULL,
  `batch` int(11) NOT NULL
) ENGINE=InnoDB DEFAULT CHARSET=utf8mb4 COLLATE=utf8mb4_unicode_ci;

--
-- Dumping data for table `duet_migrations`
--

INSERT INTO `duet_migrations` (`id`, `migration`, `batch`) VALUES
(1, '2014_10_12_000000_create_users_table', 1),
(2, '2014_10_12_100000_create_password_resets_table', 1),
(3, '2019_08_19_000000_create_failed_jobs_table', 1),
(4, '2019_12_14_000001_create_personal_access_tokens_table', 1),
(5, '2022_04_28_203014_create_db_schema', 1);

-- --------------------------------------------------------

--
-- Table structure for table `duet_password_resets`
--

CREATE TABLE `duet_password_resets` (
  `email` varchar(255) COLLATE utf8mb4_unicode_ci NOT NULL,
  `token` varchar(255) COLLATE utf8mb4_unicode_ci NOT NULL,
  `created_at` timestamp NULL DEFAULT NULL
) ENGINE=InnoDB DEFAULT CHARSET=utf8mb4 COLLATE=utf8mb4_unicode_ci;

-- --------------------------------------------------------

--
-- Table structure for table `duet_personal_access_tokens`
--

CREATE TABLE `duet_personal_access_tokens` (
  `id` bigint(20) UNSIGNED NOT NULL,
  `tokenable_type` varchar(255) COLLATE utf8mb4_unicode_ci NOT NULL,
  `tokenable_id` bigint(20) UNSIGNED NOT NULL,
  `name` varchar(255) COLLATE utf8mb4_unicode_ci NOT NULL,
  `token` varchar(64) COLLATE utf8mb4_unicode_ci NOT NULL,
  `abilities` text COLLATE utf8mb4_unicode_ci DEFAULT NULL,
  `last_used_at` timestamp NULL DEFAULT NULL,
  `created_at` timestamp NULL DEFAULT NULL,
  `updated_at` timestamp NULL DEFAULT NULL
) ENGINE=InnoDB DEFAULT CHARSET=utf8mb4 COLLATE=utf8mb4_unicode_ci;

-- --------------------------------------------------------

--
-- Table structure for table `duet_semesters`
--

CREATE TABLE `duet_semesters` (
  `id` bigint(20) UNSIGNED NOT NULL,
  `name` varchar(256) COLLATE utf8mb4_unicode_ci NOT NULL,
  `department_id` bigint(20) UNSIGNED NOT NULL,
  `created_at` timestamp NULL DEFAULT NULL,
  `updated_at` timestamp NULL DEFAULT NULL
) ENGINE=InnoDB DEFAULT CHARSET=utf8mb4 COLLATE=utf8mb4_unicode_ci;

--
-- Dumping data for table `duet_semesters`
--

INSERT INTO `duet_semesters` (`id`, `name`, `department_id`, `created_at`, `updated_at`) VALUES
(22, '2nd Semester', 28, '2022-05-08 05:59:25', '2022-05-08 05:59:25'),
(23, '4th Semester', 28, '2022-05-08 05:59:25', '2022-05-08 05:59:25'),
(24, '6th Semester', 28, '2022-05-08 05:59:25', '2022-05-08 05:59:25'),
(25, '8th Semester', 28, '2022-05-08 05:59:25', '2022-05-08 05:59:25'),
(26, '2nd Semester', 29, '2022-05-08 05:59:25', '2022-05-08 05:59:25'),
(27, '4th Semester', 29, '2022-05-08 05:59:25', '2022-05-08 05:59:25'),
(28, '6th Semester', 29, '2022-05-08 05:59:25', '2022-05-08 05:59:25'),
(29, '8th Semester', 29, '2022-05-08 05:59:25', '2022-05-08 05:59:25'),
(30, '2nd Semester', 30, '2022-05-08 05:59:25', '2022-05-08 05:59:25'),
(31, '4th Semester', 30, '2022-05-08 05:59:25', '2022-05-08 05:59:25'),
(32, '6th Semester', 30, '2022-05-08 05:59:25', '2022-05-08 05:59:25'),
(33, '8th Semester', 30, '2022-05-08 05:59:25', '2022-05-08 05:59:25'),
(34, '2nd Semester', 34, '2022-05-08 05:59:25', '2022-05-08 05:59:25'),
(35, '4th Semester', 34, '2022-05-08 05:59:25', '2022-05-08 05:59:25'),
(36, '6th Semester', 34, '2022-05-08 05:59:25', '2022-05-08 05:59:25'),
(37, '8th Semester', 34, '2022-05-08 05:59:25', '2022-05-08 05:59:25'),
(38, '2nd Semester', 31, '2022-05-08 05:59:25', '2022-05-08 05:59:25'),
(39, '4th Semester', 31, '2022-05-08 05:59:25', '2022-05-08 05:59:25'),
(40, '6th Semester', 31, '2022-05-08 05:59:25', '2022-05-08 05:59:25'),
(41, '8th Semester', 31, '2022-05-08 05:59:25', '2022-05-08 05:59:25'),
(42, '2nd Semester', 40, '2022-05-08 05:59:25', '2022-05-08 05:59:25'),
(43, '4th Semester', 40, '2022-05-08 05:59:25', '2022-05-08 05:59:25'),
(44, '6th Semester', 40, '2022-05-08 05:59:25', '2022-05-08 05:59:25'),
(45, '8th Semester', 40, '2022-05-08 05:59:25', '2022-05-08 05:59:25'),
(46, '2nd Semester', 37, '2022-05-08 05:59:25', '2022-05-08 05:59:25'),
(47, '4th Semester', 37, '2022-05-08 05:59:25', '2022-05-08 05:59:25'),
(48, '6th Semester', 37, '2022-05-08 05:59:25', '2022-05-08 05:59:25'),
(49, '8th Semester', 37, '2022-05-08 05:59:25', '2022-05-08 05:59:25'),
(50, '2nd Semester', 33, '2022-05-08 05:59:25', '2022-05-08 05:59:25'),
(51, '4th Semester', 33, '2022-05-08 05:59:25', '2022-05-08 05:59:25'),
(52, '6th Semester', 33, '2022-05-08 05:59:25', '2022-05-08 05:59:25'),
(53, '8th Semester', 33, '2022-05-08 05:59:25', '2022-05-08 05:59:25'),
(54, '2nd Semester', 32, '2022-05-08 05:59:25', '2022-05-08 05:59:25'),
(55, '4th Semester', 32, '2022-05-08 05:59:25', '2022-05-08 05:59:25'),
(56, '6th Semester', 32, '2022-05-08 05:59:25', '2022-05-08 05:59:25'),
(57, '8th Semester', 32, '2022-05-08 05:59:25', '2022-05-08 05:59:25'),
(58, '2nd Semester', 35, '2022-05-08 05:59:25', '2022-05-08 05:59:25'),
(59, '2nd Semester', 38, '2022-05-08 05:59:25', '2022-05-08 05:59:25'),
(60, '2nd Semester', 39, '2022-05-08 05:59:25', '2022-05-08 05:59:25'),
(61, '2nd Semester', 36, '2022-05-08 05:59:25', '2022-05-08 05:59:25');

-- --------------------------------------------------------

--
-- Table structure for table `duet_students`
--

CREATE TABLE `duet_students` (
  `id` bigint(20) UNSIGNED NOT NULL,
  `first_name` varchar(256) COLLATE utf8mb4_unicode_ci NOT NULL,
  `last_name` varchar(256) COLLATE utf8mb4_unicode_ci NOT NULL,
  `roll_no` varchar(256) COLLATE utf8mb4_unicode_ci NOT NULL,
  `section` bigint(20) UNSIGNED NOT NULL,
  `batch_id` bigint(20) UNSIGNED NOT NULL,
  `created_at` timestamp NULL DEFAULT NULL,
  `updated_at` timestamp NULL DEFAULT NULL
) ENGINE=InnoDB DEFAULT CHARSET=utf8mb4 COLLATE=utf8mb4_unicode_ci;

--
-- Dumping data for table `duet_students`
--

INSERT INTO `duet_students` (`id`, `first_name`, `last_name`, `roll_no`, `section`, `batch_id`, `created_at`, `updated_at`) VALUES
(788, 'Syed Fahmeed Ali', 'Syed Liaquat Ali', '19-CHE-01', 1, 38, '2022-05-08 09:20:53', '2022-05-08 09:20:53'),
(789, 'MUHAMMAD EBAUR-RAB', 'MUHAMMAD SHOUKAT ALI', '19-CHE-02', 3, 38, '2022-05-08 09:20:53', '2022-05-08 09:20:53'),
(790, 'Sumaiya', 'Hafiz Abdul Lateef', '19-CHE-03', 1, 38, '2022-05-08 09:20:53', '2022-05-08 09:20:53'),
(791, 'Syed Muhammad Osama', 'Syed Muhammad Ishtiaq', '19-CHE-04', 3, 38, '2022-05-08 09:20:53', '2022-05-08 09:20:53'),
(792, 'ASAD ABDUL AZIZ SIDDIQUI', 'ABDUL WAHAB SIDDIQUI', '19-CHE-05', 1, 38, '2022-05-08 09:20:53', '2022-05-08 09:20:53'),
(793, 'Moeez khan', 'Abdul Saeed Khan', '19-CHE-06', 3, 38, '2022-05-08 09:20:53', '2022-05-08 09:20:53'),
(794, 'MUHAMMAD USMAN ASHRAF', 'MUHAMMAD ASHRAF', '19-CHE-07', 1, 38, '2022-05-08 09:20:53', '2022-05-08 09:20:53'),
(795, 'HAMMAD ULLAH', 'GHULAM MUSTAFA', '19-CHE-08', 3, 38, '2022-05-08 09:20:53', '2022-05-08 09:20:53'),
(796, 'Abdul Qayoom', 'Muhammad Hashim', '19-CHE-09', 1, 38, '2022-05-08 09:20:53', '2022-05-08 09:20:53'),
(797, 'HAFIZ MUHAMMAD OSAMA HASSAN', 'MUHAMMAD NEHAL HASSAN', '19-CHE-10', 3, 38, '2022-05-08 09:20:53', '2022-05-08 09:20:53'),
(798, 'Aijaz Ahmed', 'Mohammad Suleman', '19-CHE-11', 1, 38, '2022-05-08 09:20:53', '2022-05-08 09:20:53'),
(799, 'TALHA', 'MUHAMMAD TARPIQ', '19-CHE-12', 3, 38, '2022-05-08 09:20:53', '2022-05-08 09:20:53'),
(800, 'MUHAMMAD TARPIQ KHAN', 'FAYYAZ AHMED KHAN', '19-CHE-13', 1, 38, '2022-05-08 09:20:53', '2022-05-08 09:20:53'),
(801, 'Musawir Ali', 'Imdad Ali', '19-CHE-15', 1, 38, '2022-05-08 09:20:53', '2022-05-08 09:20:53'),
(802, 'MUHAMMAD HUNAIN KHAN', 'MUHAMMAD MAZHARP KHAN', '19-CHE-16', 3, 38, '2022-05-08 09:20:53', '2022-05-08 09:20:53'),
(803, 'Shakaib Ali Baig', 'Sabir Ali Baig', '19-CHE-17', 1, 38, '2022-05-08 09:20:53', '2022-05-08 09:20:53'),
(804, 'Muhammad Hamza', 'Abid Ali', '19-CHE-18', 3, 38, '2022-05-08 09:20:53', '2022-05-08 09:20:53'),
(805, 'sawera odho', 'ghulam qadir odho', '19-CHE-19', 1, 38, '2022-05-08 09:20:53', '2022-05-08 09:20:53'),
(806, 'AGHA AYATULLAH', 'AGHA AMANULLAH', '19-CHE-20', 3, 38, '2022-05-08 09:20:53', '2022-05-08 09:20:53'),
(807, 'Mohammad Adil Safeer', 'Mohammad Aqeel', '19-CHE-21', 1, 38, '2022-05-08 09:20:53', '2022-05-08 09:20:53'),
(808, 'MehARP Ali Mujtaba', 'NisARP Hussain ShARP BaloCHE', '19-CHE-22', 3, 38, '2022-05-08 09:20:53', '2022-05-08 09:20:53'),
(809, 'SYED MUHAMMAD ASKARPI RIZVI', 'SYED AZHER ABBAS RIZVI', '19-CHE-24', 3, 38, '2022-05-08 09:20:53', '2022-05-08 09:20:53'),
(810, 'Haseeb Tahir', 'Tahir Iqbal', '19-CHE-25', 1, 38, '2022-05-08 09:20:53', '2022-05-08 09:20:53'),
(811, 'muhammad faisal', 'mudassir majeed', '19-CHE-26', 3, 38, '2022-05-08 09:20:53', '2022-05-08 09:20:53'),
(812, 'ABDUL RAUF BURKI', 'HAZRAT BILAL', '19-CHE-27', 1, 38, '2022-05-08 09:20:53', '2022-05-08 09:20:53'),
(813, 'Muhammad Talha', 'Imtiaz Ahmed', '19-CHE-28', 3, 38, '2022-05-08 09:20:53', '2022-05-08 09:20:53'),
(814, 'Ali Rehman', 'Obaid Ullah Omer', '19-CHE-29', 1, 38, '2022-05-08 09:20:53', '2022-05-08 09:20:53'),
(815, 'Muhammad ishaque shaikh', 'Abdul razaque shaikh', '19-CHE-30', 3, 38, '2022-05-08 09:20:53', '2022-05-08 09:20:53'),
(816, 'Abdul Rehman', 'Shafiq Ahmed', '19-CHE-31', 1, 38, '2022-05-08 09:20:53', '2022-05-08 09:20:53'),
(817, 'Abeer Wali Khan', 'WAJAHAT WALI KHAN', '19-CHE-32', 3, 38, '2022-05-08 09:20:53', '2022-05-08 09:20:53'),
(818, 'Muhammad Umair', 'Mehboob Illahi', '19-CHE-33', 1, 38, '2022-05-08 09:20:53', '2022-05-08 09:20:53'),
(819, 'SHAHZAIB', 'KHADIM HUSSAIN', '19-CHE-34', 3, 38, '2022-05-08 09:20:53', '2022-05-08 09:20:53'),
(820, 'SANA ULLAH', 'MUHAMMAD ASLAM', '19-CHE-35', 1, 38, '2022-05-08 09:20:53', '2022-05-08 09:20:53'),
(821, 'Muhammad Kashan', 'Haji Naseem Elahi Javed', '19-CHE-36', 3, 38, '2022-05-08 09:20:53', '2022-05-08 09:20:53'),
(822, 'HARPis', 'Saeed Ahmed', '19-CHE-37', 1, 38, '2022-05-08 09:20:53', '2022-05-08 09:20:53'),
(823, 'Aftab Ali', 'Abdul Ali', '19-CHE-38', 3, 38, '2022-05-08 09:20:53', '2022-05-08 09:20:53'),
(824, 'MUHAMMAD DURREZ BAZMI', 'MUHAMMAD SHAFIQ BAZMI', '19-CHE-39', 1, 38, '2022-05-08 09:20:53', '2022-05-08 09:20:53'),
(825, 'Muhammad Abdullah Khan', 'Muhammad ARPif Khan', '19-CHE-40', 3, 38, '2022-05-08 09:20:53', '2022-05-08 09:20:53'),
(826, 'Mairaj Ali', 'Qurban Ali', '19-CHE-41', 1, 38, '2022-05-08 09:20:53', '2022-05-08 09:20:53'),
(827, 'Jamshed Ahmed', 'Khamiso', '19-CHE-42', 3, 38, '2022-05-08 09:20:53', '2022-05-08 09:20:53'),
(828, 'MUHAMMAD ZAIN', 'MUHAMMAD WASI', '19-CHE-43', 1, 38, '2022-05-08 09:20:53', '2022-05-08 09:20:53'),
(829, 'ABDUL REHMAN', 'MUMTAZ AHMED', '19-CHE-44', 3, 38, '2022-05-08 09:20:53', '2022-05-08 09:20:53'),
(830, 'Suhrab Ali', 'Shaib Ali', '19-CHE-45', 2, 38, '2022-05-08 09:20:53', '2022-05-08 09:20:53'),
(831, 'Mohammad Hamad', 'Mohammad Ismail', '19-CHE-46', 3, 38, '2022-05-08 09:20:53', '2022-05-08 09:20:53'),
(832, 'Muneer Ahmed', 'Zameer Hussain Wassan', '19-CHE-47', 2, 38, '2022-05-08 09:20:53', '2022-05-08 09:20:53'),
(833, 'amjid ali', 'ghulam shabir', '19-CHE-48', 3, 38, '2022-05-08 09:20:53', '2022-05-08 09:20:53'),
(834, 'Faisal Mahmood', 'Muhammad Siddique', '19-CHE-50', 3, 38, '2022-05-08 09:20:53', '2022-05-08 09:20:53'),
(835, 'Umer Ahmed Khan', 'WaqARP Mehmood Khan Nizami', '19-CHE-51', 2, 38, '2022-05-08 09:20:53', '2022-05-08 09:20:53'),
(836, 'Muhammad Zubair', 'AkhtARP Ali', '19-CHE-52', 4, 38, '2022-05-08 09:20:53', '2022-05-08 09:20:53'),
(837, 'Valid AnsARPi', 'Khan Muhammad', '19-CHE-53', 2, 38, '2022-05-08 09:20:53', '2022-05-08 09:20:53'),
(838, 'musawARP ali', 'rafique ahmed', '19-CHE-54', 4, 38, '2022-05-08 09:20:53', '2022-05-08 09:20:53'),
(839, 'ASIF ALI', 'ALI GOHARP SOLANGI', '19-CHE-55', 2, 38, '2022-05-08 09:20:53', '2022-05-08 09:20:53'),
(840, 'Faizan Javed', 'Javed Azeem', '19-CHE-56', 4, 38, '2022-05-08 09:20:53', '2022-05-08 09:20:53'),
(841, 'ABDUL BAQI', 'ABDUL QAYOOM CHEADHARP', '19-CHE-57', 2, 38, '2022-05-08 09:20:53', '2022-05-08 09:20:53'),
(842, 'HASSAN NAWAB', 'ALI REHMAN', '19-CHE-58', 4, 38, '2022-05-08 09:20:53', '2022-05-08 09:20:53'),
(843, 'Ali Haider', 'Abdul Majeed Bhatti', '19-CHE-59', 2, 38, '2022-05-08 09:20:53', '2022-05-08 09:20:53'),
(844, 'Mubashir Hassan', 'Muhammad Shafiq Ahmed', '19-CHE-60', 4, 38, '2022-05-08 09:20:53', '2022-05-08 09:20:53'),
(845, 'MUHAMMAD HAMAD QURESHI', 'ABDUL HAMID QURESHI', '19-CHE-61', 2, 38, '2022-05-08 09:20:53', '2022-05-08 09:20:53'),
(846, 'Syed FARPaz Uddin Hashmi', 'Ashraf Uddin', '19-CHE-62', 4, 38, '2022-05-08 09:20:53', '2022-05-08 09:20:53'),
(847, 'Ayan Latif', 'Muhammad Latif Khan', '19-CHE-63', 2, 38, '2022-05-08 09:20:53', '2022-05-08 09:20:53'),
(848, 'ARPBAZ KHAN', 'ARPSALA KHAN', '19-CHE-64', 4, 38, '2022-05-08 09:20:53', '2022-05-08 09:20:53'),
(849, 'Ghullam TaswARP', 'SAYED ABDUL HAKEEM SHAH', '19-CHE-65', 2, 38, '2022-05-08 09:20:53', '2022-05-08 09:20:53'),
(850, 'Syed Tanveer Abbas', 'Hassan Raza', '19-CHE-66', 4, 38, '2022-05-08 09:20:53', '2022-05-08 09:20:53'),
(851, 'Saifullah', 'Abdul latif', '19-CHE-67', 2, 38, '2022-05-08 09:20:53', '2022-05-08 09:20:53'),
(852, 'Taimoor Ali', 'Liaqat Ali', '19-CHE-68', 4, 38, '2022-05-08 09:20:53', '2022-05-08 09:20:53'),
(853, 'MOHAMMAD ALI', 'MUHAMMAD ZAHEER', '19-CHE-69', 2, 38, '2022-05-08 09:20:53', '2022-05-08 09:20:53'),
(854, 'Abdul Samad', 'Abdul Ghafoor', '19-CHE-70', 4, 38, '2022-05-08 09:20:53', '2022-05-08 09:20:53'),
(855, 'Hassaan Ahmed Khan', 'Aslam Pervez', '19-CHE-71', 2, 38, '2022-05-08 09:20:53', '2022-05-08 09:20:53'),
(856, 'MUHAMMAD AWAIS', 'BASHIR AHMED KHAN', '19-CHE-72', 4, 38, '2022-05-08 09:20:53', '2022-05-08 09:20:53'),
(857, 'Soha', 'Muhammad ARPab Bhayo', '19-CHE-73', 2, 38, '2022-05-08 09:20:53', '2022-05-08 09:20:53'),
(858, 'Shakeel Abbas', 'Qurban Ali', '19-CHE-74', 4, 38, '2022-05-08 09:20:53', '2022-05-08 09:20:53'),
(859, 'SIRAJ AHMED', 'NISARP AHMED', '19-CHE-75', 2, 38, '2022-05-08 09:20:53', '2022-05-08 09:20:53'),
(860, 'ARPshad Ali Khan', 'Muhtamim Khan', '19-CHE-76', 4, 38, '2022-05-08 09:20:53', '2022-05-08 09:20:53'),
(861, 'SAJID ALI', 'MUHAMMAD RAMZAN', '19-CHE-77', 2, 38, '2022-05-08 09:20:53', '2022-05-08 09:20:53'),
(862, 'Muhammad Moiz Baig', 'Mirza Tanveer Baig', '19-CHE-79', 2, 38, '2022-05-08 09:20:53', '2022-05-08 09:20:53'),
(863, 'Muhammad Anas', 'Abdul Qadeer', '19-CHE-80', 4, 38, '2022-05-08 09:20:53', '2022-05-08 09:20:53'),
(864, 'Muhammad Jibran Kherro', 'Zahid Iqbal', '19-CHE-81', 2, 38, '2022-05-08 09:20:53', '2022-05-08 09:20:53'),
(865, 'Usman GhaffARP', 'Abdul GhaffARP', '19-CHE-82', 4, 38, '2022-05-08 09:20:53', '2022-05-08 09:20:53'),
(866, 'USAMA', 'ALTAF HUSSAIN', '19-CHE-85', 2, 38, '2022-05-08 09:20:53', '2022-05-08 09:20:53'),
(867, 'Taha ahmed', 'Khaliq ahmed', '19-CHE-86', 4, 38, '2022-05-08 09:20:53', '2022-05-08 09:20:53'),
(868, 'MUHAMMAD USAMA ABDUL MAJEED', 'ABDUL MAJEED', '19-CHE-87', 2, 38, '2022-05-08 09:20:53', '2022-05-08 09:20:53'),
(869, 'Mohammed Abdullah', 'Abdullahi', '19-CHE-88', 4, 38, '2022-05-08 09:20:53', '2022-05-08 09:20:53'),
(870, 'ABEER ANJUM', 'MOHAMMAD YOUNAS ANJUM', '19-CHE-89', 2, 38, '2022-05-08 09:20:53', '2022-05-08 09:20:53'),
(871, 'Wajahat Ali', 'Abid Ali', '19-CHE-90', 4, 38, '2022-05-08 09:20:53', '2022-05-08 09:20:53'),
(872, 'MUHAMMAD SAMEER KHAN', 'MUDASSIR HUSSAIN', '19-CHE-91', 2, 38, '2022-05-08 09:20:53', '2022-05-08 09:20:53'),
(873, 'Khadim Hussain', 'Fazal Ali', '19-CHE-92', 4, 38, '2022-05-08 09:20:53', '2022-05-08 09:20:53'),
(874, 'Muhammad Afzal', 'Muhammad Aslam Solangi', '19/F-CHE-01', 1, 38, '2022-05-08 09:34:32', '2022-05-08 09:34:32'),
(875, 'Muhammad Shams', 'Muhammad Javed', '19/F-CHE-02', 4, 38, '2022-05-08 09:34:32', '2022-05-08 09:34:32'),
(876, 'RAFAY KHAN REHMANI', 'SAQIB MUMTAZ KHAN REHMANI', '19/F-CHE-05', 1, 38, '2022-05-08 09:34:32', '2022-05-08 09:34:32'),
(877, 'AzhARP Ali', 'Rab Dino', '19/F-CHE-06', 4, 38, '2022-05-08 09:34:32', '2022-05-08 09:34:32'),
(878, 'RANA MUHAMMAD AADIL', 'RANA MUHAMMAD WAZEER', '19/F-CHE-07', 1, 38, '2022-05-08 09:34:32', '2022-05-08 09:34:32'),
(879, 'RAFI', 'PERVAIZ MUSHTAQ', '19/F-CHE-08', 4, 38, '2022-05-08 09:34:32', '2022-05-08 09:34:32'),
(880, 'Mohammad FARPaz Masood', 'Abdullah Masood', '19/F-CHE-09', 1, 38, '2022-05-08 09:34:32', '2022-05-08 09:34:32'),
(881, 'MUHAMMAD ALI', 'UMARP SHAH', '19/F-CHE-11', 1, 38, '2022-05-08 09:34:32', '2022-05-08 09:34:32'),
(882, 'Talha Kamran', 'Kamran Ahmed', '19/F-CHE-12', 4, 38, '2022-05-08 09:34:32', '2022-05-08 09:34:32'),
(883, 'Muhammad Ahsan Noor', 'Nooruddin', '19/F-CHE-13', 1, 38, '2022-05-08 09:34:32', '2022-05-08 09:34:32'),
(884, 'Muhammad Shiraz Hanif', 'Muhammad Hanif', '19/F-CHE-14', 4, 38, '2022-05-08 09:34:32', '2022-05-08 09:34:32'),
(885, 'ABDULLAH BIN BASHIR', 'BASHIR AHMED', '19/F-CHE-15', 1, 38, '2022-05-08 09:34:32', '2022-05-08 09:34:32'),
(886, 'MUHAMMAD SAAD KHAN', 'SAGHEER AHMED KHAN', '19/F-CHE-16', 4, 38, '2022-05-08 09:34:32', '2022-05-08 09:34:32'),
(887, 'Noman Ali', 'Naseem Ahmed', '19/F-CHE-17', 1, 38, '2022-05-08 09:34:32', '2022-05-08 09:34:32'),
(888, 'HUNAIN ALI KHAN', 'ABDUL QAYOOM', '19/F-CHE-18', 4, 38, '2022-05-08 09:34:32', '2022-05-08 09:34:32'),
(889, 'Zeeshan Nazir', 'Nazir Ahmed', '19/F-CHE-19', 1, 38, '2022-05-08 09:34:32', '2022-05-08 09:34:32'),
(890, 'ARPbaz Khan', 'Allah YARP', '19/F-CHE-23', 1, 38, '2022-05-08 09:34:32', '2022-05-08 09:34:32'),
(891, 'Muhammad AmmARP', 'Muhammad Ashraf', '19/F-CHE-25', 1, 38, '2022-05-08 09:34:32', '2022-05-08 09:34:32'),
(892, 'MUHAMMAD SIDDIQUE', 'MUHAMMAD YOUNIS', '19/F-CHE-26', 4, 38, '2022-05-08 09:34:32', '2022-05-08 09:34:32'),
(893, 'Muhammad Anas Faheem', 'Faheem Alam', '19/F-CHE-27', 1, 38, '2022-05-08 09:34:32', '2022-05-08 09:34:32'),
(894, 'nimra', 'muhammad iqbal', '19/F-CHE-28', 4, 38, '2022-05-08 09:34:32', '2022-05-08 09:34:32'),
(895, 'Syed Hammad Ahmed', 'Syed Jalil Ur Rehman', '19/F-CHE-29', 1, 38, '2022-05-08 09:34:32', '2022-05-08 09:34:32'),
(896, 'IMAM DIN', 'KAURO  KHAN', '19/F-CHE-30', 4, 38, '2022-05-08 09:34:32', '2022-05-08 09:34:32'),
(897, 'MOHSIN NASEER', 'MUHAMMAD NASEER AHMED', '19/F-CHE-31', 1, 38, '2022-05-08 09:34:32', '2022-05-08 09:34:32'),
(898, 'NARPMEEN', 'SYED ASIF IQBAL', '19/F-CHE-32', 4, 38, '2022-05-08 09:34:32', '2022-05-08 09:34:32'),
(899, 'Agha ARPsalan Ahmed', 'Agha Adnan Ahmed', '19/F-CHE-33', 1, 38, '2022-05-08 09:34:32', '2022-05-08 09:34:32'),
(900, 'SUMRAN NADEEM', 'NADEEM ALEEM', '19/F-CHE-34', 4, 38, '2022-05-08 09:34:32', '2022-05-08 09:34:32'),
(901, 'Abdul Ahad Soomro', 'Shamshad Ahmed Soomro', '19/F-CHE-35', 1, 38, '2022-05-08 09:34:32', '2022-05-08 09:34:32'),
(902, 'AISHA', 'RAJIB ALI', '19/F-CHE-36', 4, 38, '2022-05-08 09:34:32', '2022-05-08 09:34:32'),
(903, 'TOUQEER HUSSAIN', 'NADIR HUSSAIN', '19/F-CHE-37', 1, 38, '2022-05-08 09:34:32', '2022-05-08 09:34:32'),
(904, 'Shamsuddin', 'Shehzado Saleem', '19/F-CHE-38', 4, 38, '2022-05-08 09:34:32', '2022-05-08 09:34:32'),
(905, 'ABDUL QADEEM', 'MUHAMMAD AZEEM', '19/F-CHE-39', 1, 38, '2022-05-08 09:34:32', '2022-05-08 09:34:32'),
(906, 'Uzair Ahmed', 'Hidayatullah', '19/F-CHE-40', 4, 38, '2022-05-08 09:34:32', '2022-05-08 09:34:32'),
(907, 'SAAD ALI', 'WAHID ALI', '19/F-CHE-41', 1, 38, '2022-05-08 09:34:32', '2022-05-08 09:34:32'),
(908, 'MUHAMMAD ILYAS', 'SIRAJ UD DIN', '19/F-CHE-42', 4, 38, '2022-05-08 09:34:32', '2022-05-08 09:34:32'),
(909, 'MUHAMMAD HARPIS RIZWAN', 'MUHAMMAD RIZWAN', '19/F-CHE-43', 1, 38, '2022-05-08 09:34:32', '2022-05-08 09:34:32'),
(910, 'Sajjad Hussain', 'Muhammad Aslam', '19/F-CHE-44', 4, 38, '2022-05-08 09:34:32', '2022-05-08 09:34:32'),
(911, 'FARPman Hussain', 'Imdad Hussain Shaikh', '19/F-CHE-45', 2, 38, '2022-05-08 09:34:32', '2022-05-08 09:34:32'),
(912, 'Muhammad Saad Sultan', 'Khalid Pervaiz', '19/F-CHE-46', 4, 38, '2022-05-08 09:34:32', '2022-05-08 09:34:32'),
(913, 'SYED MUHAMMAD YAHYAH JILANI', 'SYED MUHAMMAD TARPIQ JILANI', '19/F-CHE-47', 2, 38, '2022-05-08 09:34:32', '2022-05-08 09:34:32'),
(914, 'ARPshad Ali', 'Abdul Rasheed Shaikh', '19/F-CHE-50', 4, 38, '2022-05-08 09:34:32', '2022-05-08 09:34:32'),
(915, 'ShARPique Ahmed', 'Shakeel Ahmed', '19/F-CHE-51', 2, 38, '2022-05-08 09:34:32', '2022-05-08 09:34:32'),
(916, 'RASHIDULLAH', 'MIR DOST', '19/F-CHE-52', 4, 38, '2022-05-08 09:34:32', '2022-05-08 09:34:32'),
(917, 'DAWARP KHALID', 'KHALID NIAZ', '19/F-CHE-53', 2, 38, '2022-05-08 09:34:32', '2022-05-08 09:34:32'),
(918, 'shahzadi noor', 'imam-ud-din', '19/F-CHE-54', 4, 38, '2022-05-08 09:34:32', '2022-05-08 09:34:32'),
(919, 'Danish Rathore', 'Kirshan', '19/F-CHE-55', 2, 38, '2022-05-08 09:34:32', '2022-05-08 09:34:32'),
(920, 'KIFAYAT ULLAH KHAN', 'MEER ZARP ALI KHAN', '19/F-CHE-56', 4, 38, '2022-05-08 09:34:32', '2022-05-08 09:34:32'),
(921, 'Labib Ahmed', 'Shafique Ahmed', '19/F-CHE-57', 2, 38, '2022-05-08 09:34:32', '2022-05-08 09:34:32'),
(922, 'MUHAMMAD HAMZA RANA', 'NASIR RANA', '19/F-CHE-58', 4, 38, '2022-05-08 09:34:32', '2022-05-08 09:34:32'),
(923, 'AQIB GUL', 'GUL KHANDAN', '19/F-CHE-59', 2, 38, '2022-05-08 09:34:32', '2022-05-08 09:34:32'),
(924, 'SAHIL', 'VIJAY ANAND', '19/F-CHE-60', 4, 38, '2022-05-08 09:34:32', '2022-05-08 09:34:32'),
(925, 'ZEESHAN ALI', 'HUBDARP ALI BHUTTO', '19/F-CHE-61', 2, 38, '2022-05-08 09:34:32', '2022-05-08 09:34:32'),
(926, 'Imtiaz Ali', 'Phalai Khan', '19/F-CHE-62', 4, 38, '2022-05-08 09:34:32', '2022-05-08 09:34:32'),
(927, 'Fida Hussain', 'Ghulam Hyder', '19/F-CHE-63', 2, 38, '2022-05-08 09:34:32', '2022-05-08 09:34:32'),
(928, 'Hassam Ahmed CHEanna', 'Siraj Ahmed CHEanna', '19/F-CHE-64', 4, 38, '2022-05-08 09:34:32', '2022-05-08 09:34:32'),
(929, 'ABDUR RAAFEY', 'MUHAMMAD ARPIF', '19/F-CHE-65', 2, 38, '2022-05-08 09:34:32', '2022-05-08 09:34:32'),
(930, 'MUHAMMAD FURQAN', 'MUHAMMAD IRFAN', '19/F-CHE-66', 4, 38, '2022-05-08 09:34:32', '2022-05-08 09:34:32'),
(931, 'MUHAMMAD SAQIB', 'ABDUL BARPI', '19/F-CHE-67', 2, 38, '2022-05-08 09:34:32', '2022-05-08 09:34:32'),
(932, 'Abdul Nasir', 'Abdul Hakeem', '19/F-CHE-68', 4, 38, '2022-05-08 09:34:32', '2022-05-08 09:34:32'),
(933, 'AKBARP ABBAS SOLANGI', 'GHULAM HUSSAIN', '19/F-CHE-69', 2, 38, '2022-05-08 09:34:32', '2022-05-08 09:34:32'),
(934, 'Roha RIaz', 'Muhammad Riaz', '19/F-CHE-70', 4, 38, '2022-05-08 09:34:32', '2022-05-08 09:34:32'),
(935, 'MOHSIN IMRAN', 'IMRAN ZAFARP', '19/F-CHE-71', 2, 38, '2022-05-08 09:34:32', '2022-05-08 09:34:32'),
(936, 'SYED MOHIB AHMED RIZVI', 'SYED BAQARP NADEEM RIZVI', '19/F-CHE-72', 4, 38, '2022-05-08 09:34:32', '2022-05-08 09:34:32'),
(937, 'Syed Hammad Ul Hassan', 'Syed Masroor Ul Hassan', '19/F-CHE-74', 4, 38, '2022-05-08 09:34:32', '2022-05-08 09:34:32'),
(938, 'MUHAMMAD SAMEER HAMID', 'HAMID ALI', '19/F-CHE-75', 2, 38, '2022-05-08 09:34:32', '2022-05-08 09:34:32'),
(939, 'ADNAN', 'MUHAMMAD ASLAM', '19/F-CHE-77', 2, 38, '2022-05-08 09:34:32', '2022-05-08 09:34:32'),
(940, 'Shiraz ZafARP Ali CHEanna', 'ZafARP Ali CHEanna', '19/F-CHE-78', 4, 38, '2022-05-08 09:34:32', '2022-05-08 09:34:32'),
(941, 'Waseem Ali', 'Miskeen Ali Gopang', '19/F-CHE-79', 2, 38, '2022-05-08 09:34:32', '2022-05-08 09:34:32'),
(942, 'WAJEEH UL HAQ', 'AMTARP UL HAQ', '19/F-CHE-80', 4, 38, '2022-05-08 09:34:32', '2022-05-08 09:34:32'),
(943, 'MIFRAH AQEEL', 'MUHAMMAD AQEEL AHMED', '19/F-CHE-82', 4, 38, '2022-05-08 09:34:32', '2022-05-08 09:34:32'),
(944, 'Abdul FARPeed', 'Abdul Majeed', '19/F-CHE-83', 2, 38, '2022-05-08 09:34:32', '2022-05-08 09:34:32'),
(945, 'Sanela Sheikh', 'Mansoor Ahmed', '19/F-CHE-84', 4, 38, '2022-05-08 09:34:32', '2022-05-08 09:34:32'),
(946, 'Muzamil Ashraf', 'Mohammad Ashraf', '19/F-CHE-85', 2, 38, '2022-05-08 09:34:32', '2022-05-08 09:34:32'),
(947, 'SAMEER AHMED', 'MUHAMMAD RAFIQ', '19/F-CHE-86', 4, 38, '2022-05-08 09:34:32', '2022-05-08 09:34:32'),
(948, 'MUHAMMAD MATI UR REHMAN', 'MUHAMMAD QSIM', '19/F-CHE-87', 2, 38, '2022-05-08 09:34:32', '2022-05-08 09:34:32'),
(949, 'AALI SHAN ABDULLAH SIDDIQUI', 'ABDUL WAHAB SIDDIQUI', '20F-CHE-01', 1, 37, '2022-05-08 09:34:37', '2022-05-08 09:34:37'),
(950, 'Waheed Ullah', 'Ghulam Muhammad', '20F-CHE-02', 3, 37, '2022-05-08 09:34:37', '2022-05-08 09:34:37'),
(951, 'Muhammad Sohail', 'Abdul Jalil', '20F-CHE-03', 1, 37, '2022-05-08 09:34:37', '2022-05-08 09:34:37'),
(952, 'ALI UR REHMAN KHAN', 'MUHAMMAD SABIR KHAN', '20F-CHE-04', 3, 37, '2022-05-08 09:34:37', '2022-05-08 09:34:37'),
(953, 'MUHAMMAD IBBAD HASSAN', 'TAHIR RAZA', '20F-CHE-05', 1, 37, '2022-05-08 09:34:37', '2022-05-08 09:34:37'),
(954, 'Muhammad UmARP Khan', 'Muhammad Rashid Khan', '20F-CHE-06', 3, 37, '2022-05-08 09:34:37', '2022-05-08 09:34:37'),
(955, 'JAWERIA MUJEEB', 'MUJEEB UR REHMAN', '20F-CHE-08', 1, 37, '2022-05-08 09:34:37', '2022-05-08 09:34:37'),
(956, 'Akram Saif', 'Saif Uddin', '20F-CHE-09', 3, 37, '2022-05-08 09:34:37', '2022-05-08 09:34:37'),
(957, 'Abdul Moiz', 'Abdul Majeed', '20F-CHE-10', 1, 37, '2022-05-08 09:34:37', '2022-05-08 09:34:37'),
(958, 'SHEHZAD GULZAMAN', 'GULZAMAN QURESHI', '20F-CHE-11', 3, 37, '2022-05-08 09:34:37', '2022-05-08 09:34:37'),
(959, 'MUHAMMAD SHAHEER', 'GHULAM RASOOL', '20F-CHE-12', 1, 37, '2022-05-08 09:34:37', '2022-05-08 09:34:37'),
(960, 'Muhammad Sumain Nazim', 'Muhammad Nazim', '20F-CHE-13', 3, 37, '2022-05-08 09:34:37', '2022-05-08 09:34:37'),
(961, 'Rana Faisal Nawaz', 'Mohammad Afzal', '20F-CHE-14', 1, 37, '2022-05-08 09:34:37', '2022-05-08 09:34:37'),
(962, 'ARPiba Iqbal', 'Iqbal Ahmed AnsARPi', '20F-CHE-15', 3, 37, '2022-05-08 09:34:37', '2022-05-08 09:34:37'),
(963, 'Kashan Ali', 'Nasir Ali', '20F-CHE-16', 1, 37, '2022-05-08 09:34:37', '2022-05-08 09:34:37'),
(964, 'Esha Naz', 'Muhammad Aslam', '20F-CHE-17', 3, 37, '2022-05-08 09:34:37', '2022-05-08 09:34:37'),
(965, 'Muhammad Usman Malik', 'MehARP uddin Malik', '20F-CHE-18', 1, 37, '2022-05-08 09:34:37', '2022-05-08 09:34:37'),
(966, 'FARPEEN SHEIKH', 'MUHAMMAD FAHIM', '20F-CHE-19', 3, 37, '2022-05-08 09:34:37', '2022-05-08 09:34:37'),
(967, 'ZAINULABDIN', 'Aziz Ahmed', '20F-CHE-20', 1, 37, '2022-05-08 09:34:37', '2022-05-08 09:34:37'),
(968, 'HAFSA PANHWARP', 'ASHFAQ HUSSAIN PANHWARP', '20F-CHE-22', 1, 37, '2022-05-08 09:34:37', '2022-05-08 09:34:37'),
(969, 'RAO MUHAMMAD ZEESHAN', 'MUHAMMAD ASLAM', '20F-CHE-23', 3, 37, '2022-05-08 09:34:37', '2022-05-08 09:34:37'),
(970, 'HAMDAN KHAN', 'ABDUL HAQ', '20F-CHE-25', 3, 37, '2022-05-08 09:34:37', '2022-05-08 09:34:37'),
(971, 'Tehreem Fatima Javed', 'Javed Iqbal', '20F-CHE-26', 1, 37, '2022-05-08 09:34:37', '2022-05-08 09:34:37'),
(972, 'Mirza Zaid Baig', 'Mirza Javed Baig', '20F-CHE-27', 3, 37, '2022-05-08 09:34:37', '2022-05-08 09:34:37'),
(973, 'MUHAMMAD SAAD UDDIN', 'KHAWAJA MOHIUDDIN', '20F-CHE-28', 1, 37, '2022-05-08 09:34:37', '2022-05-08 09:34:37'),
(974, 'Jhamat', 'Dano Mal', '20F-CHE-29', 3, 37, '2022-05-08 09:34:37', '2022-05-08 09:34:37'),
(975, 'MUHAMMAD AFFAN', 'NAWAB RIAZ AHMED', '20F-CHE-30', 1, 37, '2022-05-08 09:34:37', '2022-05-08 09:34:37'),
(976, 'JALAL JAN', 'ABDUL WAHID', '20F-CHE-31', 3, 37, '2022-05-08 09:34:37', '2022-05-08 09:34:37'),
(977, 'Mirza Ahmed Baig', 'Mirza Mubeen Baig', '20F-CHE-32', 1, 37, '2022-05-08 09:34:37', '2022-05-08 09:34:37'),
(978, 'SHEREEN SHER', 'SHER MUHAMMAD', '20F-CHE-33', 3, 37, '2022-05-08 09:34:37', '2022-05-08 09:34:37'),
(979, 'Jan sher', 'Abid hussain', '20F-CHE-34', 1, 37, '2022-05-08 09:34:37', '2022-05-08 09:34:37'),
(980, 'Iqra wahid', 'Abdul wahid lakhiARP', '20F-CHE-36', 2, 37, '2022-05-08 09:34:37', '2022-05-08 09:34:37'),
(981, 'HAFIZ MUZAMMIL IFTIKHARP', 'IFTIKHARP AHMED', '20F-CHE-37', 4, 37, '2022-05-08 09:34:37', '2022-05-08 09:34:37'),
(982, 'HUMAIR AHMED', 'MUHAMMAD BUX SOOMRO', '20F-CHE-38', 2, 37, '2022-05-08 09:34:37', '2022-05-08 09:34:37'),
(983, 'MUHAMMAD AFFAN', 'MUHAMMAD ASIF', '20F-CHE-39', 4, 37, '2022-05-08 09:34:37', '2022-05-08 09:34:37'),
(984, 'HUZAIFA', 'MUHAMMAD SALEEM', '20F-CHE-40', 2, 37, '2022-05-08 09:34:37', '2022-05-08 09:34:37'),
(985, 'Muhammad Rafay', 'Muhammad shARPif', '20F-CHE-41', 4, 37, '2022-05-08 09:34:37', '2022-05-08 09:34:37'),
(986, 'SAFIA HAMEED', 'ABDUL HAMEED', '20F-CHE-42', 2, 37, '2022-05-08 09:34:37', '2022-05-08 09:34:37'),
(987, 'Muhammad Hamza Kamal', 'Mustafa Kamal', '20F-CHE-43', 4, 37, '2022-05-08 09:34:37', '2022-05-08 09:34:37'),
(988, 'AMMARP ASAD', 'ISRARP AHMED', '20F-CHE-44', 2, 37, '2022-05-08 09:34:37', '2022-05-08 09:34:37'),
(989, 'Sheroze Khan', 'Muhammad Asdaullah Khan Niazi', '20F-CHE-45', 4, 37, '2022-05-08 09:34:37', '2022-05-08 09:34:37'),
(990, 'Muhammad Ali Mughal', 'Muhammad Ayaz Mughal', '20F-CHE-46', 2, 37, '2022-05-08 09:34:37', '2022-05-08 09:34:37'),
(991, 'Muhammad khubaib', 'Muhammad Anwer', '20F-CHE-47', 4, 37, '2022-05-08 09:34:37', '2022-05-08 09:34:37'),
(992, 'SYED MUHAMMAD SAJID HASAN', 'SYED AFZAL HAIDER', '20F-CHE-48', 2, 37, '2022-05-08 09:34:37', '2022-05-08 09:34:37'),
(993, 'Basit Hussain', 'Ghulam Rasool', '20F-CHE-50', 2, 37, '2022-05-08 09:34:37', '2022-05-08 09:34:37'),
(994, 'Muhammad Owais Abbas', 'Abbas Ali', '20F-CHE-51', 4, 37, '2022-05-08 09:34:37', '2022-05-08 09:34:37'),
(995, 'ShehiryARP Jaseem', 'Jaseem Akhter', '20F-CHE-52', 2, 37, '2022-05-08 09:34:37', '2022-05-08 09:34:37'),
(996, 'Adeeba Sabir', 'Muhammad Sabir', '20F-CHE-55', 4, 37, '2022-05-08 09:34:37', '2022-05-08 09:34:37'),
(997, 'MUHAMMAD TAHA', 'MOINUDDIN', '20F-CHE-59', 4, 37, '2022-05-08 09:34:37', '2022-05-08 09:34:37'),
(998, 'NAIMAT ULLAH', 'GHULAM MUSTAFA', '20F-CHE-67', 4, 37, '2022-05-08 09:34:37', '2022-05-08 09:34:37'),
(999, 'SHAHAB ALI', 'NAZEER ALI', '20F-CHE-73', 4, 37, '2022-05-08 09:34:37', '2022-05-08 09:34:37'),
(1000, 'UZAIR AHMED', 'MATEEN AHMED', '20F-CHE-77', 4, 37, '2022-05-08 09:34:37', '2022-05-08 09:34:37'),
(1001, 'ZAIN UL ISLAM ARPFAT', 'YASIR ARPFAT', '20F-CHE-81', 4, 37, '2022-05-08 09:34:37', '2022-05-08 09:34:37'),
(1002, 'USAMA', 'MUHAMMAD KHALID', '20F-CHE-82', 2, 37, '2022-05-08 09:34:37', '2022-05-08 09:34:37'),
(1003, 'ALI HYDER KHAN', 'Muhammmad Shoaib', '20F-CHE-83', 4, 37, '2022-05-08 09:34:37', '2022-05-08 09:34:37'),
(1004, 'ARPun KumARP', 'LalCHEand', '20F-CHE-84', 2, 37, '2022-05-08 09:34:37', '2022-05-08 09:34:37'),
(1005, 'Bazil Owais Nasir', 'Nasir Ahmed', '21/F-CHE-02', 3, 36, '2022-05-08 09:34:42', '2022-05-08 09:34:42'),
(1006, 'kamran', 'wazeer hussain siyal', '21/F-CHE-03', 1, 36, '2022-05-08 09:34:42', '2022-05-08 09:34:42'),
(1007, 'OWAIS BAIG', 'SOHAIL BAIG', '21/F-CHE-04', 3, 36, '2022-05-08 09:34:42', '2022-05-08 09:34:42'),
(1008, 'IbrARP ZafARP', 'ZafARP Hussain', '21/F-CHE-05', 1, 36, '2022-05-08 09:34:42', '2022-05-08 09:34:42'),
(1009, 'Hassan Saleem', 'Muhammad Saleem', '21/F-CHE-06', 3, 36, '2022-05-08 09:34:42', '2022-05-08 09:34:42'),
(1010, 'Nehal Ahmed', 'FARPman Aziz', '21/F-CHE-07', 1, 36, '2022-05-08 09:34:42', '2022-05-08 09:34:42'),
(1011, 'Muhammad Asim Khan', 'Muhammad Naeem Khan', '21/F-CHE-09', 1, 36, '2022-05-08 09:34:42', '2022-05-08 09:34:42'),
(1012, 'Hassan Raza', 'Raza Muhammad', '21/F-CHE-10', 3, 36, '2022-05-08 09:34:42', '2022-05-08 09:34:42'),
(1013, 'Basam Attique', 'Muhammad Attique Khan', '21/F-CHE-12', 3, 36, '2022-05-08 09:34:42', '2022-05-08 09:34:42'),
(1014, 'Syed Ruwaim Ali', 'Syed Sajid Ali', '21/F-CHE-13', 1, 36, '2022-05-08 09:34:42', '2022-05-08 09:34:42'),
(1015, 'Muhammad ARPsalan Bhutto', 'QamARP Uddin Bhutto', '21/F-CHE-14', 3, 36, '2022-05-08 09:34:42', '2022-05-08 09:34:42'),
(1016, 'MUHAMMAD SALMAN AJMAL', 'AJMAL KHAN', '21/F-CHE-15', 1, 36, '2022-05-08 09:34:42', '2022-05-08 09:34:42'),
(1017, 'MUHAMMAD FARPHAN', 'MUHAMMAD SHAMIM', '21/F-CHE-16', 3, 36, '2022-05-08 09:34:42', '2022-05-08 09:34:42'),
(1018, 'Muhammad Nabeel', 'Abdul Razzak', '21/F-CHE-18', 3, 36, '2022-05-08 09:34:42', '2022-05-08 09:34:42'),
(1019, 'Abu BakARP Siddique', 'Muhammad Azam Khan', '21/F-CHE-19', 1, 36, '2022-05-08 09:34:42', '2022-05-08 09:34:42'),
(1020, 'ABDULLAH', 'MUHAMMAD EJAZ', '21/F-CHE-20', 3, 36, '2022-05-08 09:34:42', '2022-05-08 09:34:42'),
(1021, 'KISHOR LAL', 'DHARPSHI', '21/F-CHE-21', 1, 36, '2022-05-08 09:34:42', '2022-05-08 09:34:42'),
(1022, 'MUHAMMAD SADIQ', 'SHABBIR AHMED', '21/F-CHE-22', 3, 36, '2022-05-08 09:34:42', '2022-05-08 09:34:42'),
(1023, 'HAMZA ALI', 'ASGHARP ALI', '21/F-CHE-23', 1, 36, '2022-05-08 09:34:42', '2022-05-08 09:34:42'),
(1024, 'Hazik Hanif', 'Muhammad Hanif', '21/F-CHE-24', 3, 36, '2022-05-08 09:34:42', '2022-05-08 09:34:42'),
(1025, 'Abdul Haseeb Nawaz', 'Shah Nawaz', '21/F-CHE-25', 1, 36, '2022-05-08 09:34:42', '2022-05-08 09:34:42'),
(1026, 'AMAMA TARPIQ', 'M. TARPIQ KHAN', '21/F-CHE-27', 3, 36, '2022-05-08 09:34:42', '2022-05-08 09:34:42'),
(1027, 'MUHAMMAD TALHA IQBAL RANA', 'MUHAMMAD IQBAL KHAN', '21/F-CHE-28', 3, 36, '2022-05-08 09:34:42', '2022-05-08 09:34:42'),
(1028, 'Muhammad Shehroz Furqan', 'Furqan Muhammad', '21/F-CHE-29', 1, 36, '2022-05-08 09:34:42', '2022-05-08 09:34:42'),
(1029, 'Atta Hussain Gopang', 'Aman Ullah Gopang', '21/F-CHE-30', 3, 36, '2022-05-08 09:34:42', '2022-05-08 09:34:42'),
(1030, 'ROHAIL KHAN', 'IZAT KHAN', '21/F-CHE-31', 1, 36, '2022-05-08 09:34:42', '2022-05-08 09:34:42'),
(1031, 'DUA FATIMA AHMED', 'IMRAN AHMED', '21/F-CHE-33', 1, 36, '2022-05-08 09:34:42', '2022-05-08 09:34:42'),
(1032, 'Abdul Rehman', 'Aziz Ul Haq', '21/F-CHE-34', 3, 36, '2022-05-08 09:34:42', '2022-05-08 09:34:42'),
(1033, 'ABDUL RAFIU', 'AZIZULLAH', '21/F-CHE-35', 1, 36, '2022-05-08 09:34:42', '2022-05-08 09:34:42'),
(1034, 'Muhammad Adnan', 'Zahid Khan', '21/F-CHE-36', 3, 36, '2022-05-08 09:34:42', '2022-05-08 09:34:42'),
(1035, 'UMER TANVEER SHAH', 'TANVEER HUSSAIN SHAH', '21/F-CHE-37', 1, 36, '2022-05-08 09:34:42', '2022-05-08 09:34:42'),
(1036, 'Amna Ahmed Sangrasi', 'Nazir Ahmed Sangrasi', '21/F-CHE-39', 1, 36, '2022-05-08 09:34:42', '2022-05-08 09:34:42'),
(1037, 'Saim Akram', 'Muhammad Akram', '21/F-CHE-40', 3, 36, '2022-05-08 09:34:42', '2022-05-08 09:34:42'),
(1038, 'Muhammad ARPsal sohrab', 'Sohrab khan', '21/F-CHE-41', 1, 36, '2022-05-08 09:34:42', '2022-05-08 09:34:42'),
(1039, 'Usman Ali abbasi', 'SHOUKAT ALI', '21/F-CHE-42', 3, 36, '2022-05-08 09:34:42', '2022-05-08 09:34:42'),
(1040, 'Ifrah Noman', 'Muhammad Noman Mateen', '21/F-CHE-43', 1, 36, '2022-05-08 09:34:42', '2022-05-08 09:34:42'),
(1041, 'MUHAMMAD KABEER AKHTER', 'NAVEED AKHTER', '21/F-CHE-44', 4, 36, '2022-05-08 09:34:42', '2022-05-08 09:34:42'),
(1042, 'Muhammad Taha Noman', 'Muhammad Noman Mateen', '21/F-CHE-45', 2, 36, '2022-05-08 09:34:42', '2022-05-08 09:34:42'),
(1043, 'Mirza Shamsheer Ur Rehman Baig', 'Rasheed', '21/F-CHE-46', 4, 36, '2022-05-08 09:34:42', '2022-05-08 09:34:42'),
(1044, 'SAIM YARP KHAN', 'RASHID YARP KHAN', '21/F-CHE-47', 2, 36, '2022-05-08 09:34:42', '2022-05-08 09:34:42'),
(1045, 'Muhammad Faizan', 'Malik Asif Javed', '21/F-CHE-49', 2, 36, '2022-05-08 09:34:42', '2022-05-08 09:34:42'),
(1046, 'Shaheer Mushtaq', 'Mushtaq Ahmed', '21/F-CHE-50', 4, 36, '2022-05-08 09:34:42', '2022-05-08 09:34:42'),
(1047, 'Muhammad Mohsin', 'Muhammad Yousif', '21/F-CHE-51', 2, 36, '2022-05-08 09:34:42', '2022-05-08 09:34:42'),
(1048, 'Hamza Muneer', 'Muneer Khan Yousuf Zai', '21/F-CHE-52', 4, 36, '2022-05-08 09:34:42', '2022-05-08 09:34:42'),
(1049, 'Saifullah ARPif', 'Muhammad ARPif', '21/F-CHE-53', 2, 36, '2022-05-08 09:34:42', '2022-05-08 09:34:42'),
(1050, 'Abdul Rahman', 'Hasan Al-Latih', '21/F-CHE-54', 4, 36, '2022-05-08 09:34:42', '2022-05-08 09:34:42'),
(1051, 'Syed Kashif Ali Shah', 'Syed MazhARP Ali Shah', '21/F-CHE-55', 2, 36, '2022-05-08 09:34:42', '2022-05-08 09:34:42'),
(1052, 'Muhammad ZulqARPnain Alam', 'Alamgir Shahbaz', '21/F-CHE-56', 4, 36, '2022-05-08 09:34:42', '2022-05-08 09:34:42'),
(1053, 'KAZIM ALI', 'ANWARP ALI', '21/F-CHE-57', 2, 36, '2022-05-08 09:34:42', '2022-05-08 09:34:42'),
(1054, 'HAMID SHAHZAD', 'SHAHZADO', '21/F-CHE-58', 4, 36, '2022-05-08 09:34:42', '2022-05-08 09:34:42'),
(1055, 'Kaleem Aman', 'Amanullah', '21/F-CHE-59', 2, 36, '2022-05-08 09:34:42', '2022-05-08 09:34:42'),
(1056, 'Abdul Wahab', 'Saeed Ahmed', '21/F-CHE-60', 4, 36, '2022-05-08 09:34:42', '2022-05-08 09:34:42'),
(1057, 'Rahmatullah', 'Abdul GaffARP', '21/F-CHE-61', 2, 36, '2022-05-08 09:34:42', '2022-05-08 09:34:42'),
(1058, 'MUHAMMAD ALYAN KHALID', 'KHALID RIAZ', '21/F-CHE-62', 4, 36, '2022-05-08 09:34:42', '2022-05-08 09:34:42'),
(1059, 'Summaiya Ali', 'Muhammad Ali CHEana', '21/F-CHE-63', 2, 36, '2022-05-08 09:34:42', '2022-05-08 09:34:42'),
(1060, 'HUZAIFA', 'ABDUL WAHEED', '21/F-CHE-64', 4, 36, '2022-05-08 09:34:42', '2022-05-08 09:34:42'),
(1061, 'Hameedullah', 'Abdul GaffARP', '21/F-CHE-65', 2, 36, '2022-05-08 09:34:42', '2022-05-08 09:34:42'),
(1062, 'Sahil Ali', 'Tufail Ahmed', '21/F-CHE-66', 4, 36, '2022-05-08 09:34:42', '2022-05-08 09:34:42'),
(1063, 'Abbas Ali', 'Abdul Ghani', '21/F-CHE-67', 2, 36, '2022-05-08 09:34:42', '2022-05-08 09:34:42'),
(1064, 'Wasif Mahmood', 'Motesim Mahmood', '21/F-CHE-68', 4, 36, '2022-05-08 09:34:42', '2022-05-08 09:34:42'),
(1065, 'Ali Hassan', 'Abdul Qayyum', '21/F-CHE-69', 2, 36, '2022-05-08 09:34:42', '2022-05-08 09:34:42'),
(1066, 'DANIAL MALIK', 'MUHAMMAD JAVAID', '21/F-CHE-70', 4, 36, '2022-05-08 09:34:42', '2022-05-08 09:34:42'),
(1067, 'Anousha Asif', 'Syed Asif Ali Khurram', '21/F-CHE-71', 2, 36, '2022-05-08 09:34:42', '2022-05-08 09:34:42'),
(1068, 'Shahid Ali', 'AnwARP U Ddin', '21/F-CHE-72', 4, 36, '2022-05-08 09:34:42', '2022-05-08 09:34:42'),
(1069, 'MUHAMMAD AZEEM', 'MUHAMMAD HAFEEZ', '21/F-CHE-73', 2, 36, '2022-05-08 09:34:42', '2022-05-08 09:34:42'),
(1070, 'Daniyal Hamid', 'Hamid Ali', '21/F-CHE-74', 4, 36, '2022-05-08 09:34:42', '2022-05-08 09:34:42'),
(1071, 'Abdul Wajid', 'KHALID BALOCHE', '21/F-CHE-75', 2, 36, '2022-05-08 09:34:42', '2022-05-08 09:34:42'),
(1072, 'Syed Ain Ul Ali Jafri', 'Syed Haider Hussain', '21/F-CHE-76', 4, 36, '2022-05-08 09:34:42', '2022-05-08 09:34:42'),
(1073, 'Imtiaz Ali Jamali', 'ARPz Muhammad Jamali', '21/F-CHE-77', 2, 36, '2022-05-08 09:34:42', '2022-05-08 09:34:42'),
(1074, 'Mohammed Abdullah Ahmed Hasan Al-Gaish', 'Abdullah', '21/F-CHE-78', 4, 36, '2022-05-08 09:34:42', '2022-05-08 09:34:42'),
(1075, 'FARPyal Khan', 'Sultan AfsARP', '21/F-CHE-79', 2, 36, '2022-05-08 09:34:42', '2022-05-08 09:34:42'),
(1076, 'Muhammad Hasnain', 'Muhammad', '21/F-CHE-80', 4, 36, '2022-05-08 09:34:42', '2022-05-08 09:34:42'),
(1077, 'Muhammad Ashad Siddiqui', 'Muhammad Kalid Siddiqui', '21/F-TE-01', 1, 20, '2022-05-08 16:39:02', '2022-05-08 16:39:02'),
(1078, 'NIMRAH MUSHTAQUE', 'MUSHTAQUE AHMED', '21/F-TE-02', 1, 20, '2022-05-08 16:39:02', '2022-05-08 16:39:02'),
(1079, 'SYEDA WAJIHA ZEHRA', 'SYED MASOOD HASSAN MASOOM', '21/F-TE-03', 1, 20, '2022-05-08 16:39:02', '2022-05-08 16:39:02'),
(1080, 'Muhammad Suleman Sahil', 'Asif Peter', '21/F-TE-04', 1, 20, '2022-05-08 16:39:02', '2022-05-08 16:39:02'),
(1081, 'MUHAMMAD UMARP SHAHID', 'MUHAMMAD SHAHID HUSSAIN KHAN', '21/F-TE-05', 1, 20, '2022-05-08 16:39:02', '2022-05-08 16:39:02'),
(1082, 'Shahjahan', 'Muhammad Jan', '21/F-TE-06', 1, 20, '2022-05-08 16:39:02', '2022-05-08 16:39:02'),
(1083, 'Shahwaiz Razi', 'Sohail Razi', '21/F-TE-07', 1, 20, '2022-05-08 16:39:02', '2022-05-08 16:39:02'),
(1084, 'Akshay KumARP', 'BakhtawARP', '21/F-TE-09', 1, 20, '2022-05-08 16:39:02', '2022-05-08 16:39:02'),
(1085, 'ZAWARP ABBAS NAQVI', 'AZFARP ABBAS NAQVI', '21/F-TE-10', 1, 20, '2022-05-08 16:39:02', '2022-05-08 16:39:02'),
(1086, 'Muzammil Murtaza', 'Muhammad Ramzan', '21/F-TE-11', 1, 20, '2022-05-08 16:39:02', '2022-05-08 16:39:02'),
(1087, 'Siraj Ahmed', 'Sajjad Ahmed', '21/F-TE-12', 1, 20, '2022-05-08 16:39:02', '2022-05-08 16:39:02'),
(1088, 'NIDA RAO', 'AFZAL AHMED', '21/F-TE-13', 1, 20, '2022-05-08 16:39:02', '2022-05-08 16:39:02'),
(1089, 'Mustafa MazhARP', 'MazhARP Iqbal', '21/F-TE-14', 1, 20, '2022-05-08 16:39:02', '2022-05-08 16:39:02'),
(1090, 'Muhammad Usman Naeem', 'Abdul Naeem', '21/F-TE-15', 1, 20, '2022-05-08 16:39:02', '2022-05-08 16:39:02'),
(1091, 'MUHAMMAD OWAIS', 'ANWARP-UL-HAQUE', '21/F-TE-16', 1, 20, '2022-05-08 16:39:02', '2022-05-08 16:39:02'),
(1092, 'Ezhan Javed', 'Javed Hussain', '21/F-TE-17', 2, 20, '2022-05-08 16:39:02', '2022-05-08 16:39:02'),
(1093, 'Raza Ali', 'Rajib Ali', '21/F-TE-18', 2, 20, '2022-05-08 16:39:02', '2022-05-08 16:39:02'),
(1094, 'Muhammad SIddique ', 'NisARP Ahmed Khanzada', '21/f-TE-19', 2, 20, '2022-05-08 16:39:02', '2022-05-08 16:39:02'),
(1095, 'Aaliyan Sultan Ul AARPfeen', 'Muhammad Afzal', '21/F-TE-20', 2, 20, '2022-05-08 16:39:02', '2022-05-08 16:39:02'),
(1096, 'Muhammad Huzaifa Awan', 'AsghARP Hussain Awan', '21/F-TE-21', 2, 20, '2022-05-08 16:39:02', '2022-05-08 16:39:02'),
(1097, 'Syed Meesam E Ali', 'Syed Ahsan Ali Shah', '21/F-TE-22', 2, 20, '2022-05-08 16:39:02', '2022-05-08 16:39:02'),
(1098, 'FARPhan Zaheer', 'Zaheer Ahmed', '21/F-TE-23', 2, 20, '2022-05-08 16:39:02', '2022-05-08 16:39:02'),
(1099, 'MUJEEB UR REHMAN', 'MANSOOR AHMED UJJAN', '21/F-TE-24', 2, 20, '2022-05-08 16:39:02', '2022-05-08 16:39:02'),
(1100, 'AIMAN KHAN', 'AMIR HUSSAIN', '21/F-TE-25', 2, 20, '2022-05-08 16:39:02', '2022-05-08 16:39:02'),
(1101, 'Salman ali', 'Muhammad Iqbal', '21/F-TE-26', 2, 20, '2022-05-08 16:39:02', '2022-05-08 16:39:02'),
(1102, 'FAIZAN IQBAL AHMED', 'ASAD IQBAL AHMED', '21/F-TE-27', 2, 20, '2022-05-08 16:39:02', '2022-05-08 16:39:02'),
(1103, 'Muhammad Umer', 'Kamran Hussain', '21/F-TE-28', 2, 20, '2022-05-08 16:39:02', '2022-05-08 16:39:02'),
(1104, 'Muhammad Anas Hussain', 'Muhammad AbrARP Hussain', '21/F-TE-29', 2, 20, '2022-05-08 16:39:02', '2022-05-08 16:39:02'),
(1105, 'SAJJAD HUSSAIN', 'ZAHID HUSSAIN', '21/F-TE-30', 2, 20, '2022-05-08 16:39:02', '2022-05-08 16:39:02'),
(1106, 'Hamza Shafique', 'Muhammad Shafique', '21/F-TE-31', 2, 20, '2022-05-08 16:39:02', '2022-05-08 16:39:02'),
(1107, 'Huzaifa', 'Muhammad sabir', '21/F-TE-32', 2, 20, '2022-05-08 16:39:02', '2022-05-08 16:39:02'),
(1108, 'MUHMMMD ARPSLAN', 'Nazeer Ahmed', '21/F-TE-33', 2, 20, '2022-05-08 16:39:02', '2022-05-08 16:39:02'),
(1109, 'Abdul Rehman', 'Abdullah', '21/F-TE-35', 2, 20, '2022-05-08 16:39:02', '2022-05-08 16:39:02'),
(1110, 'Muhammad Saqib', 'Rustam Ali', '21/F-TE-36', 2, 20, '2022-05-08 16:39:02', '2022-05-08 16:39:02'),
(1111, 'Sohail Abbas', 'Hussain Akber', '20-TE-01', 1, 21, '2022-05-08 16:39:30', '2022-05-08 16:39:30'),
(1112, 'Maaz Bin TARPiq', 'Muhammad TARPiq', '20-TE-03', 1, 21, '2022-05-08 16:39:30', '2022-05-08 16:39:30'),
(1113, 'MUHAMMAD HAMZA ZAKIR', 'MUHAMMAD ZAKIR', '20-TE-04', 1, 21, '2022-05-08 16:39:30', '2022-05-08 16:39:30'),
(1114, 'Neha Nadeem', 'Nadeem Ahmed', '20-TE-05', 1, 21, '2022-05-08 16:39:30', '2022-05-08 16:39:30'),
(1115, 'RUJMAN FATIMA', 'DR RIAZ AHMED', '20-TE-06', 1, 21, '2022-05-08 16:39:30', '2022-05-08 16:39:30'),
(1116, 'FARPZAM MOHSIN', 'MUHAMMAD MOHSIN QURESHI', '20-TE-07', 1, 21, '2022-05-08 16:39:30', '2022-05-08 16:39:30'),
(1117, 'AFREEN SOHAIL', 'SOHAIL AHMED KHAN', '20-TE-09', 1, 21, '2022-05-08 16:39:30', '2022-05-08 16:39:30'),
(1118, 'Preet PARPkash', 'Kishor KumARP', '20-TE-12', 1, 21, '2022-05-08 16:39:30', '2022-05-08 16:39:30'),
(1119, 'FIDA HUSSAIN', 'ALI AKBARP CHEANDIO', '20-TE-13', 1, 21, '2022-05-08 16:39:30', '2022-05-08 16:39:30'),
(1120, 'MUHAMMAD AZHARP KAMAL', 'MUHAMMAD RAFI KAMAL', '20-TE-14', 1, 21, '2022-05-08 16:39:30', '2022-05-08 16:39:30'),
(1121, 'FARPyal Rashid', 'Rashid Ali', '20-TE-18', 1, 21, '2022-05-08 16:39:30', '2022-05-08 16:39:30'),
(1122, 'SUBHAN', 'MUNEER AHMED', '20-TE-19', 1, 21, '2022-05-08 16:39:30', '2022-05-08 16:39:30'),
(1123, 'MARPy', 'Javed Bhatti', '20-TE-21', 1, 21, '2022-05-08 16:39:30', '2022-05-08 16:39:30'),
(1124, 'Muhammad Mesum Ali', 'AkbARP Ali', '20-TE-22', 1, 21, '2022-05-08 16:39:30', '2022-05-08 16:39:30'),
(1125, 'Rubab Batool', 'Rais Ahmed', '20-TE-24', 1, 21, '2022-05-08 16:39:30', '2022-05-08 16:39:30'),
(1126, 'Muhammad Haseeb Khalil', 'Khalil Khan', '20-TE-27', 2, 21, '2022-05-08 16:39:30', '2022-05-08 16:39:30'),
(1127, 'Muhammad Maaz', 'Ghulam Mustafa', '20-TE-29', 2, 21, '2022-05-08 16:39:30', '2022-05-08 16:39:30'),
(1128, 'Muhammad Muzzamil Ahmed', 'Sajid Ahmed', '20-TE-33', 2, 21, '2022-05-08 16:39:30', '2022-05-08 16:39:30'),
(1129, 'SOHEERA NADEEM', 'MUHAMMAD NADEEM AKBER', '20-TE-43', 2, 21, '2022-05-08 16:39:30', '2022-05-08 16:39:30'),
(1130, 'Zulkaif Abdul Qadir', 'Amir Hussain', '20-TE-51', 2, 21, '2022-05-08 16:39:30', '2022-05-08 16:39:30'),
(1131, 'Usama shafaqat', 'Shafaqat Ali', '20-TE-52', 2, 21, '2022-05-08 16:39:30', '2022-05-08 16:39:30'),
(1132, 'wajid ali', 'Qurban ali', '20-TE-53', 2, 21, '2022-05-08 16:39:30', '2022-05-08 16:39:30'),
(1133, 'Kashif Fida', 'Fida Hussain', '20-TE-54', 2, 21, '2022-05-08 16:39:30', '2022-05-08 16:39:30'),
(1134, 'MUHAMMAD KASHAN KHAN', 'ABDUL KASHIF', '20-TE-55', 2, 21, '2022-05-08 16:39:30', '2022-05-08 16:39:30'),
(1135, 'VISHAL', 'MOHEN', '20-TE-56', 2, 21, '2022-05-08 16:39:30', '2022-05-08 16:39:30'),
(1136, 'SAADAT MUGHALBAIG', 'MUGHAL', '20-TE-57', 2, 21, '2022-05-08 16:39:30', '2022-05-08 16:39:30'),
(1137, 'NISARP ALI', 'GHULAM ALI', '20-TE-58', 2, 21, '2022-05-08 16:39:30', '2022-05-08 16:39:30'),
(1138, 'SAIF UR REHMAN', 'MUHAMMAD RASHEED', '20-TE-59', 2, 21, '2022-05-08 16:39:30', '2022-05-08 16:39:30'),
(1139, 'BENAZIR', 'NAWAB KHAN LAKHAIR', '20-TE-60', 2, 21, '2022-05-08 16:39:30', '2022-05-08 16:39:30'),
(1140, 'RAO AHSAN FARPYAD', 'FARPYAD ALI RAJPUT', '20-TE-61', 2, 21, '2022-05-08 16:39:30', '2022-05-08 16:39:30'),
(1141, 'Muhammad Ghufran Ali', 'GhazanfARP Ali', '19/F-TE-64', 1, 22, '2022-05-08 16:40:16', '2022-05-08 16:40:16'),
(1142, 'Samiullah', 'Kaleemullah PanhwARP', '19/F-TE-34', 1, 22, '2022-05-08 16:40:16', '2022-05-08 16:40:16'),
(1143, 'MUHAMMAD ABID', 'MUHAMMAD SHAMIM AHMED KHAN', '19/F-TE-40', 1, 22, '2022-05-08 16:40:16', '2022-05-08 16:40:16'),
(1144, 'Adeeba Kamal', 'Kamal Uddin', '19/F-TE-62', 1, 22, '2022-05-08 16:40:16', '2022-05-08 16:40:16'),
(1145, 'OMER NOMAN RIAZ', 'RIAZ UD DIN', '19/F-TE-52', 1, 22, '2022-05-08 16:40:16', '2022-05-08 16:40:16'),
(1146, 'Huzaifa Ibn-e-Tanveer', 'Tanveer Ahmed', '19/F-TE-15', 1, 22, '2022-05-08 16:40:16', '2022-05-08 16:40:16'),
(1147, 'FAJARP IFTIKHARP', 'IFTIKHARP AHMED GHUMAN', '19/F-TE-19', 1, 22, '2022-05-08 16:40:16', '2022-05-08 16:40:16'),
(1148, 'BISMA ZAHID KHAN', 'ZAHID AMEER KHAN', '19/F-TE-07', 1, 22, '2022-05-08 16:40:16', '2022-05-08 16:40:16'),
(1149, 'MAHNOOR', 'MUHAMMAD HAFEEZ', '19/F-TE-32', 1, 22, '2022-05-08 16:40:16', '2022-05-08 16:40:16'),
(1150, 'Nimra Shabbir Khan', 'Muhammad Shabbir Khan', '19/F-TE-33', 1, 22, '2022-05-08 16:40:16', '2022-05-08 16:40:16'),
(1151, 'MARPYAM KHALID QURESHI', 'KHALID QURESHI', '19/F-TE-58', 1, 22, '2022-05-08 16:40:16', '2022-05-08 16:40:16'),
(1152, 'ASBAH SHAHID', 'SHAHID IQBAL SIDDIQUI', '19/F-TE-50', 1, 22, '2022-05-08 16:40:16', '2022-05-08 16:40:16'),
(1153, 'SOBIA IRFAN', 'MOHAMMAD IRFAN', '19/F-TE-56', 1, 22, '2022-05-08 16:40:16', '2022-05-08 16:40:16'),
(1154, 'EMAN ANWAARP', 'MUHAMMAD ANWARP AHMED QURESHI', '19/F-TE-49', 1, 22, '2022-05-08 16:40:16', '2022-05-08 16:40:16'),
(1155, 'ADIL AHMED SIDDIQUI', 'RIZWAN AHMED SIDDIQUI', '19/F-TE-69', 1, 22, '2022-05-08 16:40:16', '2022-05-08 16:40:16'),
(1156, 'ARPsalan', 'Muhamad Nawaz', '19/F-TE-66', 1, 22, '2022-05-08 16:40:16', '2022-05-08 16:40:16'),
(1157, 'BISMA AFROZ KHAN', 'MUSHTAQ AHMED KHAN', '19/F-TE-71', 1, 22, '2022-05-08 16:40:16', '2022-05-08 16:40:16'),
(1158, 'SYED ARPEEB HASSAN ABIDI', 'SYED IQBAL HUSSAIN ABIDI', '19/F-TE-65', 1, 22, '2022-05-08 16:40:16', '2022-05-08 16:40:16'),
(1159, 'MAJID', 'MUHAMMAD YOUSUF', '19/F-TE-72', 1, 22, '2022-05-08 16:40:16', '2022-05-08 16:40:16'),
(1160, 'Saqib Hussain', 'Ghullam Hussain', '19/F-TE-26', 1, 22, '2022-05-08 16:40:16', '2022-05-08 16:40:16'),
(1161, 'GHULAM ASGHARP', 'GHULAM AKBARP', '19/F-TE-54', 2, 22, '2022-05-08 16:40:16', '2022-05-08 16:40:16'),
(1162, 'Shama Ali', 'Ali Hassan', '19/F-TE-63', 2, 22, '2022-05-08 16:40:16', '2022-05-08 16:40:16'),
(1163, 'GHULAM MURTAZA', 'GHULAM RASOOL', '19/F-TE-67', 2, 22, '2022-05-08 16:40:16', '2022-05-08 16:40:16'),
(1164, 'Yusra rehman', 'Atiq ur rehman khan', '19/F-TE-13', 2, 22, '2022-05-08 16:40:16', '2022-05-08 16:40:16'),
(1165, 'Shayan Shaikh', 'Shakeel Anwer', '19/F-TE-08', 2, 22, '2022-05-08 16:40:16', '2022-05-08 16:40:16'),
(1166, 'Jansher', 'Sher Muhammad', '19/F-TE-09', 2, 22, '2022-05-08 16:40:16', '2022-05-08 16:40:16'),
(1167, 'Muhammad Ans', 'Jawaid Iqbal', '19/F-TE-27', 2, 22, '2022-05-08 16:40:16', '2022-05-08 16:40:16'),
(1168, 'Muhammad Sufiyan', 'Abdul Salam', '19/F-TE-36', 2, 22, '2022-05-08 16:40:16', '2022-05-08 16:40:16'),
(1169, 'elaf ali', 'asif mirza', '20/F-19/F-TE-18', 2, 21, '2022-05-08 16:40:16', '2022-05-08 16:40:16'),
(1170, 'Muhammad Noman', 'Muhammad Rehman', '19/F-TE-35', 2, 22, '2022-05-08 16:40:16', '2022-05-08 16:40:16'),
(1171, 'Muhammad Awais', 'Muhammad Hussain', '19/F-TE-59', 2, 22, '2022-05-08 16:40:16', '2022-05-08 16:40:16'),
(1172, 'Hirtik KumARP', 'Suneel KumARP', '19/F-TE-53', 2, 22, '2022-05-08 16:40:16', '2022-05-08 16:40:16'),
(1173, 'KARPimdad', 'Sodho khan', '19/F-TE-57', 2, 22, '2022-05-08 16:40:16', '2022-05-08 16:40:16'),
(1174, 'ARPsalan Ahmed', 'Ghulam AsghARP', '19/F-TE-70', 2, 22, '2022-05-08 16:40:16', '2022-05-08 16:40:16'),
(1175, 'HASHAM', 'ALLAH DIN', '19/F-TE-68', 2, 22, '2022-05-08 16:40:16', '2022-05-08 16:40:16'),
(1176, 'Ahnaf Abdul Nasir', 'Abdul Nasir', '19/F-TE-06', 2, 22, '2022-05-08 16:40:16', '2022-05-08 16:40:16'),
(1177, 'MubashARP Saddique', 'Muhammad saddique', '19/F-TE-24', 2, 22, '2022-05-08 16:40:16', '2022-05-08 16:40:16'),
(1178, 'ABDULLAHI FATAH ALI', 'FATAH ALI', '19/F-TE-21', 2, 22, '2022-05-08 16:40:16', '2022-05-08 16:40:16'),
(1179, 'Jalal Khan', 'Rasheed Ahmed', '19/F-TE-47', 2, 22, '2022-05-08 16:40:16', '2022-05-08 16:40:16'),
(1180, 'Muhammad Suhail', 'Ghulam Nabi', '19/F-TE-46', 2, 22, '2022-05-08 16:40:16', '2022-05-08 16:40:16'),
(1181, 'Kashish Devi', 'ThakARP Das', '19/f-TE-17', 1, 22, '2022-05-08 16:40:26', '2022-05-08 16:40:26'),
(1182, 'RUBAB AZMI', 'ABU AMIR AZMI', '19-TE-01', 1, 22, '2022-05-08 16:40:26', '2022-05-08 16:40:26'),
(1183, 'Muhammad Hazim', 'Muhammad Akram', '19-TE-02', 1, 22, '2022-05-08 16:40:26', '2022-05-08 16:40:26'),
(1184, 'MARPyam Sajid', 'Sajid Hussain Bhatti', '19-TE-03', 1, 22, '2022-05-08 16:40:26', '2022-05-08 16:40:26'),
(1185, 'SAWAIRA HABIB', 'HABIB UR REHMAN', '19-TE-04', 1, 22, '2022-05-08 16:40:26', '2022-05-08 16:40:26'),
(1186, 'Nauman Ali', 'Ali Mohammad', '19-TE-05', 1, 22, '2022-05-08 16:40:26', '2022-05-08 16:40:26'),
(1187, 'MUHAMMAD HUZAIFA KHAN', 'MUHAMMAD AKRAM KHAN', '19-TE-06', 1, 22, '2022-05-08 16:40:26', '2022-05-08 16:40:26'),
(1188, 'Danish Hussain', 'Abdul Rashid', '19-TE-07', 1, 22, '2022-05-08 16:40:26', '2022-05-08 16:40:26'),
(1189, 'IZAAN ALI', 'AMJAD ALI', '19-TE-08', 1, 22, '2022-05-08 16:40:26', '2022-05-08 16:40:26'),
(1190, 'SUMRA AMJAD', 'AMJAD ALI', '19-TE-09', 1, 22, '2022-05-08 16:40:26', '2022-05-08 16:40:26'),
(1191, 'RIJA ANSARPI', 'MUHAMMAD HARPOON ANSARPI', '19-TE-10', 1, 22, '2022-05-08 16:40:26', '2022-05-08 16:40:26'),
(1192, 'Ayesha Jabeen', 'Sohail Ahmed Malick', '19-TE-11', 1, 22, '2022-05-08 16:40:26', '2022-05-08 16:40:26'),
(1193, 'Saeed FARPooq Saeed Abdullah\'', 'FARPooq Saeed Abdullah\'', '19-TE-12', 1, 22, '2022-05-08 16:40:26', '2022-05-08 16:40:26'),
(1194, 'MAHEEN SWALEHEEN', 'MUHAMMAD SWALEHEEN', '19-TE-13', 1, 22, '2022-05-08 16:40:26', '2022-05-08 16:40:26'),
(1195, 'HAFSA SHAMIM', 'MUHAMMAD SHAMIM', '19-TE-14', 1, 22, '2022-05-08 16:40:26', '2022-05-08 16:40:26'),
(1196, 'FAHAD HUSSAIN', 'NAZEER AHMED', '19-TE-15', 1, 22, '2022-05-08 16:40:26', '2022-05-08 16:40:26'),
(1197, 'ARPsalan Ullah Khan', 'BARPkat Ullah Khan', '19-TE-16', 1, 22, '2022-05-08 16:40:26', '2022-05-08 16:40:26'),
(1198, 'Suhaib Ahmed', 'NisARP Ahmed', '19-TE-18', 1, 22, '2022-05-08 16:40:26', '2022-05-08 16:40:26'),
(1199, 'ATTAULLAH', 'GHULAM MUSTAFA', '19-TE-19', 1, 22, '2022-05-08 16:40:26', '2022-05-08 16:40:26'),
(1200, 'Abdul Haseeb', 'Jamil Ahmed', '19-TE-20', 1, 22, '2022-05-08 16:40:26', '2022-05-08 16:40:26'),
(1201, 'Muhammad Nadeem', 'Basheer Ahmed', '19-TE-22', 2, 22, '2022-05-08 16:40:26', '2022-05-08 16:40:26'),
(1202, 'Mairaj Khan', 'Meer Khan', '19-TE-23', 2, 22, '2022-05-08 16:40:26', '2022-05-08 16:40:26'),
(1203, 'Huzair Khan', 'Hasil Zada', '19-TE-24', 2, 22, '2022-05-08 16:40:26', '2022-05-08 16:40:26'),
(1204, 'Abdul Qadir', 'Asif Hussain', '19-TE-25', 2, 22, '2022-05-08 16:40:26', '2022-05-08 16:40:26'),
(1205, 'Syed Ali Zaid', 'Syed Abdul KARPim', '19-TE-26', 2, 22, '2022-05-08 16:40:26', '2022-05-08 16:40:26'),
(1206, 'Aqib Yaseen', 'Muhammad Yaseen', '19-TE-27', 2, 22, '2022-05-08 16:40:26', '2022-05-08 16:40:26'),
(1207, 'NOOR NABI KHAN', 'NAZEER AHMED', '19-TE-28', 2, 22, '2022-05-08 16:40:26', '2022-05-08 16:40:26'),
(1208, 'Muhammad Danish QaisARP', 'Muhammad QaisARP Imam', '19-TE-29', 2, 22, '2022-05-08 16:40:26', '2022-05-08 16:40:26'),
(1209, 'Sadat Sayad', 'Sayad Muhammad', '19-TE-30', 2, 22, '2022-05-08 16:40:26', '2022-05-08 16:40:26'),
(1210, 'IIMAD UD DIN', 'ZAKA ULLAH', '19-TE-31', 2, 22, '2022-05-08 16:40:26', '2022-05-08 16:40:26'),
(1211, 'Amna Saeed', 'Abdul Saeed', '19-TE-32', 2, 22, '2022-05-08 16:40:26', '2022-05-08 16:40:26'),
(1212, 'Muhsan Ali', 'SikandARP Ali', '19-TE-34', 2, 22, '2022-05-08 16:40:26', '2022-05-08 16:40:26'),
(1213, 'Muhammad Faizan', 'Niaz Muhammad', '19-TE-35', 2, 22, '2022-05-08 16:40:26', '2022-05-08 16:40:26'),
(1214, 'Abdullah', 'ghulam shabir', '19-TE-36', 2, 22, '2022-05-08 16:40:26', '2022-05-08 16:40:26'),
(1215, 'Muhammad Noman', 'Muhammad Ayoob', '19-TE-38', 2, 22, '2022-05-08 16:40:26', '2022-05-08 16:40:26'),
(1216, 'NOMAN ALI', 'NOOR MOHAMMAD TAGARP', '19-TE-39', 2, 22, '2022-05-08 16:40:26', '2022-05-08 16:40:26'),
(1217, 'MUHAMMAD FUZAIL', 'MUHAMMAD SARPFARPAZ', '19-TE-40', 2, 22, '2022-05-08 16:40:26', '2022-05-08 16:40:26'),
(1218, 'Waqas Ahmed', 'IftikhARP Ahmed', '19-TE-41', 2, 22, '2022-05-08 16:40:26', '2022-05-08 16:40:26'),
(1219, 'Mohammad Umer', 'Aseel Zada Khan', '19-PG-03', 1, 54, '2022-05-08 16:46:58', '2022-05-08 16:46:58'),
(1220, 'Atia-tur-Rehman', 'TARPiq Mehmood', '19-PG-04', 1, 54, '2022-05-08 16:46:58', '2022-05-08 16:46:58'),
(1221, 'Mohammad AshARP Baig', 'Mirza AkbARP Baig', '19-PG-10', 1, 54, '2022-05-08 16:46:58', '2022-05-08 16:46:58'),
(1222, 'MUHAMMAD OSAMA', 'MIRZA PARPWEEZ AKHTER', '19-PG-11', 1, 54, '2022-05-08 16:46:58', '2022-05-08 16:46:58'),
(1223, 'Shafi Mohammad', 'Mir Mohammad', '19-PG-12', 1, 54, '2022-05-08 16:46:58', '2022-05-08 16:46:58'),
(1224, 'Abdul Rafey', 'Mehtab Ali', '19-PG-14', 1, 54, '2022-05-08 16:46:58', '2022-05-08 16:46:58'),
(1225, 'Rahzan Ali', 'Muhammad Sadique', '19-PG-15', 1, 54, '2022-05-08 16:46:58', '2022-05-08 16:46:58'),
(1226, 'usama sajid bozdARP', 'sajid hussain', '19-PG-17', 1, 54, '2022-05-08 16:46:58', '2022-05-08 16:46:58'),
(1227, 'MEHMOOD UL HASSAN', 'GHULAM ABBAS', '19-PG-18', 1, 54, '2022-05-08 16:46:58', '2022-05-08 16:46:58'),
(1228, 'ABDUL MANAN', 'ABDUL RAZZAQUE', '19-PG-22', 1, 54, '2022-05-08 16:46:58', '2022-05-08 16:46:58'),
(1229, 'Junaid Ali', 'AnwARP Ali', '19-PG-24', 1, 54, '2022-05-08 16:46:58', '2022-05-08 16:46:58'),
(1230, 'Samiullah', 'Inamullah', '19-PG-25', 1, 54, '2022-05-08 16:46:58', '2022-05-08 16:46:58'),
(1231, 'Syed Muhammad Usama', 'Muhammad Abdul Hafeez Shah', '19-PG-26', 1, 54, '2022-05-08 16:46:58', '2022-05-08 16:46:58'),
(1232, 'Ali Hassan', 'Abdul Majeed', '19-PG-29', 1, 54, '2022-05-08 16:46:58', '2022-05-08 16:46:58'),
(1233, 'Hazrat Zubair', 'BARPam', '19-PG-30', 1, 54, '2022-05-08 16:46:58', '2022-05-08 16:46:58'),
(1234, 'Ammad Ahmed ARPain', 'Muhammad ARPif Bashir', '19-PG-32', 1, 54, '2022-05-08 16:46:58', '2022-05-08 16:46:58'),
(1235, 'Zabeehulah', 'Ghulam Muhammad', '19-PG-33', 1, 54, '2022-05-08 16:46:58', '2022-05-08 16:46:58'),
(1236, 'HARPIS SHAH', 'ZAHIR SHAH BACHEA', '19-PG-35', 1, 54, '2022-05-08 16:46:58', '2022-05-08 16:46:58'),
(1237, 'BARPIYA KHAN', 'MUHAMMAD IQBAL', '19-PG-36', 1, 54, '2022-05-08 16:46:58', '2022-05-08 16:46:58'),
(1238, 'Abdul Rauf', 'Abdul Wahid', '19-PG-37', 1, 54, '2022-05-08 16:46:58', '2022-05-08 16:46:58'),
(1239, 'SIJAD ALI', 'MUHAMMAD ASHRAF', '19-PG-38', 1, 54, '2022-05-08 16:46:58', '2022-05-08 16:46:58'),
(1240, 'Ghous Bakhsh', 'Ahmed Bakhsh', '19-PG-39', 1, 54, '2022-05-08 16:46:58', '2022-05-08 16:46:58'),
(1241, 'umair abid', 'Muhammad abid', '19-PG-41', 1, 54, '2022-05-08 16:46:58', '2022-05-08 16:46:58'),
(1242, 'GhazanfARP Riaz', 'Muhammad Riaz', '19-PG-42', 1, 54, '2022-05-08 16:46:58', '2022-05-08 16:46:58'),
(1243, 'Rehan Ahmed', 'IsrARP ul hassan', '19-PG-43', 1, 54, '2022-05-08 16:46:58', '2022-05-08 16:46:58'),
(1244, 'ZulfiquARP Ali', 'Abdullah', '19-PG-44', 1, 54, '2022-05-08 16:46:58', '2022-05-08 16:46:58'),
(1245, 'Muhammad Fahad', 'Muhammad Ilyas', '19-PG-45', 1, 54, '2022-05-08 16:46:58', '2022-05-08 16:46:58');
INSERT INTO `duet_students` (`id`, `first_name`, `last_name`, `roll_no`, `section`, `batch_id`, `created_at`, `updated_at`) VALUES
(1246, 'Shan Ul Haq', 'Abdul Haq', '19-PG-46', 1, 54, '2022-05-08 16:46:58', '2022-05-08 16:46:58'),
(1247, 'Zahir Muhammad Khattak', 'Noor Muhammad Khattak', '19-PG-47', 1, 54, '2022-05-08 16:46:58', '2022-05-08 16:46:58'),
(1248, 'Maniu Ahmed', 'NisARP Ahmed', '19-PG-48', 1, 54, '2022-05-08 16:46:58', '2022-05-08 16:46:58'),
(1249, 'MUHAMMAD USAMA HUSSAIN', 'MUHAMMAD HUSSAIN', '19-PG-49', 1, 54, '2022-05-08 16:46:58', '2022-05-08 16:46:58'),
(1250, 'Shahzaib', 'Allah Bux', '19-PG-50', 1, 54, '2022-05-08 16:46:58', '2022-05-08 16:46:58'),
(1251, 'Muhammad Shoaib', 'Muhammad Khan', '19-PG-51', 1, 54, '2022-05-08 16:46:58', '2022-05-08 16:46:58'),
(1252, 'UmARP FARPooq', 'Abdul Rahman', '19-PG-52', 1, 54, '2022-05-08 16:46:58', '2022-05-08 16:46:58'),
(1253, 'Abdullah', 'Sajan', '19-PG-53', 1, 54, '2022-05-08 16:46:58', '2022-05-08 16:46:58'),
(1254, 'Ali MunwARP', 'MunwARP Hussain ARPain', '19-PG-54', 1, 54, '2022-05-08 16:46:58', '2022-05-08 16:46:58'),
(1255, 'Malik Muhammad Ehtesham', 'Muhammad Nadeem', '19-PG-55', 1, 54, '2022-05-08 16:46:58', '2022-05-08 16:46:58'),
(1256, 'WASEEM ALI', 'ALI BUX', '19-PG-56', 1, 54, '2022-05-08 16:46:58', '2022-05-08 16:46:58'),
(1257, 'Junaid Ahmed', 'SIKANDARP ALI', '19-PG-57', 1, 54, '2022-05-08 16:46:58', '2022-05-08 16:46:58'),
(1258, 'Assadullah', 'Muhammad Bux', '19-PG-58', 1, 54, '2022-05-08 16:46:58', '2022-05-08 16:46:58'),
(1259, 'S. Rais -Ul-Hassan', 'S. Muhammad Agha', '19-PG-59', 1, 54, '2022-05-08 16:46:58', '2022-05-08 16:46:58'),
(1260, 'JAMSHAID AHMED', 'JAWED AHMED SOOMRO', '19-PG-60', 1, 54, '2022-05-08 16:46:58', '2022-05-08 16:46:58'),
(1261, 'Shahzad Gulab', 'Gulab Dad', '19-PG-61', 1, 54, '2022-05-08 16:46:58', '2022-05-08 16:46:58'),
(1262, 'Ahmad Hussain', 'Jamal Khan', '19-PG-62', 1, 54, '2022-05-08 16:46:58', '2022-05-08 16:46:58'),
(1263, 'MUHAMMAD FASIH AHMED FAROOQUI', 'MUHAMMAD NOOR AHMED FARPOOQUI', '19/F-PG-01', 1, 54, '2022-05-08 16:47:07', '2022-05-08 16:47:07'),
(1264, 'KARPeem Hussain', 'Inayat Hussain', '19/F-PG-02', 1, 54, '2022-05-08 16:47:07', '2022-05-08 16:47:07'),
(1265, 'UMNA ZAKIR', 'ZAKIR PERVEZ', '19/F-PG-03', 1, 54, '2022-05-08 16:47:07', '2022-05-08 16:47:07'),
(1266, 'MUHAMMAD SAAD ENAM SHEIKH', 'ENAM UR REHMAN', '19/F-PG-05', 1, 54, '2022-05-08 16:47:07', '2022-05-08 16:47:07'),
(1267, 'SHOAIB ASGHARP', 'ASGHARP ALI', '19/F-PG-14', 1, 54, '2022-05-08 16:47:07', '2022-05-08 16:47:07'),
(1268, 'Daniyal khan', 'DilfARPaz', '19/F-PG-15', 1, 54, '2022-05-08 16:47:07', '2022-05-08 16:47:07'),
(1269, 'IBADULLAH', 'KHALID KHAN', '19/F-PG-17', 1, 54, '2022-05-08 16:47:07', '2022-05-08 16:47:07'),
(1270, 'IMRANULLAH', 'REHMATULLAH', '19/F-PG-19', 1, 54, '2022-05-08 16:47:07', '2022-05-08 16:47:07'),
(1271, 'DEEPAK KUMARP', 'GUNES RAM', '19/F-PG-20', 1, 54, '2022-05-08 16:47:07', '2022-05-08 16:47:07'),
(1272, 'Muhammad Saad', 'Muhammad Faheem', '19/F-PG-22', 1, 54, '2022-05-08 16:47:07', '2022-05-08 16:47:07'),
(1273, 'Sameer Ahmed', 'Mir Mohammad Alias ZafARP Ahmed', '19/F-PG-23', 1, 54, '2022-05-08 16:47:07', '2022-05-08 16:47:07'),
(1274, 'Muhammad Zeerak Muallim', 'Imran Muallim', '19/F-PG-24', 1, 54, '2022-05-08 16:47:07', '2022-05-08 16:47:07'),
(1275, 'Saqlain Aslam', 'Muhammad Aslam Kiani', '19/F-PG-25', 1, 54, '2022-05-08 16:47:07', '2022-05-08 16:47:07'),
(1276, 'USMAN FAIZ', 'ABDUL SAMAD', '19/F-PG-26', 1, 54, '2022-05-08 16:47:07', '2022-05-08 16:47:07'),
(1277, 'MUHAMMAD BILAL', 'MUHAMMAD IQBAL', '19/F-PG-29', 1, 54, '2022-05-08 16:47:07', '2022-05-08 16:47:07'),
(1278, 'QamARP Zaman', 'YARP Mohammad', '19/F-PG-30', 1, 54, '2022-05-08 16:47:07', '2022-05-08 16:47:07'),
(1279, 'Uzair Ahmed', 'Abdul Qadir', '19/F-PG-31', 1, 54, '2022-05-08 16:47:07', '2022-05-08 16:47:07'),
(1280, 'MUHAMMAD MUZAMIL', 'MUHAMMAD IRFAN', '19/F-PG-32', 1, 54, '2022-05-08 16:47:07', '2022-05-08 16:47:07'),
(1281, 'MUSWARP HUSSAIN', 'AHMED KHAN', '19/F-PG-33', 1, 54, '2022-05-08 16:47:07', '2022-05-08 16:47:07'),
(1282, 'MUHAMMAD USMAN', 'SAWAI', '19/F-PG-34', 1, 54, '2022-05-08 16:47:07', '2022-05-08 16:47:07'),
(1283, 'ahmed mujtaba', 'shARPaf u din', '19/F-PG-37', 1, 54, '2022-05-08 16:47:07', '2022-05-08 16:47:07'),
(1284, 'Muhamamd Fiaz', 'Abdul Shakoor', '19/F-PG-39', 1, 54, '2022-05-08 16:47:07', '2022-05-08 16:47:07'),
(1285, 'Kashif', 'Zahir Shah', '19/F-PG-40', 1, 54, '2022-05-08 16:47:07', '2022-05-08 16:47:07'),
(1286, 'AMNA GHAFFARP', 'ABDUL GHAFFARP', '19/F-PG-41', 1, 54, '2022-05-08 16:47:07', '2022-05-08 16:47:07'),
(1287, 'Javeria Batool', 'Nadeem Ahmed Lodhi', '19/F-PG-42', 1, 54, '2022-05-08 16:47:07', '2022-05-08 16:47:07'),
(1288, 'SYED MOIZ ALI', 'SYED SHAHID ALI', '19/F-PG-43', 1, 54, '2022-05-08 16:47:07', '2022-05-08 16:47:07'),
(1289, 'Sami Ullah', 'Khair Muhammad', '19/F-PG-44', 1, 54, '2022-05-08 16:47:07', '2022-05-08 16:47:07'),
(1290, 'Shahzaib', 'Muhammad Ayaz', '19/F-PG-45', 1, 54, '2022-05-08 16:47:07', '2022-05-08 16:47:07'),
(1291, 'Mumtaz Ali', 'Muhammad Sallah', '19/F-PG-47', 1, 54, '2022-05-08 16:47:07', '2022-05-08 16:47:07'),
(1292, 'Ahmer Shabbir', 'Shabbir Ahmed', '19/F-PG-49', 1, 54, '2022-05-08 16:47:07', '2022-05-08 16:47:07'),
(1293, 'IMRAN ALI', 'NOOR MUHAMMAD', '19/F-PG-52', 1, 54, '2022-05-08 16:47:07', '2022-05-08 16:47:07'),
(1294, 'SAAD AHMED SHAMSI', 'YAQOOB AHMED', '19/F-PG-53', 1, 54, '2022-05-08 16:47:07', '2022-05-08 16:47:07'),
(1295, 'Muhammad Umer Siddiqui', 'Muhammad Ather Siddiqui', '19/F-PG-54', 1, 54, '2022-05-08 16:47:07', '2022-05-08 16:47:07'),
(1296, 'Ali', 'Muhammad AnwAR', '19/F-PG-55', 1, 54, '2022-05-08 16:47:07', '2022-05-08 16:47:07'),
(1297, 'Bilal Khan Yousufzai', 'Abdul Rehman Khan', '19/F-PG-57', 1, 54, '2022-05-08 16:47:07', '2022-05-08 16:47:07'),
(1298, 'JUNAID ARPIF FARPOOQUI', 'ARPIF HUSSAIN FARPOOQUI', '19/F-PG-58', 1, 54, '2022-05-08 16:47:07', '2022-05-08 16:47:07'),
(1299, 'Nek Muhammad', 'Abdul Samad', '19/F-PG-59', 1, 54, '2022-05-08 16:47:07', '2022-05-08 16:47:07'),
(1300, 'SYED MOHAMMAD MOHSIN', 'SYED AHSAN ALI SHAH', '19/F-PG-60', 1, 54, '2022-05-08 16:47:07', '2022-05-08 16:47:07'),
(1301, 'Waheed Ali', 'Adam Ali', '19/F-PG-61', 1, 54, '2022-05-08 16:47:07', '2022-05-08 16:47:07'),
(1302, 'GhazanfARP Ali', 'Himat Ali', '20/F-19/F-PG-18', 1, 53, '2022-05-08 16:47:07', '2022-05-08 16:47:07'),
(1303, 'Gul Hasnain', 'Abdul Aziz', '20-PG-01', 1, 53, '2022-05-08 16:47:14', '2022-05-08 16:47:14'),
(1304, 'BILAL AHMED', 'ZULFIQARP ALI TABASSUM', '20-PG-02', 1, 53, '2022-05-08 16:47:14', '2022-05-08 16:47:14'),
(1305, 'Amir Khan', 'Fazal Muhammad Afridi', '20-PG-04', 1, 53, '2022-05-08 16:47:14', '2022-05-08 16:47:14'),
(1306, 'Suresh KumARP', 'Manghan Mal', '20-PG-05', 1, 53, '2022-05-08 16:47:14', '2022-05-08 16:47:14'),
(1307, 'DANIYAL AHMED', 'QURBAN ALI', '20-PG-06', 1, 53, '2022-05-08 16:47:14', '2022-05-08 16:47:14'),
(1308, 'SAIF UR REHMAN', 'SABIR ALI', '20-PG-07', 1, 53, '2022-05-08 16:47:14', '2022-05-08 16:47:14'),
(1309, 'FARPooq Ahmed', 'Imtiaz Ahmed', '20-PG-08', 1, 53, '2022-05-08 16:47:14', '2022-05-08 16:47:14'),
(1310, 'DilawARP Hussain', 'GulzARP Hussain', '20-PG-09', 1, 53, '2022-05-08 16:47:14', '2022-05-08 16:47:14'),
(1311, 'Muhammad faizan tahir', 'Hafeez tahir', '20-PG-10', 1, 53, '2022-05-08 16:47:14', '2022-05-08 16:47:14'),
(1312, 'aasARP ahmed', 'ghulam murtaza', '20-PG-11', 1, 53, '2022-05-08 16:47:14', '2022-05-08 16:47:14'),
(1313, 'Aakash', 'Hakim', '20-PG-12', 1, 53, '2022-05-08 16:47:14', '2022-05-08 16:47:14'),
(1314, 'Hassan Mufeez', 'Muhammad Mufeez uddin', '20-PG-13', 1, 53, '2022-05-08 16:47:14', '2022-05-08 16:47:14'),
(1315, 'Muhammad Ahsan Afridi', 'Jamil Ahmed Afridi', '20-PG-15', 1, 53, '2022-05-08 16:47:14', '2022-05-08 16:47:14'),
(1316, 'Abdul Mateen', 'Abdul Hameed', '20-PG-17', 1, 53, '2022-05-08 16:47:14', '2022-05-08 16:47:14'),
(1317, 'MARPYAM AKHTER', 'AKHTER ALI', '20-PG-19', 1, 53, '2022-05-08 16:47:14', '2022-05-08 16:47:14'),
(1318, 'VIJAY KUMARP', 'MADAN LAL', '20-PG-20', 1, 53, '2022-05-08 16:47:14', '2022-05-08 16:47:14'),
(1319, 'MUZAMMIL', 'MUHAMMAD RAFIQ', '20-PG-22', 1, 53, '2022-05-08 16:47:14', '2022-05-08 16:47:14'),
(1320, 'samnoon hayder ansARP masood', 'ansARP mehmood', '20-PG-25', 1, 53, '2022-05-08 16:47:14', '2022-05-08 16:47:14'),
(1321, 'MASOOD HAIDER SHAH', 'SHAFQAT HUSSAIN SHAH', '20-PG-26', 1, 53, '2022-05-08 16:47:14', '2022-05-08 16:47:14'),
(1322, 'Mohsin Khalid', 'khalid Ahmed balah', '20-PG-27', 1, 53, '2022-05-08 16:47:14', '2022-05-08 16:47:14'),
(1323, 'Muhammad Sulaiman', 'Janat GUl', '20-PG-28', 1, 53, '2022-05-08 16:47:14', '2022-05-08 16:47:14'),
(1324, 'Yumna Yameen', 'Muhammad Yamin', '20-PG-43', 1, 53, '2022-05-08 16:47:14', '2022-05-08 16:47:14'),
(1325, 'Huzaifa Ghani', 'Abdul Ghani', '20-PG-47', 1, 53, '2022-05-08 16:47:14', '2022-05-08 16:47:14'),
(1326, 'Muhammad Ahmer', 'Abdul Rauf', '20-PG-48', 1, 53, '2022-05-08 16:47:14', '2022-05-08 16:47:14'),
(1327, 'AWAIS ARPSHAD', 'ALI DINO ALIAS ARPSHAD', '20-PG-49', 1, 53, '2022-05-08 16:47:14', '2022-05-08 16:47:14'),
(1328, 'Ibad Ali', 'Sajjad Hussain', '20-PG-50', 1, 53, '2022-05-08 16:47:14', '2022-05-08 16:47:14'),
(1329, 'Durdana Zehra', 'Ghulam Raza', '21/F-PG-04', 1, 52, '2022-05-08 16:47:22', '2022-05-08 16:47:22'),
(1330, 'taha majid', 'syed majid', '21/F-PG-06', 1, 52, '2022-05-08 16:47:22', '2022-05-08 16:47:22'),
(1331, 'UMAIR MALIK', 'MUHAMMAD SALEEM', '21/F-PG-10', 1, 52, '2022-05-08 16:47:22', '2022-05-08 16:47:22'),
(1332, 'Ali Mujtaba Malkani', 'Ali GohARP Malkani', '21/F-PG-11', 1, 52, '2022-05-08 16:47:22', '2022-05-08 16:47:22'),
(1333, 'Afra Siddiqui', 'Naeem Ahmed Siddiqui', '21/F-PG-12', 1, 52, '2022-05-08 16:47:22', '2022-05-08 16:47:22'),
(1334, 'ABDUL QADIR SOLANGI', 'ABDUL RAZAQUE SOLANGI', '21/F-PG-13', 1, 52, '2022-05-08 16:47:22', '2022-05-08 16:47:22'),
(1335, 'Tahseen ullah', 'Abdul Haq', '21/F-PG-14', 1, 52, '2022-05-08 16:47:22', '2022-05-08 16:47:22'),
(1336, 'MUHAMMAD USMAN', 'ATHARP HUSSAIN SHAH', '21/F-PG-15', 1, 52, '2022-05-08 16:47:22', '2022-05-08 16:47:22'),
(1337, 'ADNAN MUREED', 'MUREED HUSSAIN', '21/F-PG-16', 1, 52, '2022-05-08 16:47:22', '2022-05-08 16:47:22'),
(1338, 'Umer Faisal', 'Shahzada Faisal Obedullah', '21/F-PG-18', 1, 52, '2022-05-08 16:47:22', '2022-05-08 16:47:22'),
(1339, 'Mehtab', 'Hashmat Khan', '21/F-PG-19', 1, 52, '2022-05-08 16:47:22', '2022-05-08 16:47:22'),
(1340, 'Syed Muhammad Azzan Nadeem', 'Syed Nadeem Hussain', '21/F-PG-20', 1, 52, '2022-05-08 16:47:22', '2022-05-08 16:47:22'),
(1341, 'Noman Khan', 'Juma Gul', '21/F-PG-21', 1, 52, '2022-05-08 16:47:22', '2022-05-08 16:47:22'),
(1342, 'MUHAMMAD USERIM', 'MUHAMMAD ARPOUB', '21/F-PG-22', 1, 52, '2022-05-08 16:47:22', '2022-05-08 16:47:22'),
(1343, 'muhammad latif moiz', 'sabir hussain qureshi', '21/F-PG-23', 1, 52, '2022-05-08 16:47:22', '2022-05-08 16:47:22'),
(1344, 'SYED ZAIN UL IBAD ALI ZAIDI', 'SYED IBRAHIM ALI ZAIDI', '21/F-PG-24', 1, 52, '2022-05-08 16:47:22', '2022-05-08 16:47:22'),
(1345, 'Muhammad Hassan Khan', 'Javaid Akhter Khan', '21/F-PG-25', 1, 52, '2022-05-08 16:47:22', '2022-05-08 16:47:22'),
(1346, 'Muhammad Sohail Ahmed', 'Bilal Ahmed', '21/F-PG-26', 1, 52, '2022-05-08 16:47:22', '2022-05-08 16:47:22'),
(1347, 'HAMID ALI', 'HAFEEZ AHMED', '21/F-PG-27', 1, 52, '2022-05-08 16:47:22', '2022-05-08 16:47:22'),
(1348, 'Ukasha Khan', 'Muhammad SafdARP Saleem', '21/F-PG-28', 1, 52, '2022-05-08 16:47:22', '2022-05-08 16:47:22'),
(1349, 'Ali Naeem', 'Muhammad Naeem', '21/F-PG-29', 1, 52, '2022-05-08 16:47:22', '2022-05-08 16:47:22'),
(1350, 'Eibadullah', 'Muhammad Ilyas', '21/F-PG-30', 1, 52, '2022-05-08 16:47:22', '2022-05-08 16:47:22'),
(1351, 'Faizan Ali', 'PARPvez Ali', '21/F-PG-31', 1, 52, '2022-05-08 16:47:22', '2022-05-08 16:47:22'),
(1352, 'ShaheryARP Ali', 'Qamer Din', '21/F-PG-32', 1, 52, '2022-05-08 16:47:22', '2022-05-08 16:47:22'),
(1353, 'Bilal', 'Muhammad Akram', '21/F-PG-33', 1, 52, '2022-05-08 16:47:22', '2022-05-08 16:47:22'),
(1354, 'ABU HURAIRA', 'MUZAFARP IQBAL', '21/F-PG-34', 1, 52, '2022-05-08 16:47:22', '2022-05-08 16:47:22'),
(1355, 'Manahil Fatima', 'Muhammad Jawed Musheer', '21/F-PG-36', 1, 52, '2022-05-08 16:47:22', '2022-05-08 16:47:22'),
(1356, 'Usman Amir', 'Amir Hussain', '21/F-PG-37', 1, 52, '2022-05-08 16:47:22', '2022-05-08 16:47:22'),
(1357, 'MUHAMMAD HUZAIFA KHAN', 'MUHAMMAD AFZAL KHAN', '21/F-PG-38', 1, 52, '2022-05-08 16:47:22', '2022-05-08 16:47:22'),
(1358, 'shah muhammad wajahat hussain', 'muhammad shafqat hussain', '21/F-PG-39', 1, 52, '2022-05-08 16:47:22', '2022-05-08 16:47:22'),
(1359, 'Zamin Ali', 'Ali Ahmed', '21/F-PG-40', 1, 52, '2022-05-08 16:47:22', '2022-05-08 16:47:22'),
(1360, 'Abdullah Akif', 'Akif Hussain', '19/F-19-MM-7', 1, 50, '2022-05-08 16:53:12', '2022-05-08 16:53:12'),
(1361, 'Wajahat AnsARP', 'AnsARP Shah', '19-MM-02', 1, 50, '2022-05-08 16:53:12', '2022-05-08 16:53:12'),
(1362, 'Ameer Hamza Siddiqui', 'Abdus Sami Siddiqui', '19-MM-08', 1, 50, '2022-05-08 16:53:12', '2022-05-08 16:53:12'),
(1363, 'SYED MUHAMMAD ALI', 'SYED ASHRAF ALI', '19-MM-10', 1, 50, '2022-05-08 16:53:12', '2022-05-08 16:53:12'),
(1364, 'ABDUL MOIZ', 'ABID SAEED', '19-MM-19', 1, 50, '2022-05-08 16:53:12', '2022-05-08 16:53:12'),
(1365, 'Abdullah', 'Imdad Ali Bhutto', '19-MM-21', 1, 50, '2022-05-08 16:53:12', '2022-05-08 16:53:12'),
(1366, 'KOMAL SOLANGI', 'ALLAH OBAHIYO SOLANGI', '19-MM-22', 1, 50, '2022-05-08 16:53:12', '2022-05-08 16:53:12'),
(1367, 'S.M.BAQARP ABBAS ZAIDI', 'S.M.AHSAN IQBAL ZAIDI', '19-MM-23', 1, 50, '2022-05-08 16:53:12', '2022-05-08 16:53:12'),
(1368, 'Muhammad TARPiq', 'Manzoor Hussain', '19-MM-26', 1, 50, '2022-05-08 16:53:12', '2022-05-08 16:53:12'),
(1369, 'Amjad Ali', 'Mushtaque Ali', '19-MM-30', 1, 50, '2022-05-08 16:53:12', '2022-05-08 16:53:12'),
(1370, 'MUHAMMAD MUJEEB QURESHI', 'MUHAMMAD HAMEED QURESHI', '19-MM-31', 1, 50, '2022-05-08 16:53:12', '2022-05-08 16:53:12'),
(1371, 'Anas Hassan', 'Muhammad Younis', '19-MM-32', 1, 50, '2022-05-08 16:53:12', '2022-05-08 16:53:12'),
(1372, 'Muhammad ARPif', 'Mushtaq Ahmed', '19-MM-34', 1, 50, '2022-05-08 16:53:12', '2022-05-08 16:53:12'),
(1373, 'Ayesha Ali', 'Rahat Ali', '19-MM-38', 1, 50, '2022-05-08 16:53:12', '2022-05-08 16:53:12'),
(1374, 'SYED MUDDASSIR RAZA', 'SYED SOULAT RAZA', '19-MM-39', 1, 50, '2022-05-08 16:53:12', '2022-05-08 16:53:12'),
(1375, 'MUHAMMAD HASSAN', 'GHULAM MUSTAFA', '19-MM-41', 1, 50, '2022-05-08 16:53:12', '2022-05-08 16:53:12'),
(1376, 'Hasnain', 'Ghulam hassan', '19-MM-42', 1, 50, '2022-05-08 16:53:12', '2022-05-08 16:53:12'),
(1377, 'Madan Mohan', 'Ashok', '19-MM-43', 1, 50, '2022-05-08 16:53:12', '2022-05-08 16:53:12'),
(1378, 'Abdul wahid', 'Abdul Khalique', '19-MM-44', 1, 50, '2022-05-08 16:53:12', '2022-05-08 16:53:12'),
(1379, 'Zaib Ali', 'Abdul Ghafoor Rajput', '19-MM-45', 1, 50, '2022-05-08 16:53:12', '2022-05-08 16:53:12'),
(1380, 'UNAIN ANJUM', 'NAVEED ANJUM', '19-MM-46', 1, 50, '2022-05-08 16:53:12', '2022-05-08 16:53:12'),
(1381, 'Syed Muhammad Hamza IftikhARP', 'IftikhARP Hussain', '19-MM-47', 1, 50, '2022-05-08 16:53:12', '2022-05-08 16:53:12'),
(1382, 'Salman Khan', 'Muhammad Khamisso', '19-MM-48', 1, 50, '2022-05-08 16:53:12', '2022-05-08 16:53:12'),
(1383, 'Rashid Hussain', 'Shafa Ali', '19-MM-49', 1, 50, '2022-05-08 16:53:12', '2022-05-08 16:53:12'),
(1384, 'ABDUL BASIT', 'ABDUL KHALIQUE', '19-MM-50', 1, 50, '2022-05-08 16:53:12', '2022-05-08 16:53:12'),
(1385, 'Naveed Hyder', 'Ghulam Hyder', '19-MM-51', 1, 50, '2022-05-08 16:53:12', '2022-05-08 16:53:12'),
(1386, 'Syed Muhammad Hussain Abidi', 'Syed Muhammad Abbas Abidi', '19-MM-52', 1, 50, '2022-05-08 16:53:12', '2022-05-08 16:53:12'),
(1387, 'Asad Ullah', 'Badshah Waheed', '19-MM-53', 1, 50, '2022-05-08 16:53:12', '2022-05-08 16:53:12'),
(1388, 'Abul khair', 'Abdul Samad', '19-MM-54', 1, 50, '2022-05-08 16:53:12', '2022-05-08 16:53:12'),
(1389, 'Muhammad Anas', 'AnwARP Ali', '19-MM-55', 1, 50, '2022-05-08 16:53:12', '2022-05-08 16:53:12'),
(1390, 'ANUS', 'Abdul Rehman', '19-MM-56', 1, 50, '2022-05-08 16:53:12', '2022-05-08 16:53:12'),
(1391, 'Zeesham Ali', 'DilawARP Khan', '19-MM-57', 1, 50, '2022-05-08 16:53:12', '2022-05-08 16:53:12'),
(1392, 'sARPfARPaz', 'ghulam sARPwARP nARPejo', '19/F-MM-05', 1, 50, '2022-05-08 16:53:20', '2022-05-08 16:53:20'),
(1393, 'ALI KHAN', 'MUMTAZ KHAN', '19/F-MM-09', 1, 50, '2022-05-08 16:53:20', '2022-05-08 16:53:20'),
(1394, 'IBRAHIM RAHIM', 'RAHIM BAKHSH', '19/F-MM-10', 1, 50, '2022-05-08 16:53:20', '2022-05-08 16:53:20'),
(1395, 'HAIDER ALI KHAN', 'HABIBULLAH KHAN', '19/F-MM-14', 1, 50, '2022-05-08 16:53:20', '2022-05-08 16:53:20'),
(1396, 'Rafay TARPiq Khan', 'Muhammad TARPiq Khan', '19/F-MM-17', 1, 50, '2022-05-08 16:53:20', '2022-05-08 16:53:20'),
(1397, 'USMAN AHMED', 'SAJAD AHMED', '19/F-MM-19', 1, 50, '2022-05-08 16:53:20', '2022-05-08 16:53:20'),
(1398, 'ASADULLAH NAVEED', 'NAVEED ALAM DURRANI', '19/F-MM-27', 1, 50, '2022-05-08 16:53:20', '2022-05-08 16:53:20'),
(1399, 'Shahzaib', 'ARPbab Khan', '19/F-MM-28', 1, 50, '2022-05-08 16:53:20', '2022-05-08 16:53:20'),
(1400, 'Abdur Rehman ZafARP', 'Syed ZafARP Ahmed', '19/F-MM-29', 1, 50, '2022-05-08 16:53:20', '2022-05-08 16:53:20'),
(1401, 'FALAK ABBAS', 'MALIK MAZHARP ABBAS', '19/F-MM-30', 1, 50, '2022-05-08 16:53:20', '2022-05-08 16:53:20'),
(1402, 'Hammad Ahmed', 'Ahmed Rauf', '19/F-MM-31', 1, 50, '2022-05-08 16:53:20', '2022-05-08 16:53:20'),
(1403, 'MUHAMMAD AHMED', 'TARPIQ AZIZ', '19/F-MM-32', 1, 50, '2022-05-08 16:53:20', '2022-05-08 16:53:20'),
(1404, 'Sheikh Muhammad Abbas', 'Muhammad Imran', '19/F-MM-33', 1, 50, '2022-05-08 16:53:20', '2022-05-08 16:53:20'),
(1405, 'Yasir Ali', 'Muhammad Yousif', '19/F-MM-34', 1, 50, '2022-05-08 16:53:20', '2022-05-08 16:53:20'),
(1406, 'Muhammad Mubashir', 'Aijaz Ahmed', '19/F-MM-35', 1, 50, '2022-05-08 16:53:20', '2022-05-08 16:53:20'),
(1407, 'Muhammad Rajul QamARP', 'Rao QamARP ul Islam', '19/F-MM-37', 1, 50, '2022-05-08 16:53:20', '2022-05-08 16:53:20'),
(1408, 'Syed Mustafa Madni', 'Syed Siraj-Ud-Din', '19/F-MM-38', 1, 50, '2022-05-08 16:53:20', '2022-05-08 16:53:20'),
(1409, 'Abdullah Aijaz', 'Aijaz Ahmed', '19/F-MM-39', 1, 50, '2022-05-08 16:53:20', '2022-05-08 16:53:20'),
(1410, 'HUZOOR BUX', 'WALI MOHAMMAD', '19/F-MM-40', 1, 50, '2022-05-08 16:53:20', '2022-05-08 16:53:20'),
(1411, 'ZAQIB ISHAQUE', 'MUHAMMAD ISHAQUE', '19/F-MM-41', 1, 50, '2022-05-08 16:53:20', '2022-05-08 16:53:20'),
(1412, 'Muhammad Annus', 'Zameer Ahmed Khan', '19/F-MM-42', 1, 50, '2022-05-08 16:53:20', '2022-05-08 16:53:20'),
(1413, 'Muhammad Sherz Sadiq', 'Saeed Sadiq', '19/F-MM-44', 1, 50, '2022-05-08 16:53:20', '2022-05-08 16:53:20'),
(1414, 'GHULAM MURTAZA', 'ILLAHI BUX', '19/F-MM-45', 1, 50, '2022-05-08 16:53:20', '2022-05-08 16:53:20'),
(1415, 'MAIMOONA AMJAD', 'MUHAMMAD AMJAD BASHIR SHEIKH', '19/F-MM-46', 1, 50, '2022-05-08 16:53:20', '2022-05-08 16:53:20'),
(1416, 'Afaque Ahmed', 'Muhammad Ramzan', '19/F-MM-47', 1, 50, '2022-05-08 16:53:20', '2022-05-08 16:53:20'),
(1417, 'Ubaidullah khan', 'zARPdad khan', '19/F-MM-48', 1, 50, '2022-05-08 16:53:20', '2022-05-08 16:53:20'),
(1418, 'Sualeha Fahim', 'Moahammad Fahim Khan', '19/F-MM-49', 1, 50, '2022-05-08 16:53:20', '2022-05-08 16:53:20'),
(1419, 'Saeed Ahmed Bhutto', 'Muhammad AnwARP Bhutto', '19/F-MM-50', 1, 50, '2022-05-08 16:53:20', '2022-05-08 16:53:20'),
(1420, 'Abdul Moiz AnsARPi', 'Mushtaq Ahmed AnsARPi', '19/F-MM-51', 1, 50, '2022-05-08 16:53:20', '2022-05-08 16:53:20'),
(1421, 'HIFZA TUFAIL', 'TUFAIL AHMED', '19/F-MM-52', 1, 50, '2022-05-08 16:53:20', '2022-05-08 16:53:20'),
(1422, 'Yamna faisal', 'Faisal rasheed', '19/F-MM-53', 1, 50, '2022-05-08 16:53:20', '2022-05-08 16:53:20'),
(1423, 'Khizra rehman', 'Atiq ur rehman khan', '19/F-MM-54', 1, 50, '2022-05-08 16:53:20', '2022-05-08 16:53:20'),
(1424, 'SYED MUHAMMAD HUMZA', 'SYED MUHAMMAD ALI', '19/F-MM-55', 1, 50, '2022-05-08 16:53:20', '2022-05-08 16:53:20'),
(1425, 'RAJAB ALI', 'GHULAM MUHAMMAD', '19/F-MM-56', 1, 50, '2022-05-08 16:53:20', '2022-05-08 16:53:20'),
(1426, 'AYESHA RIAZ', 'MUHAMMAD RIAZ', '19/F-MM-57', 1, 50, '2022-05-08 16:53:20', '2022-05-08 16:53:20'),
(1427, 'Muhammad Huzaifa Azam', 'Muhammad Azam', '19/F-MM-58', 1, 50, '2022-05-08 16:53:20', '2022-05-08 16:53:20'),
(1428, 'Asad Hussain', 'Altaf Hussain', '19/F-MM-59', 1, 50, '2022-05-08 16:53:20', '2022-05-08 16:53:20'),
(1429, 'Ghulam Mehdi', 'Muhammad Ashraf', '20-MM-10', 1, 49, '2022-05-08 16:53:27', '2022-05-08 16:53:27'),
(1430, 'MUHAMMAD HAMZA', 'ALI ZAMAN', '20-MM-15', 1, 49, '2022-05-08 16:53:27', '2022-05-08 16:53:27'),
(1431, 'M.FARPooq Afridi', 'YARP Alam Khan', '20-MM-16', 1, 49, '2022-05-08 16:53:27', '2022-05-08 16:53:27'),
(1432, 'Amir', 'Ameer Bux CHEandio', '20-MM-19', 1, 49, '2022-05-08 16:53:27', '2022-05-08 16:53:27'),
(1433, 'MUHAMMAD RAZA', 'SHAFIQ REHMAN', '20-MM-23', 1, 49, '2022-05-08 16:53:27', '2022-05-08 16:53:27'),
(1434, 'Nayab Fatima', 'Sajad Hussain', '20-MM-24', 1, 49, '2022-05-08 16:53:27', '2022-05-08 16:53:27'),
(1435, 'Ayesha Akram', 'Abdul Akram', '20-MM-25', 1, 49, '2022-05-08 16:53:27', '2022-05-08 16:53:27'),
(1436, 'Rahima Haneen', 'Nadeem Ahmed', '20-MM-33', 1, 49, '2022-05-08 16:53:27', '2022-05-08 16:53:27'),
(1437, 'UBAID ULLAH RAFIQUE', 'MUHAMMAD RAFIQUE ALAM', '20-MM-45', 1, 49, '2022-05-08 16:53:27', '2022-05-08 16:53:27'),
(1438, 'RAO MAAZ NASIR', 'NASIR ALI', '20-MM-47', 1, 49, '2022-05-08 16:53:27', '2022-05-08 16:53:27'),
(1439, 'Ali Hamza', 'AzhARP Javed', '20-MM-48', 1, 49, '2022-05-08 16:53:27', '2022-05-08 16:53:27'),
(1440, 'Waqas Nazeer', 'Muhammad Nazeer Khan', '20-MM-50', 1, 49, '2022-05-08 16:53:27', '2022-05-08 16:53:27'),
(1441, 'MARPYAM', 'TANVEER ALI', '20-MM-54', 1, 49, '2022-05-08 16:53:27', '2022-05-08 16:53:27'),
(1442, 'Sayed Ghayoor Abbas Shah', 'Sayed Ameer Hussain Shah', '20-MM-55', 1, 49, '2022-05-08 16:53:27', '2022-05-08 16:53:27'),
(1443, 'Shahzain Ali', 'DeedARP Ali', '20-MM-58', 1, 49, '2022-05-08 16:53:27', '2022-05-08 16:53:27'),
(1444, 'Ali Abbas', 'Abdul Hameed', '20-MM-59', 1, 49, '2022-05-08 16:53:27', '2022-05-08 16:53:27'),
(1445, 'QADEER ALI', 'ALI SHER', '20-MM-62', 1, 49, '2022-05-08 16:53:27', '2022-05-08 16:53:27'),
(1446, 'UMAIR UMARP', 'UMARP HAYAT', '21/F-MM-01', 1, 48, '2022-05-08 16:53:33', '2022-05-08 16:53:33'),
(1447, 'SYEDA MARPYAM ALI', 'SYED MUHAMMAD ALI', '21/F-MM-02', 1, 48, '2022-05-08 16:53:33', '2022-05-08 16:53:33'),
(1448, 'Ali Mehdi', 'Aashique Hussain', '21/F-MM-04', 1, 48, '2022-05-08 16:53:33', '2022-05-08 16:53:33'),
(1449, 'KULSOOM NABIA', 'MUHAMMAD MUJAHID', '21/F-MM-07', 1, 48, '2022-05-08 16:53:33', '2022-05-08 16:53:33'),
(1450, 'Muhammad FARPaz', 'Muhammad Yasin', '21/F-MM-11', 1, 48, '2022-05-08 16:53:33', '2022-05-08 16:53:33'),
(1451, 'ABDUL REHMAN KHAN', 'MUHAMMAD QASIM KHAN', '21/F-MM-16', 1, 48, '2022-05-08 16:53:33', '2022-05-08 16:53:33'),
(1452, 'ISRARP KHAN', 'MUHAMMAD ASGHARP KHAN', '21/F-MM-20', 1, 48, '2022-05-08 16:53:33', '2022-05-08 16:53:33'),
(1453, 'Syed Uzair Ahmed', 'Syed Ghulam Haider', '21/F-MM-25', 1, 48, '2022-05-08 16:53:33', '2022-05-08 16:53:33'),
(1454, 'MUHAMMAD UBAID', 'MUHAMMAD MUJAHID', '21/F-MM-26', 1, 48, '2022-05-08 16:53:33', '2022-05-08 16:53:33'),
(1455, 'Amber Masood', 'Masood Alam', '21/F-MM-27', 1, 48, '2022-05-08 16:53:33', '2022-05-08 16:53:33'),
(1456, 'MUHAMMAD ALI SHAIKH', 'SHAIKH NADEEM', '21/F-MM-28', 1, 48, '2022-05-08 16:53:33', '2022-05-08 16:53:33'),
(1457, 'MUHAMMAD AMMARP IQBAL', 'SHAHID IQBAL', '21/F-MM-29', 1, 48, '2022-05-08 16:53:33', '2022-05-08 16:53:33'),
(1458, 'SYED MUHAMMAD NAJAM ABBAS', 'SYED HASSAN ABBAS', '21/F-MM-31', 1, 48, '2022-05-08 16:53:33', '2022-05-08 16:53:33'),
(1459, 'ABEER BIN AZAM', 'MUHAMMAD AZAM NAQVI', '21/F-MM-32', 1, 48, '2022-05-08 16:53:33', '2022-05-08 16:53:33'),
(1460, 'MUHAMMAD MUZAMMIL', 'NADEEM AKHTER', '21/F-MM-34', 1, 48, '2022-05-08 16:53:33', '2022-05-08 16:53:33'),
(1461, 'OM PIRKASH', 'BHAWANI SHANKER', '21/F-MM-37', 1, 48, '2022-05-08 16:53:33', '2022-05-08 16:53:33'),
(1462, 'Nayab fatima', 'IntizARP nabi', '21/F-MM-38', 1, 48, '2022-05-08 16:53:33', '2022-05-08 16:53:33'),
(1463, 'GULSHER', 'ABID HUSSAIN', '21/F-MM-39', 1, 48, '2022-05-08 16:53:33', '2022-05-08 16:53:33'),
(1464, 'Salman Ali', 'Mehmood Ali', '21/F-MM-40', 1, 48, '2022-05-08 16:53:33', '2022-05-08 16:53:33'),
(1465, 'FARPhan Yaseen', 'Muhammad Yaseen', '21/F-MM-41', 1, 48, '2022-05-08 16:53:33', '2022-05-08 16:53:33'),
(1466, 'HAMZA KHAN', 'SAHIB KHAN', '21/F-MM-42', 1, 48, '2022-05-08 16:53:33', '2022-05-08 16:53:33'),
(1467, 'Mirza Hamza Ali Baig', 'Aijaz Baig', '21/F-MM-43', 1, 48, '2022-05-08 16:53:33', '2022-05-08 16:53:33'),
(1468, 'Muhammad Umer', 'Himayat Ali', '21/F-MM-44', 1, 48, '2022-05-08 16:53:33', '2022-05-08 16:53:33'),
(1469, 'Muhammad Maaz Hussain', 'Aijaz Hussain', '21/F-MM-45', 1, 48, '2022-05-08 16:53:33', '2022-05-08 16:53:33'),
(1470, 'Ghazi', 'Muhammad Ashraf', '21/F-MM-46', 1, 48, '2022-05-08 16:53:33', '2022-05-08 16:53:33'),
(1471, 'AHMED IBRAHIM', 'FAZAL MEHMOOD KHAN NIZAMI', '21/F-MM-47', 1, 48, '2022-05-08 16:53:33', '2022-05-08 16:53:33'),
(1472, 'Mahnoor Fatima', 'Sher Ahmed', '21/F-MM-48', 1, 48, '2022-05-08 16:53:33', '2022-05-08 16:53:33'),
(1473, 'ZAIN-UL-ABDIN', 'MUHAMMAD ASHRAF', '19-IN-03', 1, 46, '2022-05-08 17:01:03', '2022-05-08 17:01:03'),
(1474, 'Esha Ubaid', 'Ubaid Ur Rehman', '19-IN-06', 1, 46, '2022-05-08 17:01:03', '2022-05-08 17:01:03'),
(1475, 'Syed Shahbaz Hussain', 'ManzARP Hussain', '19-IN-07', 1, 46, '2022-05-08 17:01:03', '2022-05-08 17:01:03'),
(1476, 'SAQIB NAEEM AWAN', 'MUHAMMAD NAEEM', '19-IN-08', 1, 46, '2022-05-08 17:01:03', '2022-05-08 17:01:03'),
(1477, 'Bissam Ali', 'TARPique Aslam', '19-IN-09', 1, 46, '2022-05-08 17:01:03', '2022-05-08 17:01:03'),
(1478, 'HARPis', 'SARPfARPaz Khan', '19-IN-12', 1, 46, '2022-05-08 17:01:03', '2022-05-08 17:01:03'),
(1479, 'Muhammad Talha Khan', 'Afzal Ayyub', '19-IN-13', 1, 46, '2022-05-08 17:01:03', '2022-05-08 17:01:03'),
(1480, 'Abdul Haseeb', 'Muhammad Aslam', '19-IN-14', 1, 46, '2022-05-08 17:01:03', '2022-05-08 17:01:03'),
(1481, 'osama shah', 'shahid shah', '19-IN-15', 1, 46, '2022-05-08 17:01:03', '2022-05-08 17:01:03'),
(1482, 'Syed Waqqi Ali', 'Syed Muhammad Ali', '19-IN-17', 1, 46, '2022-05-08 17:01:03', '2022-05-08 17:01:03'),
(1483, 'Maaz ARPif', 'ARPif ZARPeen', '19-IN-18', 1, 46, '2022-05-08 17:01:03', '2022-05-08 17:01:03'),
(1484, 'Mahrukh Siraj', 'Siraj Ud din', '19-IN-20', 1, 46, '2022-05-08 17:01:03', '2022-05-08 17:01:03'),
(1485, 'RAAEF', 'MUHAMMAD AAMIR', '19-IN-21', 1, 46, '2022-05-08 17:01:03', '2022-05-08 17:01:03'),
(1486, 'Syed Muhammad Shayan Ali', 'Syed Saghir Hussain', '19-IN-25', 1, 46, '2022-05-08 17:01:03', '2022-05-08 17:01:03'),
(1487, 'Wasif Noor', 'Naeem Ahmed', '19-IN-26', 1, 46, '2022-05-08 17:01:03', '2022-05-08 17:01:03'),
(1488, 'YASEEN HAIDER', 'AGHA ALI ANWER', '19-IN-27', 1, 46, '2022-05-08 17:01:03', '2022-05-08 17:01:03'),
(1489, 'AHMED FARPAZ', 'ARPSHAD MUHAMMAD', '19-IN-28', 1, 46, '2022-05-08 17:01:03', '2022-05-08 17:01:03'),
(1490, 'Abdul Saboor Siddiqui', 'Muhammad Safder Siddiqui', '19-IN-30', 1, 46, '2022-05-08 17:01:03', '2022-05-08 17:01:03'),
(1491, 'Musab Ilyas', 'Muhammad Ilyas', '19-IN-31', 1, 46, '2022-05-08 17:01:03', '2022-05-08 17:01:03'),
(1492, 'NOOR MUHAMMAD', 'TARPIQ SALEEM', '19-IN-32', 1, 46, '2022-05-08 17:01:03', '2022-05-08 17:01:03'),
(1493, 'Shah Sawood Shaikh', 'Muhammad Saleem Uddin', '19-IN-33', 1, 46, '2022-05-08 17:01:03', '2022-05-08 17:01:03'),
(1494, 'Abdul Wadood', 'Abdul Khanan', '19-IN-34', 1, 46, '2022-05-08 17:01:03', '2022-05-08 17:01:03'),
(1495, 'Abdul Rasheed', 'Muhammad Ameen', '19-IN-35', 1, 46, '2022-05-08 17:01:03', '2022-05-08 17:01:03'),
(1496, 'Abdul Basit Ali', 'abdul baqi', '19-IN-37', 1, 46, '2022-05-08 17:01:03', '2022-05-08 17:01:03'),
(1497, 'Muhammad Adnan', 'Ali AsghARP', '19-IN-38', 2, 46, '2022-05-08 17:01:03', '2022-05-08 17:01:03'),
(1498, 'Muhammad Umair', 'Muhammad Shamim AkhtARP', '19-IN-39', 2, 46, '2022-05-08 17:01:03', '2022-05-08 17:01:03'),
(1499, 'Abdullah Asif', 'Muhammad Asif Majeed Rind', '19-IN-40', 2, 46, '2022-05-08 17:01:03', '2022-05-08 17:01:03'),
(1500, 'UMER AZIZ', 'ABDUL AZIZ', '19-IN-41', 2, 46, '2022-05-08 17:01:03', '2022-05-08 17:01:03'),
(1501, 'NAEEM AHMED', 'NAZEER MUHAMMAD', '19-IN-42', 2, 46, '2022-05-08 17:01:03', '2022-05-08 17:01:03'),
(1502, 'Zeeshan Haider Samtio', 'Dur Muhammad Samtio', '19-IN-44', 2, 46, '2022-05-08 17:01:03', '2022-05-08 17:01:03'),
(1503, 'MUHAMMAD SAIFULLAH KHAN', 'MUHAMMAD ARPSHAD', '19-IN-46', 2, 46, '2022-05-08 17:01:03', '2022-05-08 17:01:03'),
(1504, 'Mehtab Ahmed', 'Fida Ali', '19-IN-47', 2, 46, '2022-05-08 17:01:03', '2022-05-08 17:01:03'),
(1505, 'MUHAMMAD TALHA', 'MUHAMMAD ISHAQUE', '19-IN-48', 2, 46, '2022-05-08 17:01:03', '2022-05-08 17:01:03'),
(1506, 'Prem CHEand', 'BehARPi Lal', '19-IN-49', 2, 46, '2022-05-08 17:01:03', '2022-05-08 17:01:03'),
(1507, 'Siddique Gul', 'Gul Muhammad', '19-IN-52', 2, 46, '2022-05-08 17:01:03', '2022-05-08 17:01:03'),
(1508, 'ARPqum Qureshi', 'Nadeem Mashooq Qureshi', '19-IN-53', 2, 46, '2022-05-08 17:01:03', '2022-05-08 17:01:03'),
(1509, 'ASIF ALI', 'RAMZAN WASSAN', '19-IN-54', 2, 46, '2022-05-08 17:01:03', '2022-05-08 17:01:03'),
(1510, 'AMJAD ALI', 'IMTIAZ ALI', '19-IN-55', 2, 46, '2022-05-08 17:01:03', '2022-05-08 17:01:03'),
(1511, 'Asif javed', 'khalid javed', '19-IN-57', 2, 46, '2022-05-08 17:01:03', '2022-05-08 17:01:03'),
(1512, 'MUQADES AHMED', 'AHMED KHAN', '19-IN-58', 2, 46, '2022-05-08 17:01:03', '2022-05-08 17:01:03'),
(1513, 'SARPfARPaz Hussain', 'Riaz Hussain', '19-IN-59', 2, 46, '2022-05-08 17:01:03', '2022-05-08 17:01:03'),
(1514, 'Anas Iqbal', 'Syed Zeeshan Iqbal Rizvi', '19-IN-60', 2, 46, '2022-05-08 17:01:03', '2022-05-08 17:01:03'),
(1515, 'Muhammad Sohaib AnsARPi', 'Nizamuddin', '19-IN-61', 2, 46, '2022-05-08 17:01:03', '2022-05-08 17:01:03'),
(1516, 'Ayaz Ahmed', 'Bazeed Khan', '19-IN-62', 2, 46, '2022-05-08 17:01:03', '2022-05-08 17:01:03'),
(1517, 'FARPhan Mustafa', 'Ghulam Mustafa', '19-IN-63', 2, 46, '2022-05-08 17:01:03', '2022-05-08 17:01:03'),
(1518, 'FARPaz Ahmed', 'Ziauddin', '19-IN-64', 2, 46, '2022-05-08 17:01:03', '2022-05-08 17:01:03'),
(1519, 'MunwARP Ali Shah', 'Syed Nabi Shah', '19-IN-65', 2, 46, '2022-05-08 17:01:03', '2022-05-08 17:01:03'),
(1520, 'Fakhrun Nisa', 'Abdul Hameed', '19-IN-66', 2, 46, '2022-05-08 17:01:03', '2022-05-08 17:01:03'),
(1521, 'Muhammad Bazil Khan', 'Muhammad Shoaib Khan', '19-IN-67', 2, 46, '2022-05-08 17:01:03', '2022-05-08 17:01:03'),
(1522, 'inamullah', 'fazalullah memon', '19-IN-68', 2, 46, '2022-05-08 17:01:03', '2022-05-08 17:01:03'),
(1523, 'HASAN BIN MUBIN', 'MUHAMMAD MUBIN QADIR', '19/F-IN-01', 1, 46, '2022-05-08 17:01:13', '2022-05-08 17:01:13'),
(1524, 'MUHAMMAD MUBEEN JAVAID', 'MUHAMMAD JAVAID SALEEM', '19/F-IN-02', 1, 46, '2022-05-08 17:01:13', '2022-05-08 17:01:13'),
(1525, 'ABDULLAH', 'MUHAMMAD SALEEM AHMED', '19/F-IN-03', 1, 46, '2022-05-08 17:01:13', '2022-05-08 17:01:13'),
(1526, 'SANWAL ALI AKRAM', 'MUHAMMAD AKRAM', '19/F-IN-04', 1, 46, '2022-05-08 17:01:13', '2022-05-08 17:01:13'),
(1527, 'RANIA ASIF', 'ASIF IQBAL', '19/F-IN-06', 1, 46, '2022-05-08 17:01:13', '2022-05-08 17:01:13'),
(1528, 'Laiba Azeem', 'Muhammad Azeem', '19/F-IN-07', 1, 46, '2022-05-08 17:01:13', '2022-05-08 17:01:13'),
(1529, 'MUHAMMAD TALHA', 'SYED RAIS UR REHMAN', '19/F-IN-10', 1, 46, '2022-05-08 17:01:13', '2022-05-08 17:01:13'),
(1530, 'SYED RABEET BIN AZAM', 'MUHAMMAD AZAM NAQVI', '19/F-IN-11', 1, 46, '2022-05-08 17:01:13', '2022-05-08 17:01:13'),
(1531, 'Hamza BabARP', 'BabARP Mirza CHEughtai', '19/F-IN-12', 1, 46, '2022-05-08 17:01:13', '2022-05-08 17:01:13'),
(1532, 'SAIDAN ULLAH', 'ALI BADSHAH', '19/F-IN-14', 1, 46, '2022-05-08 17:01:13', '2022-05-08 17:01:13'),
(1533, 'MUHAMMAD BILAL', 'ABDUL MAJEED', '19/F-IN-15', 1, 46, '2022-05-08 17:01:13', '2022-05-08 17:01:13'),
(1534, 'ANSUB CHEUGHTAI', 'SOHAIL ANWARP', '19/F-IN-16', 1, 46, '2022-05-08 17:01:13', '2022-05-08 17:01:13'),
(1535, 'MUDASSIR AKHTER FARPIDY', 'TANWEER AKHTER FARPIDY', '19/F-IN-17', 1, 46, '2022-05-08 17:01:13', '2022-05-08 17:01:13'),
(1536, 'Muhammad Maaz', 'Iqbal Ahmed', '19/F-IN-23', 1, 46, '2022-05-08 17:01:13', '2022-05-08 17:01:13'),
(1537, 'ATTA ULLAH KHAN', 'UMARP SHER', '19/F-IN-26', 1, 46, '2022-05-08 17:01:13', '2022-05-08 17:01:13'),
(1538, 'Saad ZafARP Gill', 'ZafARP Iqbal Gill', '19/F-IN-28', 1, 46, '2022-05-08 17:01:13', '2022-05-08 17:01:13'),
(1539, 'MAHFOOZ ELAHI', 'INAYATULLAH', '19/F-IN-29', 1, 46, '2022-05-08 17:01:13', '2022-05-08 17:01:13'),
(1540, 'Zeeshan Ahmed', 'Bahadur Khan', '19/F-IN-30', 1, 46, '2022-05-08 17:01:13', '2022-05-08 17:01:13'),
(1541, 'Danish Ahmed', 'Muhammad Ilyas', '19/F-IN-31', 1, 46, '2022-05-08 17:01:13', '2022-05-08 17:01:13'),
(1542, 'Muhammad Salman', 'AkhtARP Hussain', '19/F-IN-34', 1, 46, '2022-05-08 17:01:13', '2022-05-08 17:01:13'),
(1543, 'MUTTAHIRA MARPYAM', 'GHULAM HUSSAIN', '19/F-IN-35', 1, 46, '2022-05-08 17:01:13', '2022-05-08 17:01:13'),
(1544, 'HARPis Mehmood', 'Mehmood Ali', '19/F-IN-36', 1, 46, '2022-05-08 17:01:13', '2022-05-08 17:01:13'),
(1545, 'ARPIF HUSSAIN', 'KHAMEES ALI', '19/F-IN-37', 1, 46, '2022-05-08 17:01:13', '2022-05-08 17:01:13'),
(1546, 'ABDUL RAFAY', 'ISHTIAQ AHMED', '19/F-IN-39', 1, 46, '2022-05-08 17:01:13', '2022-05-08 17:01:13'),
(1547, 'MUHAMMAD TAASEEN AKHTER', 'PERVEZ AKHTER', '19/F-IN-40', 1, 46, '2022-05-08 17:01:13', '2022-05-08 17:01:13'),
(1548, 'BISMA MUBEEN HASHMI', 'SYED MUBEEN AHMAD', '19/F-IN-42', 2, 46, '2022-05-08 17:01:13', '2022-05-08 17:01:13'),
(1549, 'IMRAN KHAN', 'ABDUL MUTLIB', '19/F-IN-43', 2, 46, '2022-05-08 17:01:13', '2022-05-08 17:01:13'),
(1550, 'Muhammad Hussain', 'Muhammad', '19/F-IN-44', 2, 46, '2022-05-08 17:01:13', '2022-05-08 17:01:13'),
(1551, 'Hasnain Abbas', 'Sherbaz', '19/F-IN-45', 2, 46, '2022-05-08 17:01:13', '2022-05-08 17:01:13'),
(1552, 'Muhammad Shoaib Raza', 'GulzARP Ahmed', '19/F-IN-46', 2, 46, '2022-05-08 17:01:13', '2022-05-08 17:01:13'),
(1553, 'NIMRA AZEEM', 'ANWER AZEEM', '19/F-IN-47', 2, 46, '2022-05-08 17:01:13', '2022-05-08 17:01:13'),
(1554, 'MARPij Ali', 'Hashmat Dad', '19/F-IN-49', 2, 46, '2022-05-08 17:01:13', '2022-05-08 17:01:13'),
(1555, 'Muhammad Hureer Malik', 'Faisal Qadeer', '19/F-IN-53', 2, 46, '2022-05-08 17:01:13', '2022-05-08 17:01:13'),
(1556, 'Muhammad Tufail', 'Qurban Ali Bugti', '19/F-IN-54', 2, 46, '2022-05-08 17:01:13', '2022-05-08 17:01:13'),
(1557, 'Mubashir Javed', 'Javed Azeem', '19/F-IN-55', 2, 46, '2022-05-08 17:01:13', '2022-05-08 17:01:13'),
(1558, 'Jawwad Ahmed', 'Abdul JabbARP', '19/F-IN-56', 2, 46, '2022-05-08 17:01:13', '2022-05-08 17:01:13'),
(1559, 'Kainat', 'IkhtiARP Ali KhokhARP', '19/F-IN-57', 2, 46, '2022-05-08 17:01:13', '2022-05-08 17:01:13'),
(1560, 'AAISH BIN ASIF', 'ASIF SAEED', '19/F-IN-58', 2, 46, '2022-05-08 17:01:13', '2022-05-08 17:01:13'),
(1561, 'Muhammad ARPeeb Hussain', 'Abid Hussain', '19/F-IN-59', 2, 46, '2022-05-08 17:01:13', '2022-05-08 17:01:13'),
(1562, 'ZulqARPnain Tahir', 'Abdul Tahir', '19/F-IN-60', 2, 46, '2022-05-08 17:01:13', '2022-05-08 17:01:13'),
(1563, 'Khalid', 'Mohemmed', '19/F-IN-61', 2, 46, '2022-05-08 17:01:13', '2022-05-08 17:01:13'),
(1564, 'Rauf Ahmed', 'ManthARP', '19/F-IN-62', 2, 46, '2022-05-08 17:01:13', '2022-05-08 17:01:13'),
(1565, 'KHALID AKBARP', 'AKBARP ALI', '19/F-IN-63', 2, 46, '2022-05-08 17:01:13', '2022-05-08 17:01:13'),
(1566, 'usama bin sadiq', 'muhammad sadiq khan', '19/F-IN-64', 2, 46, '2022-05-08 17:01:13', '2022-05-08 17:01:13'),
(1567, 'Muhammad Raza', 'Muhammad Asif', '19/F-IN-65', 2, 46, '2022-05-08 17:01:13', '2022-05-08 17:01:13'),
(1568, 'SAMEER GUL', 'GUL NAWAZ', '19/F-IN-66', 2, 46, '2022-05-08 17:01:13', '2022-05-08 17:01:13'),
(1569, 'IRFAN ALI', 'AASHIQUE HUSSAIN', '19/F-IN-67', 2, 46, '2022-05-08 17:01:13', '2022-05-08 17:01:13'),
(1570, 'SYEDA HANIA ZEHRA NAQVI', 'SYED ALI AZHARP NAQVI', '19/F-IN-68', 2, 46, '2022-05-08 17:01:13', '2022-05-08 17:01:13'),
(1571, 'AbrARP Aslam', 'Muhammad Aslam', '19/F-IN-69', 2, 46, '2022-05-08 17:01:13', '2022-05-08 17:01:13'),
(1572, 'Haseeb Ullah', 'Khitab Gul', '20-IN-02', 1, 45, '2022-05-08 17:01:21', '2022-05-08 17:01:21'),
(1573, 'Muhammad Kashif', 'Muhammad Yaqub', '20-IN-04', 1, 45, '2022-05-08 17:01:21', '2022-05-08 17:01:21'),
(1574, 'Abdul hanan', 'Abdul manan', '20-IN-05', 1, 45, '2022-05-08 17:01:21', '2022-05-08 17:01:21'),
(1575, 'Muhammad Waqas', 'Shair Zaman', '20-IN-06', 1, 45, '2022-05-08 17:01:21', '2022-05-08 17:01:21'),
(1576, 'Hamza', 'Muhammad AnwARP', '20-IN-07', 1, 45, '2022-05-08 17:01:21', '2022-05-08 17:01:21'),
(1577, 'Ejaz', 'Badshah Hameed', '20-IN-09', 1, 45, '2022-05-08 17:01:21', '2022-05-08 17:01:21'),
(1578, 'Hamad Ullah', 'Abdullah Muhammad', '20-IN-10', 1, 45, '2022-05-08 17:01:21', '2022-05-08 17:01:21'),
(1579, 'Umer', 'Talib Hussain', '20-IN-11', 1, 45, '2022-05-08 17:01:21', '2022-05-08 17:01:21'),
(1580, 'YASEEN ALI', 'MUHAMMAD ESSA', '20-IN-12', 1, 45, '2022-05-08 17:01:21', '2022-05-08 17:01:21'),
(1581, 'Ayesha Waseem', 'Abdul Waseem Qureshi', '20-IN-13', 1, 45, '2022-05-08 17:01:21', '2022-05-08 17:01:21'),
(1582, 'Saif-ur-Rehman', 'IftikhARP Ahmad', '20-IN-14', 1, 45, '2022-05-08 17:01:21', '2022-05-08 17:01:21'),
(1583, 'ABBAS ASAD', 'IBRARP AHMED', '20-IN-15', 1, 45, '2022-05-08 17:01:21', '2022-05-08 17:01:21'),
(1584, 'MUHAMMAD RAZA KHALID', 'KHALID WAHEED', '20-IN-16', 1, 45, '2022-05-08 17:01:21', '2022-05-08 17:01:21'),
(1585, 'MUHAMMAD ALI RAZA KHAN', 'MUHAMMAD ARPSHAD', '20-IN-17', 1, 45, '2022-05-08 17:01:21', '2022-05-08 17:01:21'),
(1586, 'MUHAMMAD BILAL YOUSUF', 'MUHAMMAD YOUSUF', '20-IN-19', 1, 45, '2022-05-08 17:01:21', '2022-05-08 17:01:21'),
(1587, 'Muhammad Umer', 'Muhammad Saleem', '20-IN-20', 1, 45, '2022-05-08 17:01:21', '2022-05-08 17:01:21'),
(1588, 'Mohammad Kashif', 'Nadeem', '20-IN-21', 1, 45, '2022-05-08 17:01:21', '2022-05-08 17:01:21'),
(1589, 'Abdul Rehman Soomro', 'ZulfiqARP Ali', '20-IN-22', 2, 45, '2022-05-08 17:01:21', '2022-05-08 17:01:21'),
(1590, 'Muhammad Hamza', 'Shoukat Ali', '20-IN-23', 2, 45, '2022-05-08 17:01:21', '2022-05-08 17:01:21'),
(1591, 'DANISH ALI', 'ARPBAB ALI SOLANGI', '20-IN-24', 2, 45, '2022-05-08 17:01:21', '2022-05-08 17:01:21'),
(1592, 'MUHAMMAD HASHIR AHMED', 'MUHAMMAD AHMED', '20-IN-25', 2, 45, '2022-05-08 17:01:21', '2022-05-08 17:01:21'),
(1593, 'Syed. Sammak. Nadeem', 'Syed. Nadeem. Shah. BukhARPi', '20-IN-27', 2, 45, '2022-05-08 17:01:21', '2022-05-08 17:01:21'),
(1594, 'OSAMA SIDDIQUI', 'Abdul qayoom', '20-IN-28', 2, 45, '2022-05-08 17:01:21', '2022-05-08 17:01:21'),
(1595, 'Hassan Khan', 'Sherzada', '20-IN-29', 2, 45, '2022-05-08 17:01:21', '2022-05-08 17:01:21'),
(1596, 'ABDULLAH', 'ABDUL RAHIM', '20-IN-30', 2, 45, '2022-05-08 17:01:21', '2022-05-08 17:01:21'),
(1597, 'zARPk siraj', 'siraj ahmed', '20-IN-31', 2, 45, '2022-05-08 17:01:21', '2022-05-08 17:01:21'),
(1598, 'Fahad Altaf', 'Muhammad Altaf', '20-IN-32', 2, 45, '2022-05-08 17:01:21', '2022-05-08 17:01:21'),
(1599, 'Muhammad Raza Khan', 'Muhammad Raees Khan', '20-IN-33', 2, 45, '2022-05-08 17:01:21', '2022-05-08 17:01:21'),
(1600, 'LARPAIB AQEEL', 'AKHTARP AQEEL', '20-IN-34', 2, 45, '2022-05-08 17:01:21', '2022-05-08 17:01:21'),
(1601, 'AbidUllah', 'Wali Khan', '20-IN-36', 2, 45, '2022-05-08 17:01:21', '2022-05-08 17:01:21'),
(1602, 'Muhammad Yahya AtCHEa', 'Zaid Muhammad AtCHEa', '20-IN-37', 2, 45, '2022-05-08 17:01:21', '2022-05-08 17:01:21'),
(1603, 'Muhammad Ahsan Ullah Khan Niazi', 'Safi Ullah Khan Niazi', '20-IN-38', 2, 45, '2022-05-08 17:01:21', '2022-05-08 17:01:21'),
(1604, 'Nimra Yaseen', 'Muhammad Yaseen', '20-IN-39', 2, 45, '2022-05-08 17:01:21', '2022-05-08 17:01:21'),
(1605, 'sameer hafeez', 'Muhammad hafizullah', '20-IN-47', 2, 45, '2022-05-08 17:01:21', '2022-05-08 17:01:21'),
(1606, 'Syed Eraj Javed', 'MUHAMMAD JAVED AKBER', '20-IN-51', 2, 45, '2022-05-08 17:01:21', '2022-05-08 17:01:21'),
(1607, 'NOUSHEEN GUL', 'GUL MUHAMMAD', '20-IN-52', 2, 45, '2022-05-08 17:01:21', '2022-05-08 17:01:21'),
(1608, 'BUSHRA', 'TANVEER ALI', '20-IN-53', 2, 45, '2022-05-08 17:01:21', '2022-05-08 17:01:21'),
(1609, 'AYAZ ALI', 'NOOR AHMED', '20-IN-54', 2, 45, '2022-05-08 17:01:21', '2022-05-08 17:01:21'),
(1610, 'Muhammad Faisal', 'Rustam Ali', '20-IN-55', 2, 45, '2022-05-08 17:01:21', '2022-05-08 17:01:21'),
(1611, 'Mohammed', 'Nasser', '20-IN-56', 2, 45, '2022-05-08 17:01:21', '2022-05-08 17:01:21'),
(1612, 'Yusra Ali', 'Ali Khan', '21/F-IN-06', 1, 44, '2022-05-08 17:01:27', '2022-05-08 17:01:27'),
(1613, 'Fehmish', 'Abu Munzir FARPooq', '21/F-IN-09', 1, 44, '2022-05-08 17:01:27', '2022-05-08 17:01:27'),
(1614, 'Adeel Ahmed', 'Shakeel Ahmed', '21/F-IN-10', 1, 44, '2022-05-08 17:01:27', '2022-05-08 17:01:27'),
(1615, 'Muhammad AthARP Hussain', 'Muhammad AkhtARP', '21/F-IN-12', 1, 44, '2022-05-08 17:01:27', '2022-05-08 17:01:27'),
(1616, 'IBADULLAH', 'MUHAMMAD IRFAN WAHEED', '21/F-IN-13', 1, 44, '2022-05-08 17:01:27', '2022-05-08 17:01:27'),
(1617, 'SYED MUHAMMAD HASSAAN RIZVI', 'SYED HASSAN ANWARP RIZVI', '21/F-IN-14', 1, 44, '2022-05-08 17:01:27', '2022-05-08 17:01:27'),
(1618, 'Kamran Ahmed', 'Saleem ahmed', '21/F-IN-15', 1, 44, '2022-05-08 17:01:27', '2022-05-08 17:01:27'),
(1619, 'ZOHAIB AHSAN', 'MOIN UD DIN', '21/F-IN-17', 1, 44, '2022-05-08 17:01:27', '2022-05-08 17:01:27'),
(1620, 'Abdul Rehman', 'Muhammad Asim', '21/F-IN-19', 1, 44, '2022-05-08 17:01:27', '2022-05-08 17:01:27'),
(1621, 'Zaid QamARP', 'Muhammad QamARP', '21/F-IN-20', 1, 44, '2022-05-08 17:01:27', '2022-05-08 17:01:27'),
(1622, 'Sheeza Mirza', 'Azeem Mirza', '21/F-IN-21', 1, 44, '2022-05-08 17:01:27', '2022-05-08 17:01:27'),
(1623, 'WALEED TAJAMAL', 'TAJAMAL HUSSAIN', '21/F-IN-22', 1, 44, '2022-05-08 17:01:27', '2022-05-08 17:01:27'),
(1624, 'alishba fatima', 'sajjad ahmed', '21/F-IN-24', 1, 44, '2022-05-08 17:01:27', '2022-05-08 17:01:27'),
(1625, 'MUHAMMAD HASSAN BUTT', 'MUHAMMAD AFTAB BUTT', '21/F-IN-25', 1, 44, '2022-05-08 17:01:27', '2022-05-08 17:01:27'),
(1626, 'IRTAZA HASSAN', 'WAHEED ASHRAF', '21/F-IN-27', 1, 44, '2022-05-08 17:01:27', '2022-05-08 17:01:27'),
(1627, 'UMARP ZAMAN', 'GUL ZAMAN', '21/F-IN-28', 1, 44, '2022-05-08 17:01:27', '2022-05-08 17:01:27'),
(1628, 'Humaiyon Shaki', 'Muhammad Daniyal Khan', '21/F-IN-29', 1, 44, '2022-05-08 17:01:27', '2022-05-08 17:01:27'),
(1629, 'Muhammad Ali', 'Gada Hussain', '21/F-IN-31', 1, 44, '2022-05-08 17:01:27', '2022-05-08 17:01:27'),
(1630, 'ARPeeba HARPoon', 'HARPoon Rasheed', '21/F-IN-32', 1, 44, '2022-05-08 17:01:27', '2022-05-08 17:01:27'),
(1631, 'Hasnain afridi', 'M.Yousaf', '21/F-IN-33', 1, 44, '2022-05-08 17:01:27', '2022-05-08 17:01:27'),
(1632, 'SYED ZAIN UL ABDEEN', 'SYED BASHIR UL HASNAIN', '21/F-IN-34', 1, 44, '2022-05-08 17:01:27', '2022-05-08 17:01:27'),
(1633, 'Muhammad IbrARP', 'Abdul Muhammad', '21/F-IN-35', 1, 44, '2022-05-08 17:01:27', '2022-05-08 17:01:27'),
(1634, 'Mohibullah', 'DIN MUHAMMAD', '21/F-IN-36', 2, 44, '2022-05-08 17:01:27', '2022-05-08 17:01:27'),
(1635, 'KHUSHBOO', 'JAWAID IQBAL', '21/F-IN-37', 2, 44, '2022-05-08 17:01:27', '2022-05-08 17:01:27'),
(1636, 'kunal', 'shahdev', '21/F-IN-38', 2, 44, '2022-05-08 17:01:27', '2022-05-08 17:01:27'),
(1637, 'Muhammad Hassan', 'NisARP Ahmed', '21/F-IN-39', 2, 44, '2022-05-08 17:01:27', '2022-05-08 17:01:27'),
(1638, 'Muhammad Abu BakARP', 'Muhammad Shakil', '21/F-IN-40', 2, 44, '2022-05-08 17:01:27', '2022-05-08 17:01:27'),
(1639, 'ShahNawaz', 'Mohammad Ali', '21/F-IN-41', 2, 44, '2022-05-08 17:01:27', '2022-05-08 17:01:27'),
(1640, 'Minal SikandARP', 'SikandARP Ali', '21/F-IN-42', 2, 44, '2022-05-08 17:01:27', '2022-05-08 17:01:27'),
(1641, 'NABA MALIK', 'MALIK MOHAMMAD YAMEEN', '21/F-IN-43', 2, 44, '2022-05-08 17:01:27', '2022-05-08 17:01:27'),
(1642, 'Hamza Irshad', 'Irshad Younus', '21/F-IN-44', 2, 44, '2022-05-08 17:01:27', '2022-05-08 17:01:27'),
(1643, 'Mehak Tufail', 'Muhammad Tufail', '21/F-IN-45', 2, 44, '2022-05-08 17:01:27', '2022-05-08 17:01:27'),
(1644, 'Muhammad umer fARPooq', 'Abdul hameed', '21/F-IN-48', 2, 44, '2022-05-08 17:01:27', '2022-05-08 17:01:27'),
(1645, 'MARPyam', 'QammARP Hussain Khan', '21/F-IN-49', 2, 44, '2022-05-08 17:01:27', '2022-05-08 17:01:27'),
(1646, 'MUHAMMAD MUSTAQEEM', 'KHADIM HUSSAIN', '21/F-IN-50', 2, 44, '2022-05-08 17:01:27', '2022-05-08 17:01:27'),
(1647, 'Usman Naveed CHEoudhry', 'Naveed Ahmed CHEoudhry', '21/F-IN-51', 2, 44, '2022-05-08 17:01:27', '2022-05-08 17:01:27'),
(1648, 'DANIYAL AIJAZ', 'AIJAZ AHMED KHANZADA', '21/F-IN-52', 2, 44, '2022-05-08 17:01:27', '2022-05-08 17:01:27'),
(1649, 'MOIZ ALI', 'AMJAD ALI NAYYARP', '21/F-IN-53', 2, 44, '2022-05-08 17:01:27', '2022-05-08 17:01:27'),
(1650, 'Muhammad Talha', 'Muhammad Ashfaque', '21/F-IN-54', 2, 44, '2022-05-08 17:01:27', '2022-05-08 17:01:27'),
(1651, 'MOHAMMAD TALHA', 'MOHAMMAD YAMEEN', '21/F-IN-55', 2, 44, '2022-05-08 17:01:27', '2022-05-08 17:01:27'),
(1652, 'MustansARP Hussain Bangash', 'Imtiaz Hussain', '21/F-IN-56', 2, 44, '2022-05-08 17:01:27', '2022-05-08 17:01:27'),
(1653, 'IftikhARP Hussain', 'Abdullah', '21/F-IN-57', 2, 44, '2022-05-08 17:01:27', '2022-05-08 17:01:27'),
(1654, 'Basit Ali', 'Ali Muhammad', '21/F-IN-59', 2, 44, '2022-05-08 17:01:27', '2022-05-08 17:01:27'),
(1655, 'UROOJ NAZ', 'MUHAMMAD SAFDARP', '19-ES-01', 1, 26, '2022-05-08 17:18:20', '2022-05-08 17:18:20'),
(1656, 'Rasia Azeem', 'Muhammad Azeem', '19-ES-02', 3, 26, '2022-05-08 17:18:20', '2022-05-08 17:18:20'),
(1657, 'SanskARP', 'Raj KumARP', '19-ES-03', 1, 26, '2022-05-08 17:18:20', '2022-05-08 17:18:20'),
(1658, 'AYYAN ABID', 'MUHAMMAD ABID', '19-ES-04', 3, 26, '2022-05-08 17:18:20', '2022-05-08 17:18:20'),
(1659, 'Salman', 'Muhammad Ibrahim', '19-ES-05', 1, 26, '2022-05-08 17:18:20', '2022-05-08 17:18:20'),
(1660, 'Muhammad Bilal', 'Muhammad Imran', '19-ES-07', 1, 26, '2022-05-08 17:18:20', '2022-05-08 17:18:20'),
(1661, 'ARPBAZ', 'MUHAMMAD ASLAM', '19-ES-08', 3, 26, '2022-05-08 17:18:20', '2022-05-08 17:18:20'),
(1662, 'Syed Inam Ullah Shah', 'Syed Noor Ullah Shah', '19-ES-100', 3, 26, '2022-05-08 17:18:20', '2022-05-08 17:18:20'),
(1663, 'Muhammad Shahzaib Khan', 'Muhammad Shahid Khan', '19-ES-12', 3, 26, '2022-05-08 17:18:20', '2022-05-08 17:18:20'),
(1664, 'HARPis Bin Abid', 'Abid Hussain', '19-ES-13', 1, 26, '2022-05-08 17:18:20', '2022-05-08 17:18:20'),
(1665, 'Syeda WARPisha Khalid', 'Syed Khalid Shahzad', '19-ES-14', 3, 26, '2022-05-08 17:18:20', '2022-05-08 17:18:20'),
(1666, 'Muhammad Rashid', 'Ghulam sARPwARP', '19-ES-15', 1, 26, '2022-05-08 17:18:20', '2022-05-08 17:18:20'),
(1667, 'ABDUL WAHAB', 'MUHAMMAD YOUSAF', '19-ES-16', 3, 26, '2022-05-08 17:18:20', '2022-05-08 17:18:20'),
(1668, 'Rameen', 'Muhammad Siddique', '19-ES-17', 1, 26, '2022-05-08 17:18:20', '2022-05-08 17:18:20'),
(1669, 'Shakeel Ahmed', 'Khalid hussain', '19-ES-18', 3, 26, '2022-05-08 17:18:20', '2022-05-08 17:18:20'),
(1670, 'Wali Ullah', 'Muhammad Zahid Hussain', '19-ES-19', 1, 26, '2022-05-08 17:18:20', '2022-05-08 17:18:20'),
(1671, 'SIKANDARP KHAN', 'ARPBAB ALI', '19-ES-20', 3, 26, '2022-05-08 17:18:20', '2022-05-08 17:18:20'),
(1672, 'MUHAMMAD VALEED', 'MUHAMMAD NADEEM SIDDIQUI', '19-ES-21', 1, 26, '2022-05-08 17:18:20', '2022-05-08 17:18:20'),
(1673, 'SAMRAH HASNAIN', 'MUHAMMAD HASNAIN', '19-ES-22', 3, 26, '2022-05-08 17:18:20', '2022-05-08 17:18:20'),
(1674, 'muneeb ul haque', 'mujeeb ul haque', '19-ES-23', 1, 26, '2022-05-08 17:18:20', '2022-05-08 17:18:20'),
(1675, 'Zohail Ali Sultani', 'Muhammad Hafeez Sultani', '19-ES-25', 1, 26, '2022-05-08 17:18:20', '2022-05-08 17:18:20'),
(1676, 'Syed Mudasir Inam', 'Syed Inam Ali Shah', '19-ES-28', 3, 26, '2022-05-08 17:18:20', '2022-05-08 17:18:20'),
(1677, 'Meer Hameer', 'Muhammad Hashim', '19-ES-29', 1, 26, '2022-05-08 17:18:20', '2022-05-08 17:18:20'),
(1678, 'MUHAMMAD DANIYAL HUSSAIN', 'MUHAMMAD HUSSAIN', '19-ES-30', 3, 26, '2022-05-08 17:18:20', '2022-05-08 17:18:20'),
(1679, 'Musab Asif Akber', 'Asif Akber', '19-ES-31', 1, 26, '2022-05-08 17:18:20', '2022-05-08 17:18:20'),
(1680, 'Nabeel Ahmed', 'Tabish AkhtARP', '19-ES-33', 1, 26, '2022-05-08 17:18:20', '2022-05-08 17:18:20'),
(1681, 'Muhammad Saleem', 'Shakhal Khan', '19-ES-34', 3, 26, '2022-05-08 17:18:20', '2022-05-08 17:18:20'),
(1682, 'M.IBAD RAUF', 'ABDUL RAUF', '19-ES-35', 1, 26, '2022-05-08 17:18:20', '2022-05-08 17:18:20'),
(1683, 'Muhammad AzhARP Nasir', 'Nasir Uddin', '19-ES-36', 3, 26, '2022-05-08 17:18:20', '2022-05-08 17:18:20'),
(1684, 'Sajad Ali', 'Shahmir Khan', '19-ES-37', 1, 26, '2022-05-08 17:18:20', '2022-05-08 17:18:20'),
(1685, 'HallARP', 'MazhARP Hussain', '19-ES-38', 3, 26, '2022-05-08 17:18:20', '2022-05-08 17:18:20'),
(1686, 'SABEEL UR REHMAN', 'GUL REHMAN', '19-ES-39', 1, 26, '2022-05-08 17:18:20', '2022-05-08 17:18:20'),
(1687, 'Syed Muhammad Hamza', 'Syed Muhammad Yahya', '19-ES-41', 1, 26, '2022-05-08 17:18:20', '2022-05-08 17:18:20'),
(1688, 'Ahmed Raza', 'Abdul Aziz', '19-ES-42', 3, 26, '2022-05-08 17:18:20', '2022-05-08 17:18:20'),
(1689, 'Asadullah Shaikh', 'Ghulam Mustafa Shaikh', '19-ES-43', 1, 26, '2022-05-08 17:18:20', '2022-05-08 17:18:20'),
(1690, 'Mansoor Ali', 'Khuda Bux', '19-ES-44', 4, 26, '2022-05-08 17:18:20', '2022-05-08 17:18:20'),
(1691, 'MASHOOQUE AHMED', 'ABDUL AZIZ', '19-ES-46', 4, 26, '2022-05-08 17:18:20', '2022-05-08 17:18:20'),
(1692, 'Urooj  Maqsood', 'Muhammad Maqsood', '19-ES-47', 2, 26, '2022-05-08 17:18:20', '2022-05-08 17:18:20'),
(1693, 'Rafia Ali', 'Muhammad Ali', '19-ES-48', 4, 26, '2022-05-08 17:18:20', '2022-05-08 17:18:20'),
(1694, 'Zohaib Ahmed', 'Aftab Ahmed', '19-ES-51', 2, 26, '2022-05-08 17:18:20', '2022-05-08 17:18:20'),
(1695, 'MASROOR AHMED', 'MUHAMMAD ALI', '19-ES-52', 4, 26, '2022-05-08 17:18:20', '2022-05-08 17:18:20'),
(1696, 'Hunain Iqbal', 'Iqbal Ahmed Shaikh', '19-ES-54', 4, 26, '2022-05-08 17:18:20', '2022-05-08 17:18:20'),
(1697, 'Ahmed Raza', 'Nek Muhammad', '19-ES-55', 2, 26, '2022-05-08 17:18:20', '2022-05-08 17:18:20'),
(1698, 'MalhARP', 'Irshad Muhammad Memon', '19-ES-56', 4, 26, '2022-05-08 17:18:20', '2022-05-08 17:18:20'),
(1699, 'Basit Ali', 'Imdad Ali', '19-ES-57', 2, 26, '2022-05-08 17:18:20', '2022-05-08 17:18:20'),
(1700, 'Waqas Nasir', 'Masroor Hussain Khan', '19-ES-58', 4, 26, '2022-05-08 17:18:20', '2022-05-08 17:18:20'),
(1701, 'MUHAMMAD KHALID KHAN', 'ABDUL HANIF KHAN', '19-ES-59', 2, 26, '2022-05-08 17:18:20', '2022-05-08 17:18:20'),
(1702, 'NADEEM SAEED BALOCHE', 'SAEED AHMAD BALOCHE', '19-ES-60', 4, 26, '2022-05-08 17:18:20', '2022-05-08 17:18:20'),
(1703, 'Rashid Ali', 'Haji Muhammad ARPshad', '19-ES-61', 2, 26, '2022-05-08 17:18:20', '2022-05-08 17:18:20'),
(1704, 'AmmARP Hamza', 'Muhammad Fayyaz Khan', '19-ES-62', 4, 26, '2022-05-08 17:18:20', '2022-05-08 17:18:20'),
(1705, 'SARPFRAZ AHMED', 'NISARP AHMED', '19-ES-63', 2, 26, '2022-05-08 17:18:20', '2022-05-08 17:18:20'),
(1706, 'MARPia Majeed', 'Abdul Majeed', '19-ES-64', 4, 26, '2022-05-08 17:18:20', '2022-05-08 17:18:20');
INSERT INTO `duet_students` (`id`, `first_name`, `last_name`, `roll_no`, `section`, `batch_id`, `created_at`, `updated_at`) VALUES
(1707, 'Afaq Ahmad', 'Abdul Wahab Zada', '19-ES-65', 2, 26, '2022-05-08 17:18:20', '2022-05-08 17:18:20'),
(1708, 'Azam ali', 'Nazir ali', '19-ES-66', 4, 26, '2022-05-08 17:18:20', '2022-05-08 17:18:20'),
(1709, 'Syed Faizan Qaiser', 'Syed Qaiser Jamal', '19-ES-67', 2, 26, '2022-05-08 17:18:20', '2022-05-08 17:18:20'),
(1710, 'ARPSALAN KHAN', 'MUHAMMAD USMAN', '19-ES-69', 2, 26, '2022-05-08 17:18:20', '2022-05-08 17:18:20'),
(1711, 'Waja Dad KARPim', 'Haji Ghulam Ahmad', '19-ES-70', 4, 26, '2022-05-08 17:18:20', '2022-05-08 17:18:20'),
(1712, 'Najjeb Ullah', 'Habib UR Rehman', '19-ES-71', 2, 26, '2022-05-08 17:18:20', '2022-05-08 17:18:20'),
(1713, 'FIAZ SHAIKH', 'QADIR BUX SHAIKH', '19-ES-72', 4, 26, '2022-05-08 17:18:20', '2022-05-08 17:18:20'),
(1714, 'Salim Ali Khan', 'QamARP Ali Khan', '19-ES-73', 2, 26, '2022-05-08 17:18:20', '2022-05-08 17:18:20'),
(1715, 'RANA ADNAN', 'MUHAMMAD YOUSUF', '19-ES-74', 4, 26, '2022-05-08 17:18:20', '2022-05-08 17:18:20'),
(1716, 'MUHAMMAD ARPEEB KHAN', 'AKBER KAMAL KHAN', '19-ES-76', 4, 26, '2022-05-08 17:18:20', '2022-05-08 17:18:20'),
(1717, 'ABDUL HASEEB', 'SAIN DINO', '19-ES-77', 2, 26, '2022-05-08 17:18:20', '2022-05-08 17:18:20'),
(1718, 'Fahad Hassan', 'Aurangzaib', '19-ES-78', 4, 26, '2022-05-08 17:18:20', '2022-05-08 17:18:20'),
(1719, 'Mir FARPaz Ali', 'Mir Shamshad Ali', '19-ES-79', 2, 26, '2022-05-08 17:18:20', '2022-05-08 17:18:20'),
(1720, 'Asfand YARP Khan', 'TARPiq Mehmood Memon', '19-ES-80', 4, 26, '2022-05-08 17:18:20', '2022-05-08 17:18:20'),
(1721, 'Hassan Ullah Khan', 'Ismail Inam Ullah Khan', '19-ES-81', 2, 26, '2022-05-08 17:18:20', '2022-05-08 17:18:20'),
(1722, 'Irfan Ali', 'Ghulam Murtaza', '19-ES-82', 4, 26, '2022-05-08 17:18:20', '2022-05-08 17:18:20'),
(1723, 'Rozina Bano', 'Fazal Hussain', '19-ES-83', 2, 26, '2022-05-08 17:18:20', '2022-05-08 17:18:20'),
(1724, 'Muhammad Anus', 'Muhammad Akram', '19-ES-84', 4, 26, '2022-05-08 17:18:20', '2022-05-08 17:18:20'),
(1725, 'NOMAN ALI', 'IRSHAD ALI', '19-ES-85', 2, 26, '2022-05-08 17:18:20', '2022-05-08 17:18:20'),
(1726, 'KHALIL ULLAH', 'SHER ALAM KHAN', '19-ES-86', 4, 26, '2022-05-08 17:18:20', '2022-05-08 17:18:20'),
(1727, 'ABDUL KHALIQ', 'JAN MUHAMMAD', '19-ES-87', 2, 26, '2022-05-08 17:18:20', '2022-05-08 17:18:20'),
(1728, 'USAMA', 'ABDUL RASHEED', '19-ES-88', 4, 26, '2022-05-08 17:18:20', '2022-05-08 17:18:20'),
(1729, 'Anus Nadeem', 'NadeemAkhtARP', '19-ES-89', 2, 26, '2022-05-08 17:18:20', '2022-05-08 17:18:20'),
(1730, 'Muhammad Rizwan', 'Muhammad FARPooque', '19-ES-90', 4, 26, '2022-05-08 17:18:20', '2022-05-08 17:18:20'),
(1731, 'Syed Muhammad Azmat Pasha', 'Syed Afroze Pasha', '19-ES-91', 2, 26, '2022-05-08 17:18:20', '2022-05-08 17:18:20'),
(1732, 'ZAFARP UL HAQ', 'ABDUL HAQ', '19-ES-92', 4, 26, '2022-05-08 17:18:20', '2022-05-08 17:18:20'),
(1733, 'IRFAN AHMED', 'ALI HASSAN', '19-ES-93', 2, 26, '2022-05-08 17:18:20', '2022-05-08 17:18:20'),
(1734, 'SUBHEEN ALAM', 'RASHEED ALAM', '19-ES-94', 4, 26, '2022-05-08 17:18:20', '2022-05-08 17:18:20'),
(1735, 'Saddam Hussain', 'Rasool Bux', '19-ES-95', 2, 26, '2022-05-08 17:18:20', '2022-05-08 17:18:20'),
(1736, 'Saboor', 'FARPid Ahmed', '19-ES-96', 4, 26, '2022-05-08 17:18:20', '2022-05-08 17:18:20'),
(1737, 'Abdul Aziz Ahmed', 'Abdul Rehman Soomro', '19-ES-97', 2, 26, '2022-05-08 17:18:20', '2022-05-08 17:18:20'),
(1738, 'AzhARP Maqsood', 'Maqsood Ahmed', '19-ES-99', 2, 26, '2022-05-08 17:18:20', '2022-05-08 17:18:20'),
(1739, 'Ibtesaam Hameed', 'Abdul Hameed', '19/F-ES-01', 1, 26, '2022-05-08 17:18:27', '2022-05-08 17:18:27'),
(1740, 'MUHAMMAD WASIF KHAN', 'WASEEM KHAN', '19/F-ES-02', 3, 26, '2022-05-08 17:18:27', '2022-05-08 17:18:27'),
(1741, 'HAMMAD AHMED KHAN', 'IMRAN AHMED KHAN', '19/F-ES-03', 1, 26, '2022-05-08 17:18:27', '2022-05-08 17:18:27'),
(1742, 'Syed Muhammad Shaheer Rizvi', 'Syed Muhammad Raza Rizvi', '19/F-ES-04', 3, 26, '2022-05-08 17:18:27', '2022-05-08 17:18:27'),
(1743, 'KARPAN KUMARP', 'BANSI LAL', '19/F-ES-05', 1, 26, '2022-05-08 17:18:27', '2022-05-08 17:18:27'),
(1744, 'Ayesha Jawaid', 'Jawaid Akhter', '19/F-ES-06', 3, 26, '2022-05-08 17:18:27', '2022-05-08 17:18:27'),
(1745, 'Zaheer Uddin Shaikh', 'Kabir Uddin Shaikh', '19/F-ES-07', 1, 26, '2022-05-08 17:18:27', '2022-05-08 17:18:27'),
(1746, 'Muhammad Affan', 'Muhammad Hanif', '19/F-ES-08', 3, 26, '2022-05-08 17:18:27', '2022-05-08 17:18:27'),
(1747, 'MunwARP Ali', 'Abdul Hameed', '19/F-ES-10', 3, 26, '2022-05-08 17:18:27', '2022-05-08 17:18:27'),
(1748, 'MAIRAJ MUHAMMAD', 'SHOUKAT ALI', '19/F-ES-11', 1, 26, '2022-05-08 17:18:27', '2022-05-08 17:18:27'),
(1749, 'Ghulam Mujtaba Awan', 'Ghulam Muhammad Awan', '19/F-ES-12', 3, 26, '2022-05-08 17:18:27', '2022-05-08 17:18:27'),
(1750, 'IbrARP Ali Shah', 'ARPs Allah Shah', '19/F-ES-13', 1, 26, '2022-05-08 17:18:27', '2022-05-08 17:18:27'),
(1751, 'Javeria ShARPiq', 'Muhammad ShARPiq', '19/F-ES-14', 3, 26, '2022-05-08 17:18:27', '2022-05-08 17:18:27'),
(1752, 'Muhammad Usman MazhARP', 'MazhARP Hussain', '19/F-ES-15', 1, 26, '2022-05-08 17:18:27', '2022-05-08 17:18:27'),
(1753, 'SURDESH KUMARP OAD', 'SURESH KUMARP OAD', '19/F-ES-18', 3, 26, '2022-05-08 17:18:27', '2022-05-08 17:18:27'),
(1754, 'SAIM RAZA', 'NASEEM MUHAMMAD', '19/F-ES-19', 1, 26, '2022-05-08 17:18:27', '2022-05-08 17:18:27'),
(1755, 'SYED ANAS ALI', 'SYED MUHAMMAD ALI', '19/F-ES-20', 3, 26, '2022-05-08 17:18:27', '2022-05-08 17:18:27'),
(1756, 'Aamir Ali', 'Qurban Ali', '19/F-ES-21', 1, 26, '2022-05-08 17:18:27', '2022-05-08 17:18:27'),
(1757, 'ABU BAKARP', 'ATIQUE SULEMAN', '19/F-ES-22', 3, 26, '2022-05-08 17:18:27', '2022-05-08 17:18:27'),
(1758, 'DANIYAL', 'SHAHBAZ DINO', '19/F-ES-24', 3, 26, '2022-05-08 17:18:27', '2022-05-08 17:18:27'),
(1759, 'MUHAMMAD SAAD', 'MUHAMMAD ASLAM', '19/F-ES-25', 1, 26, '2022-05-08 17:18:27', '2022-05-08 17:18:27'),
(1760, 'Sohail Asif', 'Muhammad Asif', '19/F-ES-26', 3, 26, '2022-05-08 17:18:27', '2022-05-08 17:18:27'),
(1761, 'BAKHAT ALI', 'HAKIM ALI', '19/F-ES-27', 1, 26, '2022-05-08 17:18:27', '2022-05-08 17:18:27'),
(1762, 'SAAD ALI', 'NADEEM GHANI', '19/F-ES-28', 3, 26, '2022-05-08 17:18:27', '2022-05-08 17:18:27'),
(1763, 'Faizan Hussain', 'Ghulam Hussain', '19/F-ES-30', 3, 26, '2022-05-08 17:18:27', '2022-05-08 17:18:27'),
(1764, 'Saaim Ahmed Khan', 'Nizam Ahmed Khan', '19/F-ES-32', 3, 26, '2022-05-08 17:18:27', '2022-05-08 17:18:27'),
(1765, 'Syed Muhammad Bilal Mehdi', 'Syed Hassan DawARP Mehdi', '19/F-ES-34', 3, 26, '2022-05-08 17:18:27', '2022-05-08 17:18:27'),
(1766, 'Munesh Rana', 'Rano', '19/F-ES-35', 1, 26, '2022-05-08 17:18:27', '2022-05-08 17:18:27'),
(1767, 'Aamir Khan', 'DeedARP Hussain', '19/F-ES-37', 1, 26, '2022-05-08 17:18:27', '2022-05-08 17:18:27'),
(1768, 'ABDUL MOHSIN', 'GHOUS MUHAMMAD', '19/F-ES-40', 4, 26, '2022-05-08 17:18:27', '2022-05-08 17:18:27'),
(1769, 'QamARPuzaman', 'Muhammad AnwARP Bhatti', '19/F-ES-43', 2, 26, '2022-05-08 17:18:27', '2022-05-08 17:18:27'),
(1770, 'FARPhan Wali', 'Taj Wali Khan', '19/F-ES-44', 4, 26, '2022-05-08 17:18:27', '2022-05-08 17:18:27'),
(1771, 'Abdul Waheed', 'Abdul Haleem', '19/F-ES-45', 2, 26, '2022-05-08 17:18:27', '2022-05-08 17:18:27'),
(1772, 'Deepak', 'kanya lal', '19/F-ES-46', 4, 26, '2022-05-08 17:18:27', '2022-05-08 17:18:27'),
(1773, 'Iman', 'Abdul Naeem', '19/F-ES-47', 2, 26, '2022-05-08 17:18:27', '2022-05-08 17:18:27'),
(1774, 'MUHAMMAD ZIYAF', 'RIAZ KHAN', '19/F-ES-48', 4, 26, '2022-05-08 17:18:27', '2022-05-08 17:18:27'),
(1775, 'MUHAMMAD FARPAZ BUTT', 'MUHAMMAD RAFEED', '19/F-ES-49', 2, 26, '2022-05-08 17:18:27', '2022-05-08 17:18:27'),
(1776, 'MIDHAT', 'SYED FURQAN RAZA', '19/F-ES-50', 4, 26, '2022-05-08 17:18:27', '2022-05-08 17:18:27'),
(1777, 'bibi hafsa', 'manzoor ahmed awan', '19/F-ES-51', 2, 26, '2022-05-08 17:18:27', '2022-05-08 17:18:27'),
(1778, 'MOHIB ALI', 'HAFIZ ALLAH WARPAIO', '19/F-ES-52', 4, 26, '2022-05-08 17:18:27', '2022-05-08 17:18:27'),
(1779, 'Hamza Mughal', 'Muhammad Boota', '19/F-ES-53', 2, 26, '2022-05-08 17:18:27', '2022-05-08 17:18:27'),
(1780, 'MUHAMMAD AURANGZAIB KHAN', 'MUHAMMAD ANWER KHAN', '19/F-ES-55', 2, 26, '2022-05-08 17:18:27', '2022-05-08 17:18:27'),
(1781, 'MUHAMMAD AHMED', 'MUHAMMAD ISLAM', '19/F-ES-56', 4, 26, '2022-05-08 17:18:27', '2022-05-08 17:18:27'),
(1782, 'OSAMA', 'MUHAMMAD SALEEM', '19/F-ES-57', 2, 26, '2022-05-08 17:18:27', '2022-05-08 17:18:27'),
(1783, 'Mubashira Hamid Aziz', 'Hamid Aziz', '19/F-ES-58', 4, 26, '2022-05-08 17:18:27', '2022-05-08 17:18:27'),
(1784, 'Mezawir Javaid', 'Javaid Iqbal', '19/F-ES-59', 2, 26, '2022-05-08 17:18:27', '2022-05-08 17:18:27'),
(1785, 'FAWAD NUSRAT', 'NUSRAT HUSSAIN', '19/F-ES-60', 4, 26, '2022-05-08 17:18:27', '2022-05-08 17:18:27'),
(1786, 'MUHAMMAD AHSAN', 'MUHAMMAD AMIN', '19/F-ES-61', 2, 26, '2022-05-08 17:18:27', '2022-05-08 17:18:27'),
(1787, 'ARPif Ali Amur', 'ZulfiqARP Hussain Amur', '19/F-ES-63', 4, 26, '2022-05-08 17:18:27', '2022-05-08 17:18:27'),
(1788, 'Syed Hassan Rashid', 'Syed Rashid Iqbal', '19/F-ES-64', 2, 26, '2022-05-08 17:18:27', '2022-05-08 17:18:27'),
(1789, 'ABDULLAH DANISH', 'SHAH MUHAMMAD', '19/F-ES-65', 4, 26, '2022-05-08 17:18:27', '2022-05-08 17:18:27'),
(1790, 'Muhammad Hassan', 'Muhammad Musa', '19/F-ES-66', 2, 26, '2022-05-08 17:18:27', '2022-05-08 17:18:27'),
(1791, 'Esam Eldin', 'Osman', '19/F-ES-67', 4, 26, '2022-05-08 17:18:27', '2022-05-08 17:18:27'),
(1792, 'Muhammad Hammad Hadi', 'Muhammad TARPiq', '19/F-ES-68', 2, 26, '2022-05-08 17:18:27', '2022-05-08 17:18:27'),
(1793, 'Umair Hayat', 'Muhammad Hayat', '19/F-ES-69', 4, 26, '2022-05-08 17:18:27', '2022-05-08 17:18:27'),
(1794, 'ShehARPyARP Khan', 'Shoukat Ali Khan', '19/F-ES-70', 2, 26, '2022-05-08 17:18:27', '2022-05-08 17:18:27'),
(1795, 'Awais Ali Solangi', 'ZulfiqARP Ali Solangi', '19/F-ES-71', 4, 26, '2022-05-08 17:18:27', '2022-05-08 17:18:27'),
(1796, 'Mazkoor Ahmed', 'Ijaz Ali', '19/F-ES-72', 2, 26, '2022-05-08 17:18:27', '2022-05-08 17:18:27'),
(1797, 'MUHAMMAD ANUS SHEIKH', 'SHEIKH MUHAMMAD YOUNUS', '19/F-ES-73', 4, 26, '2022-05-08 17:18:27', '2022-05-08 17:18:27'),
(1798, 'Muhammad Shaheer Hussain', 'Shujat Hussain', '19/F-ES-74', 2, 26, '2022-05-08 17:18:27', '2022-05-08 17:18:27'),
(1799, 'MUHAMMAD HASNAIN BIN IMTIAZ', 'MUHAMMAD IMTIAZ IBRAHIM', '19/F-ES-75', 4, 26, '2022-05-08 17:18:27', '2022-05-08 17:18:27'),
(1800, 'Aizaz Ali Langah', 'Muhammad Khan Langah', '19/F-ES-76', 2, 26, '2022-05-08 17:18:27', '2022-05-08 17:18:27'),
(1801, 'USAID BIN ASAD', 'ASAD AHMED SIDDIQI', '19/F-ES-77', 4, 26, '2022-05-08 17:18:27', '2022-05-08 17:18:27'),
(1802, 'SYED ALYAN KHALID', 'SYED MUHAMMAD KHALID', '19/F-ES-78', 2, 26, '2022-05-08 17:18:27', '2022-05-08 17:18:27'),
(1803, 'sunaila baber mughal', 'baber mughal', '19/F-ES-80', 2, 26, '2022-05-08 17:18:27', '2022-05-08 17:18:27'),
(1804, 'GHULAM ALI', 'NAJAMUDDIN', '19/F-ES-81', 4, 26, '2022-05-08 17:18:27', '2022-05-08 17:18:27'),
(1805, 'Muhammad Yaseen', 'Muhammad Zaman', '19/F-ES-82', 2, 26, '2022-05-08 17:18:27', '2022-05-08 17:18:27'),
(1806, 'shiraz ahmed', 'altaf hussain', '19/F-ES-83', 4, 26, '2022-05-08 17:18:27', '2022-05-08 17:18:27'),
(1807, 'MUHAMMAD JAWAD', 'ABID HUSSAIN', '19/F-ES-84', 2, 26, '2022-05-08 17:18:27', '2022-05-08 17:18:27'),
(1808, 'Muhammad Hammad', 'Muhammad Shaukat', '19/F-ES-85', 4, 26, '2022-05-08 17:18:27', '2022-05-08 17:18:27'),
(1809, 'MUHAMMAD UZAIR', 'ABDUL SATTARP', '19/F-ES-86', 2, 26, '2022-05-08 17:18:27', '2022-05-08 17:18:27'),
(1810, 'MUHAMMAD MAJID RAZA', 'MUHAMMAD RASHID', '19/F-ES-87', 4, 26, '2022-05-08 17:18:27', '2022-05-08 17:18:27'),
(1811, 'Muzzamil Mahmood', 'M M Fateh Mohammad', '19/F-ES-88', 2, 26, '2022-05-08 17:18:27', '2022-05-08 17:18:27'),
(1812, 'Abdul Baqi', 'Abdul Hadi', '19/F-ES-89', 4, 26, '2022-05-08 17:18:27', '2022-05-08 17:18:27'),
(1813, 'Huma Asif', 'Muhammad Asif', '19/F-ES-90', 2, 26, '2022-05-08 17:18:27', '2022-05-08 17:18:27'),
(1814, 'SARPdARP Sami Ullah Rashid', 'Muhammad Rashid Khan', '19/F-ES-91', 4, 26, '2022-05-08 17:18:27', '2022-05-08 17:18:27'),
(1815, 'ADEEL JAWAID', 'JAWAID MIAN', '19/F-ES-92', 2, 26, '2022-05-08 17:18:27', '2022-05-08 17:18:27'),
(1816, 'Alsa', 'Adnan', '19/F-ES-93', 4, 26, '2022-05-08 17:18:27', '2022-05-08 17:18:27'),
(1817, 'ARPBAZ KHAN JOGEZAI', 'MUHAMMAD TAHIR KHAN', '20/F-19/F-ES-62', 2, 25, '2022-05-08 17:18:27', '2022-05-08 17:18:27'),
(1818, 'HAFIZ MUHAMMAD SARPIM ANSARPI', 'MUHAMMAD HUSSAIN', '20-ES-01', 1, 25, '2022-05-08 17:18:34', '2022-05-08 17:18:34'),
(1819, 'Muhammad Zain Islam', 'FARPooq Islam', '20-ES-02', 3, 25, '2022-05-08 17:18:34', '2022-05-08 17:18:34'),
(1820, 'AABIS NASIR', 'NASIR JAMIL', '20-ES-03', 1, 25, '2022-05-08 17:18:34', '2022-05-08 17:18:34'),
(1821, 'AMNA SOLANGI', 'AYAZ ALI SOLANGI', '20-ES-04', 3, 25, '2022-05-08 17:18:34', '2022-05-08 17:18:34'),
(1822, 'Fazal wahab', 'Muhammad Younas', '20-ES-05', 1, 25, '2022-05-08 17:18:34', '2022-05-08 17:18:34'),
(1823, 'SYED MUJTABA MEHDI', 'SYED QAMMARP MEHDI', '20-ES-06', 3, 25, '2022-05-08 17:18:34', '2022-05-08 17:18:34'),
(1824, 'ABDUL MAJID', 'ABDUL KABEER', '20-ES-07', 1, 25, '2022-05-08 17:18:34', '2022-05-08 17:18:34'),
(1825, 'Ghulamullah', 'MunawARP Ali', '20-ES-08', 3, 25, '2022-05-08 17:18:34', '2022-05-08 17:18:34'),
(1826, 'Muhammad Noman Khan', 'Muhammad Ayaz Khan', '20-ES-10', 3, 25, '2022-05-08 17:18:34', '2022-05-08 17:18:34'),
(1827, 'AHTISHAM HUSSAIN', 'MUNEER HUSSAIN', '20-ES-11', 1, 25, '2022-05-08 17:18:34', '2022-05-08 17:18:34'),
(1828, 'SANNAN AKRAM', 'MUHAMMAD AKRAM', '20-ES-12', 3, 25, '2022-05-08 17:18:34', '2022-05-08 17:18:34'),
(1829, 'DANIYAL MAHMOOD', 'MAHMOOD KHAN', '20-ES-13', 1, 25, '2022-05-08 17:18:34', '2022-05-08 17:18:34'),
(1830, 'AnwARP Ali', 'AnwARP Zada', '20-ES-14', 3, 25, '2022-05-08 17:18:34', '2022-05-08 17:18:34'),
(1831, 'Hamza khalid', 'Khalid Hussain', '20-ES-16', 3, 25, '2022-05-08 17:18:34', '2022-05-08 17:18:34'),
(1832, 'ARPij Amin', 'Syed Inamullah', '20-ES-17', 1, 25, '2022-05-08 17:18:34', '2022-05-08 17:18:34'),
(1833, 'ANAS', 'ABDUL SATTARP', '20-ES-18', 3, 25, '2022-05-08 17:18:34', '2022-05-08 17:18:34'),
(1834, 'KISHOR', 'MALU', '20-ES-19', 1, 25, '2022-05-08 17:18:34', '2022-05-08 17:18:34'),
(1835, 'MANZOOR KHAWAJA', 'NADIR ALI', '20-ES-20', 3, 25, '2022-05-08 17:18:34', '2022-05-08 17:18:34'),
(1836, 'Muhammad Huzaifa', 'Abid Ali Khan', '20-ES-21', 1, 25, '2022-05-08 17:18:34', '2022-05-08 17:18:34'),
(1837, 'Sabeen', 'Abdul Razaq Shaikh', '20-ES-22', 3, 25, '2022-05-08 17:18:34', '2022-05-08 17:18:34'),
(1838, 'Shaheer Javed', 'Javed Azeem', '20-ES-23', 1, 25, '2022-05-08 17:18:34', '2022-05-08 17:18:34'),
(1839, 'MUMMAZ ALI', 'MUSHTAQUE AHMED DEPARP', '20-ES-24', 3, 25, '2022-05-08 17:18:34', '2022-05-08 17:18:34'),
(1840, 'Shoaib Ahmed', 'Rafique', '20-ES-25', 1, 25, '2022-05-08 17:18:34', '2022-05-08 17:18:34'),
(1841, 'MUHAMMAD HARPIS', 'MUHAMMAD ZIA UD DIN', '20-ES-26', 3, 25, '2022-05-08 17:18:34', '2022-05-08 17:18:34'),
(1842, 'Muhammad Maher Ahmed', 'Muhammad Sajid', '20-ES-27', 1, 25, '2022-05-08 17:18:34', '2022-05-08 17:18:34'),
(1843, 'Syed Bilal Ali', 'Syed Mahboob Ali', '20-ES-28', 3, 25, '2022-05-08 17:18:34', '2022-05-08 17:18:34'),
(1844, 'Fahad Ahmad', 'Allah Rakha', '20-ES-29', 2, 25, '2022-05-08 17:18:34', '2022-05-08 17:18:34'),
(1845, 'Sameer Ahmed', 'Muhammad Ishaq', '20-ES-30', 4, 25, '2022-05-08 17:18:34', '2022-05-08 17:18:34'),
(1846, 'Komail', 'Roshan Ali', '20-ES-31', 2, 25, '2022-05-08 17:18:34', '2022-05-08 17:18:34'),
(1847, 'Naushaba', 'Majid Ali', '20-ES-32', 4, 25, '2022-05-08 17:18:34', '2022-05-08 17:18:34'),
(1848, 'Haseeb Rehman', 'Abdul Rehman Bhutto', '20-ES-33', 2, 25, '2022-05-08 17:18:34', '2022-05-08 17:18:34'),
(1849, 'AAMIR HASSAN', 'MIR HASSAN', '20-ES-34', 4, 25, '2022-05-08 17:18:34', '2022-05-08 17:18:34'),
(1850, 'ALI ADIL', 'SADAQAT ALI', '20-ES-35', 2, 25, '2022-05-08 17:18:34', '2022-05-08 17:18:34'),
(1851, 'Ali akbARP', 'Khalid hussain bhutto', '20-ES-36', 4, 25, '2022-05-08 17:18:34', '2022-05-08 17:18:34'),
(1852, 'Abdul Qadir', 'Khuda Bux', '20-ES-37', 2, 25, '2022-05-08 17:18:34', '2022-05-08 17:18:34'),
(1853, 'MUHAMMAD AAMIR IQBAL', 'MUHAMMAD IQBAL OWAISI', '20-ES-38', 4, 25, '2022-05-08 17:18:34', '2022-05-08 17:18:34'),
(1854, 'Ahmed Raza', 'Abdul Hameed', '20-ES-39', 2, 25, '2022-05-08 17:18:34', '2022-05-08 17:18:34'),
(1855, 'Muhammad Ahmed', 'Muhammad ARPshad Khan', '20-ES-40', 4, 25, '2022-05-08 17:18:34', '2022-05-08 17:18:34'),
(1856, 'Ali Raza', 'Nasir Ali', '20-ES-42', 4, 25, '2022-05-08 17:18:34', '2022-05-08 17:18:34'),
(1857, 'KASHAF NAZ', 'SHAHZAD AHMED', '20-ES-45', 2, 25, '2022-05-08 17:18:34', '2022-05-08 17:18:34'),
(1858, 'SHAYAN TOFIQUE', 'TOFIQUE AHMED', '20-ES-46', 4, 25, '2022-05-08 17:18:34', '2022-05-08 17:18:34'),
(1859, 'Muhammad FARPaz', 'Muhaamad Shabbir', '20-ES-49', 2, 25, '2022-05-08 17:18:34', '2022-05-08 17:18:34'),
(1860, 'MUHAMMAD MUZAMMIL', 'MUHAMMAD SARPFARPAZ', '20-ES-55', 2, 25, '2022-05-08 17:18:34', '2022-05-08 17:18:34'),
(1861, 'Muhammad Raza Sheikh', 'Muhammad Aslam Sheikh', '20-ES-59', 2, 25, '2022-05-08 17:18:34', '2022-05-08 17:18:34'),
(1862, 'Muhammad Saleh Awan', 'AsghARP Hussain', '20-ES-61', 2, 25, '2022-05-08 17:18:34', '2022-05-08 17:18:34'),
(1863, 'Muhammad Shaheer', 'Muhammad Khurram', '20-ES-63', 2, 25, '2022-05-08 17:18:34', '2022-05-08 17:18:34'),
(1864, 'MUHAMMAD ZUHAIR TARPIQ SIDDIQUI', 'MUHAMMAD TARPIQ HAFEEZ SIDDIQUI', '20-ES-73', 2, 25, '2022-05-08 17:18:34', '2022-05-08 17:18:34'),
(1865, 'SAMEER AHMED', 'MUHAMMAD SALEEM', '20-ES-79', 2, 25, '2022-05-08 17:18:34', '2022-05-08 17:18:34'),
(1866, 'Syed Muhammad Taha Aosjah', 'Qalb-e-Hussain Shah', '20-ES-83', 2, 25, '2022-05-08 17:18:34', '2022-05-08 17:18:34'),
(1867, 'UMER RAUF', 'ABDUL RAUF', '20-ES-87', 2, 25, '2022-05-08 17:18:34', '2022-05-08 17:18:34'),
(1868, 'Ushna Khan', 'Muslim FARPooque Khan', '20-ES-88', 4, 25, '2022-05-08 17:18:34', '2022-05-08 17:18:34'),
(1869, 'Zakir Ali', 'Hamid Ali', '20-ES-89', 2, 25, '2022-05-08 17:18:34', '2022-05-08 17:18:34'),
(1870, 'RAJA MEHBOOB ALI', 'JALALUDDIN', '20-ES-92', 4, 25, '2022-05-08 17:18:34', '2022-05-08 17:18:34'),
(1871, 'Muhammad Shuaib', 'Dhani Bux CHEanna', '20-ES-93', 2, 25, '2022-05-08 17:18:34', '2022-05-08 17:18:34'),
(1872, 'MUZZAMIL PATHAN', 'MUHAMMAD AFZAL', '20-ES-95', 2, 25, '2022-05-08 17:18:34', '2022-05-08 17:18:34'),
(1873, 'MUHAMMAD RAEES UL HUSSAIN HASHMI', 'NADEEM SHEHZAD HASHMI', '20-ES-96', 4, 25, '2022-05-08 17:18:34', '2022-05-08 17:18:34'),
(1874, 'MUHAMMAD MOAZZAM KHAN', 'MUHAMMAD SARPFARPAZ KHAN', '21/F-ES-01', 1, 24, '2022-05-08 17:18:42', '2022-05-08 17:18:42'),
(1875, 'Touheed Raza', 'Muhammad Sajid', '21/F-ES-02', 3, 24, '2022-05-08 17:18:42', '2022-05-08 17:18:42'),
(1876, 'Hamid Raza', 'Muhammad Jamil', '21/F-ES-04', 3, 24, '2022-05-08 17:18:42', '2022-05-08 17:18:42'),
(1877, 'Samra Gul', 'Ghulam hussain', '21/F-ES-05', 1, 24, '2022-05-08 17:18:42', '2022-05-08 17:18:42'),
(1878, 'Muhammad Majid', 'Aurangzaib', '21/F-ES-06', 3, 24, '2022-05-08 17:18:42', '2022-05-08 17:18:42'),
(1879, 'Muhammad ARPslan Hyder', 'Muhammad Aslam', '21/F-ES-07', 1, 24, '2022-05-08 17:18:42', '2022-05-08 17:18:42'),
(1880, 'AbdulHaadi', 'Nazir Hussain', '21/F-ES-08', 3, 24, '2022-05-08 17:18:42', '2022-05-08 17:18:42'),
(1881, 'Abdul Samad', 'Fateh Muhammad', '21/F-ES-11', 1, 24, '2022-05-08 17:18:42', '2022-05-08 17:18:42'),
(1882, 'Waleed Hassan', 'ARPif Kamal', '21/F-ES-12', 3, 24, '2022-05-08 17:18:42', '2022-05-08 17:18:42'),
(1883, 'Tasbiha AnwARP Adil', 'AnwARP Adil', '21/F-ES-13', 1, 24, '2022-05-08 17:18:42', '2022-05-08 17:18:42'),
(1884, 'Muhammad Saad', 'Muhammad Mansoor', '21/F-ES-14', 3, 24, '2022-05-08 17:18:42', '2022-05-08 17:18:42'),
(1885, 'Maham Sheikh', 'Muhammad Khalid', '21/F-ES-15', 1, 24, '2022-05-08 17:18:42', '2022-05-08 17:18:42'),
(1886, 'muhammad azlan kamali', 'muhammad zaki kamali', '21/F-ES-16', 3, 24, '2022-05-08 17:18:42', '2022-05-08 17:18:42'),
(1887, 'Syed Atizaz Amin', 'Syed Inamullah', '21/F-ES-17', 1, 24, '2022-05-08 17:18:42', '2022-05-08 17:18:42'),
(1888, 'Mahesh KumARP', 'Ramesh KumARP', '21/F-ES-18', 3, 24, '2022-05-08 17:18:42', '2022-05-08 17:18:42'),
(1889, 'Bazan TARPiq', 'TARPiq Aziz', '21/F-ES-19', 1, 24, '2022-05-08 17:18:42', '2022-05-08 17:18:42'),
(1890, 'Hameez ARPjumand Salik', 'Mohammad Qadeer', '21/F-ES-21', 1, 24, '2022-05-08 17:18:42', '2022-05-08 17:18:42'),
(1891, 'SAHIL', 'KHENPARP MAL', '21/F-ES-22', 3, 24, '2022-05-08 17:18:42', '2022-05-08 17:18:42'),
(1892, 'ARPOOBA YOUSUF', 'SHAIKH MUHAMMAD YOUSUF', '21/F-ES-23', 1, 24, '2022-05-08 17:18:42', '2022-05-08 17:18:42'),
(1893, 'SHEIKH AMMARP', 'ABDUL QADEER', '21/F-ES-25', 1, 24, '2022-05-08 17:18:42', '2022-05-08 17:18:42'),
(1894, 'EHTISHAM UL HAQ', 'M RAMZAN', '21/F-ES-26', 3, 24, '2022-05-08 17:18:42', '2022-05-08 17:18:42'),
(1895, 'Umair Bin Asim', 'Asim Ubaid', '21/F-ES-27', 1, 24, '2022-05-08 17:18:42', '2022-05-08 17:18:42'),
(1896, 'Muhammad Hammad Javed', 'Javed Ahmed', '21/F-ES-28', 3, 24, '2022-05-08 17:18:42', '2022-05-08 17:18:42'),
(1897, 'Syed Hassan Ali Shah', 'Syed Sajid Ali', '21/F-ES-29', 1, 24, '2022-05-08 17:18:42', '2022-05-08 17:18:42'),
(1898, 'Yusra Amir', 'Muhammad Amir', '21/F-ES-31', 1, 24, '2022-05-08 17:18:42', '2022-05-08 17:18:42'),
(1899, 'MUHAMMAD UMER KHAN', 'ABID RAZA KHAN', '21/F-ES-32', 3, 24, '2022-05-08 17:18:42', '2022-05-08 17:18:42'),
(1900, 'Muzamil Ali', 'MuzafARP Ali', '21/F-ES-33', 1, 24, '2022-05-08 17:18:42', '2022-05-08 17:18:42'),
(1901, 'Salman khan', 'Kamal Khan', '21/F-ES-34', 3, 24, '2022-05-08 17:18:42', '2022-05-08 17:18:42'),
(1902, 'MUHAMMAD RIZWAN KHALID', 'KHALID SHAMS', '21/F-ES-36', 3, 24, '2022-05-08 17:18:42', '2022-05-08 17:18:42'),
(1903, 'waqARP khalid bhutto', 'khalid hussain bhutto', '21/F-ES-37', 1, 24, '2022-05-08 17:18:42', '2022-05-08 17:18:42'),
(1904, 'Kinza ', 'Ashiq Hussain', '21/F-ES-39', 1, 24, '2022-05-08 17:18:42', '2022-05-08 17:18:42'),
(1905, 'Muhammad Khan', 'Yousuf Khan', '21/F-ES-40', 3, 24, '2022-05-08 17:18:43', '2022-05-08 17:18:43'),
(1906, 'Muhammad Maaz', 'Tameezuddin Latif', '21/F-ES-41', 2, 24, '2022-05-08 17:18:43', '2022-05-08 17:18:43'),
(1907, 'MUHAMMAD NABEEL HUSSAIN KHAN', 'MUHAMMAD RAFAT HUSSAIN KHAN', '21/F-ES-42', 4, 24, '2022-05-08 17:18:43', '2022-05-08 17:18:43'),
(1908, 'Azhan Shaikh', 'Shakeel AnwARP', '21/F-ES-43', 2, 24, '2022-05-08 17:18:43', '2022-05-08 17:18:43'),
(1909, 'Abdul Rafay', 'Shair Muhammad', '21/F-ES-44', 4, 24, '2022-05-08 17:18:43', '2022-05-08 17:18:43'),
(1910, 'SIDRA LAIQ', 'LAIQ UR REHMAN KHAN', '21/F-ES-45', 2, 24, '2022-05-08 17:18:43', '2022-05-08 17:18:43'),
(1911, 'Furqan Mehdi', 'Bakhshal Khan ', '21/F-ES-46', 4, 24, '2022-05-08 17:18:43', '2022-05-08 17:18:43'),
(1912, 'HUMEESHA', 'DEVDUT', '21/F-ES-47', 2, 24, '2022-05-08 17:18:43', '2022-05-08 17:18:43'),
(1913, 'Muhammad Musadiq', 'Manzoor Ali Tunio', '21/F-ES-48', 4, 24, '2022-05-08 17:18:43', '2022-05-08 17:18:43'),
(1914, 'SUFYAN ALI', 'MUHAMMAD IBRAHEEM', '21/F-ES-49', 2, 24, '2022-05-08 17:18:43', '2022-05-08 17:18:43'),
(1915, ' ', 'AkhtARP Kamal Khan', '21/F-ES-50', 4, 24, '2022-05-08 17:18:43', '2022-05-08 17:18:43'),
(1916, 'Aziz Azeem', 'Muhammad Azeem', '21/F-ES-51', 2, 24, '2022-05-08 17:18:43', '2022-05-08 17:18:43'),
(1917, 'Syed Shah Maknoon', 'Syed ShARPif Hussain', '21/F-ES-52', 4, 24, '2022-05-08 17:18:43', '2022-05-08 17:18:43'),
(1918, 'Muhammad Usama', 'MunawARP Ali', '21/F-ES-53', 2, 24, '2022-05-08 17:18:43', '2022-05-08 17:18:43'),
(1919, 'Hammad Khalil', 'Muhammad Khalil', '21/F-ES-54', 4, 24, '2022-05-08 17:18:43', '2022-05-08 17:18:43'),
(1920, 'Sakina Batool', 'Nawab Hussain', '21/F-ES-57', 2, 24, '2022-05-08 17:18:43', '2022-05-08 17:18:43'),
(1921, 'Sibtain Shah', 'Syed Hashim Raza', '21/F-ES-58', 4, 24, '2022-05-08 17:18:43', '2022-05-08 17:18:43'),
(1922, 'Muhammad Ali', 'Khawaja Muhammad Abid', '21/F-ES-59', 2, 24, '2022-05-08 17:18:43', '2022-05-08 17:18:43'),
(1923, 'Shahzad', 'Meer Muhammad', '21/F-ES-60', 4, 24, '2022-05-08 17:18:43', '2022-05-08 17:18:43'),
(1924, 'Ali Hassan', 'Maqsood Khan', '21/F-ES-61', 2, 24, '2022-05-08 17:18:43', '2022-05-08 17:18:43'),
(1925, 'Sapna', 'Raza Muhammad', '21/F-ES-62', 4, 24, '2022-05-08 17:18:43', '2022-05-08 17:18:43'),
(1926, 'MUHAMMAD ZAIN', 'MUHAMMAD DILSHAD AKHTARP', '21/F-ES-63', 2, 24, '2022-05-08 17:18:43', '2022-05-08 17:18:43'),
(1927, 'wARPisha aslam', 'sheikh muhammad aslam', '21/F-ES-64', 4, 24, '2022-05-08 17:18:43', '2022-05-08 17:18:43'),
(1928, 'ABU SUFIYAN SULTAN', 'MUHAMMAD SULTAN', '21/F-ES-65', 2, 24, '2022-05-08 17:18:43', '2022-05-08 17:18:43'),
(1929, 'Saifullah Khan', 'Muhammad Saleem', '21/F-ES-66', 4, 24, '2022-05-08 17:18:43', '2022-05-08 17:18:43'),
(1930, 'Muhammad Ashhad Hassan', 'Khalid Aqeel', '21/F-ES-67', 2, 24, '2022-05-08 17:18:43', '2022-05-08 17:18:43'),
(1931, 'Huzaim', 'Muhammad AkhtARP', '21/F-ES-68', 4, 24, '2022-05-08 17:18:43', '2022-05-08 17:18:43'),
(1932, 'OWAISZULFIQARP', 'ZULFIQARP ALI', '21/F-ES-70', 4, 24, '2022-05-08 17:18:43', '2022-05-08 17:18:43'),
(1933, 'Muhammad Ammad Faisal', 'Faisal Mumtaz Khan', '21/F-ES-71', 2, 24, '2022-05-08 17:18:43', '2022-05-08 17:18:43'),
(1934, 'NasARP ali', 'Sabir ali', '21/F-ES-72', 4, 24, '2022-05-08 17:18:43', '2022-05-08 17:18:43'),
(1935, 'HAMID ALI', 'AKBARP ALI', '21/F-ES-73', 2, 24, '2022-05-08 17:18:43', '2022-05-08 17:18:43'),
(1936, 'Eman Batool Zaide', 'Lt. Col MussARPat Abbas', '21/F-ES-74', 4, 24, '2022-05-08 17:18:43', '2022-05-08 17:18:43'),
(1937, 'Zahid Ali', 'Ramzan Ali', '21/F-ES-75', 2, 24, '2022-05-08 17:18:43', '2022-05-08 17:18:43'),
(1938, 'Saleem Abbas', 'Ghulam Abbas', '21/F-ES-76', 4, 24, '2022-05-08 17:18:43', '2022-05-08 17:18:43'),
(1939, 'Abdul Waheed', 'Ali Nawaz', '19/F-19-EE-39', 1, 42, '2022-05-08 17:24:59', '2022-05-08 17:24:59'),
(1940, 'Sajid Ali Ghulam Mehdi', 'Ghulam Mehdi', '19/F-19-EE-43', 1, 42, '2022-05-08 17:24:59', '2022-05-08 17:24:59'),
(1941, 'Ayesha MazhARP', 'Muhammad MazhARP Iqbal Khan', '19-EE-02', 1, 42, '2022-05-08 17:24:59', '2022-05-08 17:24:59'),
(1942, 'SADAQUAT ALI', 'LIAQUAT ALI', '19-EE-03', 1, 42, '2022-05-08 17:24:59', '2022-05-08 17:24:59'),
(1943, 'Haleemullah', 'Muhammad Shafiq', '19-EE-04', 1, 42, '2022-05-08 17:24:59', '2022-05-08 17:24:59'),
(1944, 'SUFYAN ANWARP', 'KHURSHEED ANWARP', '19-EE-05', 1, 42, '2022-05-08 17:24:59', '2022-05-08 17:24:59'),
(1945, 'Muhammad Saud Baig', 'Muhammad Asif Baig', '19-EE-07', 1, 42, '2022-05-08 17:24:59', '2022-05-08 17:24:59'),
(1946, 'ASHFAQ ALI', 'RAHIB ALI TAGARP', '19-EE-14', 1, 42, '2022-05-08 17:24:59', '2022-05-08 17:24:59'),
(1947, 'ALI', 'MUSHTAQUE AHMED', '19-EE-15', 1, 42, '2022-05-08 17:24:59', '2022-05-08 17:24:59'),
(1948, 'NAJEEBULLAH', 'QAMARP U DIN', '19-EE-16', 1, 42, '2022-05-08 17:24:59', '2022-05-08 17:24:59'),
(1949, 'Muhammad Azam', 'Munir Ahmed', '19-EE-18', 1, 42, '2022-05-08 17:24:59', '2022-05-08 17:24:59'),
(1950, 'Abdul Rehman Khan', 'FARPhatullah Khan', '19-EE-21', 1, 42, '2022-05-08 17:24:59', '2022-05-08 17:24:59'),
(1951, 'Wajeeh Ud Din Ahmed Malik', 'Muhammad Akram', '19-EE-22', 1, 42, '2022-05-08 17:24:59', '2022-05-08 17:24:59'),
(1952, 'ARPeeba  Khan', 'Mushtaq Ahmed Khan', '19-EE-24', 1, 42, '2022-05-08 17:24:59', '2022-05-08 17:24:59'),
(1953, 'Muhammad Ali', 'Hazrat Ali', '19-EE-25', 1, 42, '2022-05-08 17:24:59', '2022-05-08 17:24:59'),
(1954, 'KIRAN SAIF', 'SAIFULLAH', '19-EE-27', 1, 42, '2022-05-08 17:24:59', '2022-05-08 17:24:59'),
(1955, 'Kapil dev', 'Jai Shanker', '19-EE-29', 1, 42, '2022-05-08 17:24:59', '2022-05-08 17:24:59'),
(1956, 'Owais Aziz', 'Aziz Ahmed', '19-EE-30', 1, 42, '2022-05-08 17:24:59', '2022-05-08 17:24:59'),
(1957, 'Usama Bin Zaffurallah', 'Zaffurallah LeghARPi', '19-EE-31', 1, 42, '2022-05-08 17:24:59', '2022-05-08 17:24:59'),
(1958, 'Syed Huzaifa Ali', 'Syed Mushtaq Ali', '19-EE-32', 1, 42, '2022-05-08 17:24:59', '2022-05-08 17:24:59'),
(1959, 'Aamir Ali', 'Qaim khan solangi', '19-EE-34', 1, 42, '2022-05-08 17:24:59', '2022-05-08 17:24:59'),
(1960, 'SYED MUHAMMAD SAAD', 'SYED SHAFIQ AHMED', '19-EE-35', 1, 42, '2022-05-08 17:24:59', '2022-05-08 17:24:59'),
(1961, 'Muhammad Talha Memon', 'Muhammad Saleem Memon', '19-EE-38', 1, 42, '2022-05-08 17:24:59', '2022-05-08 17:24:59'),
(1962, 'SidhARPth', 'Ramesh KumARP Tanwani', '19-EE-40', 1, 42, '2022-05-08 17:24:59', '2022-05-08 17:24:59'),
(1963, 'MUHAMMAD OWAIS KHAN', 'MUHAMMAD ASLAM KHAN', '19-EE-41', 1, 42, '2022-05-08 17:24:59', '2022-05-08 17:24:59'),
(1964, 'Ayaz Ali', 'Riazat Ali', '19-EE-42', 1, 42, '2022-05-08 17:24:59', '2022-05-08 17:24:59'),
(1965, 'Abdul Wahab', 'IftikhARP Ahmed', '19-EE-44', 1, 42, '2022-05-08 17:24:59', '2022-05-08 17:24:59'),
(1966, 'Muhammad Talha', 'Muhammad Aamir', '19-EE-45', 1, 42, '2022-05-08 17:24:59', '2022-05-08 17:24:59'),
(1967, 'Muzammil Ali qureshi', 'Hamid Ali Qureshi', '19-EE-46', 1, 42, '2022-05-08 17:24:59', '2022-05-08 17:24:59'),
(1968, 'Usman TARPiq', 'TARPiq Nadeem', '19-EE-47', 1, 42, '2022-05-08 17:24:59', '2022-05-08 17:24:59'),
(1969, 'KASHAF UR REHMAN', 'SHAFIQUE AHMED', '19-EE-48', 1, 42, '2022-05-08 17:24:59', '2022-05-08 17:24:59'),
(1970, 'ALASHBA JAMIL', 'JAMIL AKHTER', '19-EE-49', 1, 42, '2022-05-08 17:24:59', '2022-05-08 17:24:59'),
(1971, 'Bisma Rafique', 'Mohammad Rafique Shaikh', '19-EE-50', 1, 42, '2022-05-08 17:24:59', '2022-05-08 17:24:59'),
(1972, 'MUQEER', 'MUNWARP AHMED', '19-EE-51', 1, 42, '2022-05-08 17:24:59', '2022-05-08 17:24:59'),
(1973, 'MARPyam Khan', 'Asad Najeeb Ullah Khan', '19-EE-52', 1, 42, '2022-05-08 17:24:59', '2022-05-08 17:24:59'),
(1974, 'uroojmehmood', 'mehmoodnaseem', '19-EE-53', 1, 42, '2022-05-08 17:24:59', '2022-05-08 17:24:59'),
(1975, 'RAMSHA AKBARP', 'RAO MUHAMMAD AKBARP', '19-EE-54', 1, 42, '2022-05-08 17:24:59', '2022-05-08 17:24:59'),
(1976, 'Rabnawaz', 'Wahid Bux', '19-EE-55', 1, 42, '2022-05-08 17:24:59', '2022-05-08 17:24:59'),
(1977, 'Muhammad Hammad', 'Mushtaq Ali', '20-EE-02', 1, 41, '2022-05-08 17:29:53', '2022-05-08 17:29:53'),
(1978, 'Muhammad Usman', 'Jawaid Akhter', '20-EE-04', 1, 41, '2022-05-08 17:29:53', '2022-05-08 17:29:53'),
(1979, 'Muhammad Haseeb Khan', 'Muhammad Ahsan Baseer', '20-EE-05', 1, 41, '2022-05-08 17:29:53', '2022-05-08 17:29:53'),
(1980, 'SAAD ALI GHOUS', 'QADIR GHOUS', '20-EE-10', 1, 41, '2022-05-08 17:29:53', '2022-05-08 17:29:53'),
(1981, 'FATIMA ABBAS', 'YAWARP ABBAS', '20-EE-11', 1, 41, '2022-05-08 17:29:53', '2022-05-08 17:29:53'),
(1982, 'aftab ali', 'Mohammad Tofique', '20-EE-12', 1, 41, '2022-05-08 17:29:53', '2022-05-08 17:29:53'),
(1983, 'Syeda Hijab Zehra Rizvi', 'Syed Javed Hadier Rizvi', '20-EE-13', 1, 41, '2022-05-08 17:29:53', '2022-05-08 17:29:53'),
(1984, 'Muhammad Awais', 'Muhammad Ilyas', '20-EE-14', 1, 41, '2022-05-08 17:29:53', '2022-05-08 17:29:53'),
(1985, 'MINHA QURESHI', 'IMRAN UL HAQ QURESHI', '20-EE-15', 1, 41, '2022-05-08 17:29:53', '2022-05-08 17:29:53'),
(1986, 'Ashfaque Ali', 'Gul Hussan', '20-EE-19', 1, 41, '2022-05-08 17:29:53', '2022-05-08 17:29:53'),
(1987, 'Saira Saeed', 'Muhammad Saeed Ahmed', '20-EE-23', 1, 41, '2022-05-08 17:29:53', '2022-05-08 17:29:53'),
(1988, 'TasawARP Afridi', 'Haider Ali', '20-EE-24', 1, 41, '2022-05-08 17:29:53', '2022-05-08 17:29:53'),
(1989, 'Naveed Ul Hassan', 'Skinder', '20-EE-26', 1, 41, '2022-05-08 17:29:53', '2022-05-08 17:29:53'),
(1990, 'SABAHAT MAQBOOL', 'MUHAMMAD MAQBOOL', '20-EE-27', 1, 41, '2022-05-08 17:29:53', '2022-05-08 17:29:53'),
(1991, 'Bahawal khan', 'Muhammad Sajjan', '20-EE-30', 1, 41, '2022-05-08 17:29:53', '2022-05-08 17:29:53'),
(1992, 'Aqsa', 'Abdul Latif shaikh', '20-EE-31', 1, 41, '2022-05-08 17:29:53', '2022-05-08 17:29:53'),
(1993, 'Qirat Fatima', 'Shoukat Ali', '20-EE-38', 1, 41, '2022-05-08 17:29:53', '2022-05-08 17:29:53'),
(1994, 'MARPium Afzal', 'Muhammad Afzal', '20-EE-39', 1, 41, '2022-05-08 17:29:53', '2022-05-08 17:29:53'),
(1995, 'Ghulam Murtaza', 'MunawARP Hussain', '20-EE-40', 1, 41, '2022-05-08 17:29:53', '2022-05-08 17:29:53'),
(1996, 'Moiz Shahid', 'Shahid KARPim', '21/F-EE-01', 1, 40, '2022-05-08 17:30:01', '2022-05-08 17:30:01'),
(1997, 'Muhammad Taha Memon', 'Imtiaz Hussain', '21/F-EE-02', 1, 40, '2022-05-08 17:30:01', '2022-05-08 17:30:01'),
(1998, 'Majid Ali', 'Muhammad GulbahARP', '21/F-EE-03', 1, 40, '2022-05-08 17:30:01', '2022-05-08 17:30:01'),
(1999, 'Abdul Rauf', 'Mohammad ARPif', '21/F-EE-06', 1, 40, '2022-05-08 17:30:01', '2022-05-08 17:30:01'),
(2000, 'SYED EZAN ALI', 'SYED SHAHID ALI', '21/F-EE-12', 1, 40, '2022-05-08 17:30:01', '2022-05-08 17:30:01'),
(2001, 'Muhammad Aqeel Mehdi', 'Ali Imran', '21/F-EE-16', 1, 40, '2022-05-08 17:30:01', '2022-05-08 17:30:01'),
(2002, 'Jamil Ahmed', 'NisARP Ahmed', '21/F-EE-20', 1, 40, '2022-05-08 17:30:01', '2022-05-08 17:30:01'),
(2003, 'MUHAMMAD HUNAIN', 'MUHAMMAD JAVED', '21/F-EE-21', 1, 40, '2022-05-08 17:30:01', '2022-05-08 17:30:01'),
(2004, 'Muhammad Mohayyudin Khan', 'Muhammad Sadullah Khan', '21/F-EE-22', 1, 40, '2022-05-08 17:30:01', '2022-05-08 17:30:01'),
(2005, 'Ghulam Muhammad', 'Imtiaz Ali', '21/F-EE-23', 1, 40, '2022-05-08 17:30:01', '2022-05-08 17:30:01'),
(2006, 'Ahmed Ali', 'Abdul Qayoom CHEadhARP', '21/F-EE-24', 1, 40, '2022-05-08 17:30:01', '2022-05-08 17:30:01'),
(2007, 'Muhammad Tayyab', 'Muhammad Zahid CHEadhARP', '21/F-EE-26', 1, 40, '2022-05-08 17:30:01', '2022-05-08 17:30:01'),
(2008, 'Hamid Ali', 'Hakim', '21/F-EE-28', 1, 40, '2022-05-08 17:30:01', '2022-05-08 17:30:01'),
(2009, 'Hassan Ayoub', 'Muhammad Ayoub', '21/F-EE-29', 1, 40, '2022-05-08 17:30:01', '2022-05-08 17:30:01'),
(2010, 'EMAD AHMED SIDDIQUI', 'IMTIAZ AHMED SIDDIQUI', '21/F-EE-30', 1, 40, '2022-05-08 17:30:01', '2022-05-08 17:30:01'),
(2011, 'MUHAMMAD NOOR NABEEL JAVED', 'JAVED PERVEZ', '21/F-EE-31', 1, 40, '2022-05-08 17:30:01', '2022-05-08 17:30:01'),
(2012, 'Muhammad Sabih', 'AzhARP WaqARP', '21/F-EE-32', 1, 40, '2022-05-08 17:30:01', '2022-05-08 17:30:01'),
(2013, 'muhammad usman awan', 'tARPiq mehmood awan', '21/F-EE-33', 1, 40, '2022-05-08 17:30:01', '2022-05-08 17:30:01'),
(2014, 'Waseem Abbas', 'Ghulam Abbas Burdi', '21/F-EE-34', 1, 40, '2022-05-08 17:30:01', '2022-05-08 17:30:01'),
(2015, 'Hafiza Haya Reham', 'Muhammad Shahid', '21/F-EE-35', 1, 40, '2022-05-08 17:30:01', '2022-05-08 17:30:01'),
(2016, 'Abdul Muneeb', 'Talib Hussain', '21/F-EE-36', 1, 40, '2022-05-08 17:30:01', '2022-05-08 17:30:01'),
(2017, 'MARPium Nadeem', 'Muhammad Nadeem', '21/F-EE-37', 1, 40, '2022-05-08 17:30:01', '2022-05-08 17:30:01'),
(2018, 'Zuhaib Ahmed', 'Ziad Ahmed', '21/F-EE-38', 1, 40, '2022-05-08 17:30:01', '2022-05-08 17:30:01'),
(2019, 'MUHAMMAD AQIB', 'MUHAMMAD AKRAM', '21/F-EE-39', 1, 40, '2022-05-08 17:30:01', '2022-05-08 17:30:01'),
(2020, 'Tahir Iqbal', 'Muhammad Ashraf', '21/F-EE-40', 1, 40, '2022-05-08 17:30:01', '2022-05-08 17:30:01'),
(2021, 'Ashhad Khan', 'Aziz Akhter Khan', '21/F-EE-41', 1, 40, '2022-05-08 17:30:01', '2022-05-08 17:30:01'),
(2022, 'MUHAMMAD TAHIR', 'MUHAMMAD ASLAM', '21/F-EE-42', 1, 40, '2022-05-08 17:30:01', '2022-05-08 17:30:01'),
(2023, 'Abdul Haseeb', 'Muhammad Khalid', '21/F-EE-43', 1, 40, '2022-05-08 17:30:01', '2022-05-08 17:30:01'),
(2024, 'Alishba Khan', 'Anis Ahmed Khan', '21/F-EE-44', 1, 40, '2022-05-08 17:30:01', '2022-05-08 17:30:01'),
(2025, 'Kumail Abbas', 'Khuda Aman', '21/F-EE-45', 1, 40, '2022-05-08 17:30:01', '2022-05-08 17:30:01'),
(2026, 'ARPeeba', 'Muhammad Saeed', '19F-CS-01', 1, 30, '2022-05-08 17:39:45', '2022-05-08 17:39:45'),
(2027, 'Nirdosh KumARP', 'Budhoo', '19F-CS-02', 1, 30, '2022-05-08 17:39:45', '2022-05-08 17:39:45'),
(2028, 'UMAIMA SIDDIQUI', 'SOHAIL AHMED SIDDIQUI', '19F-CS-04', 1, 30, '2022-05-08 17:39:45', '2022-05-08 17:39:45'),
(2029, 'SYED HASEEB AHMED', 'SYED AJAZ AHMED NAQVI', '19F-CS-05', 1, 30, '2022-05-08 17:39:45', '2022-05-08 17:39:45'),
(2030, 'Jamal Ahmed', 'Muhammad Afzal', '19F-CS-06', 1, 30, '2022-05-08 17:39:45', '2022-05-08 17:39:45'),
(2031, 'Maaz Ahmad', 'Bashir Ahmad', '19F-CS-07', 1, 30, '2022-05-08 17:39:45', '2022-05-08 17:39:45'),
(2032, 'Mohammad Hammad', 'Maqbool Ahmed', '19F-CS-08', 1, 30, '2022-05-08 17:39:45', '2022-05-08 17:39:45'),
(2033, 'Tanveer Hussain', 'Muhammad Alam', '19F-CS-09', 1, 30, '2022-05-08 17:39:45', '2022-05-08 17:39:45'),
(2034, 'Bilal Shafi', 'Muhammad Shafi', '19F-CS-10', 1, 30, '2022-05-08 17:39:45', '2022-05-08 17:39:45'),
(2035, 'Mohammad Shahbaz TARPiq', 'Shamim ur Rehman TARiq NaiCHE', '19F-CS-11', 1, 30, '2022-05-08 17:39:45', '2022-05-08 17:39:45'),
(2036, 'Ifra Saleem', 'Mohammad Saleem', '19F-CS-12', 1, 30, '2022-05-08 17:39:45', '2022-05-08 17:39:45'),
(2037, 'UM E ROHMA', 'BILAL AHMED', '19F-CS-13', 1, 30, '2022-05-08 17:39:45', '2022-05-08 17:39:45'),
(2038, 'sagARP lal', 'suresh kumARP', '19F-CS-14', 1, 30, '2022-05-08 17:39:45', '2022-05-08 17:39:45'),
(2039, 'ABDULLAH MEMON', 'JAWAD AHMED MEMON', '19F-CS-15', 1, 30, '2022-05-08 17:39:45', '2022-05-08 17:39:45'),
(2040, 'Hira Fatima', 'Khalid Mehmood', '19F-CS-16', 1, 30, '2022-05-08 17:39:45', '2022-05-08 17:39:45'),
(2041, 'AZIZ ULLAH', 'SHAH HUSAIN', '19F-CS-17', 1, 30, '2022-05-08 17:39:45', '2022-05-08 17:39:45'),
(2042, 'Abdullah Safwan', 'Muhammad Sualeh Hashmi', '19F-CS-19', 1, 30, '2022-05-08 17:39:45', '2022-05-08 17:39:45'),
(2043, 'ZUBAIR', 'ABDUL RAZZAQUE', '19F-CS-20', 1, 30, '2022-05-08 17:39:45', '2022-05-08 17:39:45'),
(2044, 'SYED SAQIB ALI ZAIDI', 'SYED HAIDER ALI ZAIDI', '19F-CS-21', 1, 30, '2022-05-08 17:39:45', '2022-05-08 17:39:45'),
(2045, 'zain-ul-abdin', 'shoukat ali', '19F-CS-22', 1, 30, '2022-05-08 17:39:45', '2022-05-08 17:39:45'),
(2046, 'PARPAS', 'SAYED ABDUL HAKEEM SHAH', '19F-CS-23', 1, 30, '2022-05-08 17:39:45', '2022-05-08 17:39:45'),
(2047, 'Nitesh KumARP', 'CHEandi Ram', '19F-CS-24', 1, 30, '2022-05-08 17:39:45', '2022-05-08 17:39:45'),
(2048, 'MINHAJ SOHAIL', 'SOHAIL AHMED', '19F-CS-25', 1, 30, '2022-05-08 17:39:45', '2022-05-08 17:39:45'),
(2049, 'Tehreem', 'Kamal u ddin', '19F-CS-26', 2, 30, '2022-05-08 17:39:45', '2022-05-08 17:39:45'),
(2050, 'Muhibullah Khan Kamali', 'Rasheed Ahmed Kamali', '19F-CS-27', 2, 30, '2022-05-08 17:39:45', '2022-05-08 17:39:45'),
(2051, 'ShARPukh khan', 'Zain ul Abdin', '19F-CS-29', 2, 30, '2022-05-08 17:39:45', '2022-05-08 17:39:45'),
(2052, 'Munesh KumARP', 'Sawai', '19F-CS-30', 2, 30, '2022-05-08 17:39:45', '2022-05-08 17:39:45'),
(2053, 'Muhammad Wajih Uz Zama Khan', 'Muhammad Khaliq Uz Zama Khan', '19F-CS-31', 2, 30, '2022-05-08 17:39:45', '2022-05-08 17:39:45'),
(2054, 'ZaffARPullah', 'Muhammad Suleman', '19F-CS-32', 2, 30, '2022-05-08 17:39:45', '2022-05-08 17:39:45'),
(2055, 'Muhammad Zeeshan Ali', 'ZulfiqARP Hussain', '19F-CS-33', 2, 30, '2022-05-08 17:39:45', '2022-05-08 17:39:45'),
(2056, 'Vivek', 'HARPesh kumARP', '19F-CS-34', 2, 30, '2022-05-08 17:39:45', '2022-05-08 17:39:45'),
(2057, 'Muhammad Emmad ARPshad Siddiqui', 'Muhammad ARPshad Ali Siddiqui', '19F-CS-35', 2, 30, '2022-05-08 17:39:45', '2022-05-08 17:39:45'),
(2058, 'Mohammad Hussain', 'NazARP Hussain', '19F-CS-36', 2, 30, '2022-05-08 17:39:45', '2022-05-08 17:39:45'),
(2059, 'Shafquat Nawaz', 'Zahid Hussain', '19F-CS-37', 2, 30, '2022-05-08 17:39:45', '2022-05-08 17:39:45'),
(2060, 'muhammad sameer', 'nadeem akhtARP', '19F-CS-38', 2, 30, '2022-05-08 17:39:45', '2022-05-08 17:39:45'),
(2061, 'AARPISH IRFAN', 'IRFAN ULLAH', '19F-CS-39', 2, 30, '2022-05-08 17:39:45', '2022-05-08 17:39:45'),
(2062, 'Muhammad FARPjad Raza', 'Ishrat Hussain', '19F-CS-40', 2, 30, '2022-05-08 17:39:45', '2022-05-08 17:39:45'),
(2063, 'Hibba Batool', 'Shahid Hussain', '19F-CS-41', 2, 30, '2022-05-08 17:39:45', '2022-05-08 17:39:45'),
(2064, 'YASIR ALI', 'ALI BUX', '19F-CS-42', 2, 30, '2022-05-08 17:39:45', '2022-05-08 17:39:45'),
(2065, 'MOHADDISA NAPER', 'AURANGZEB NAPER', '19F-CS-43', 2, 30, '2022-05-08 17:39:45', '2022-05-08 17:39:45'),
(2066, 'Iqra', 'Muhammad NisARP', '19F-CS-44', 2, 30, '2022-05-08 17:39:45', '2022-05-08 17:39:45'),
(2067, 'ZOOBI AJAIB', 'MUHAMMAD AJAIB', '19F-CS-45', 2, 30, '2022-05-08 17:39:45', '2022-05-08 17:39:45'),
(2068, 'MUHAMMAD ABBAS', 'FARPHAT ABBAS', '19F-CS-46', 2, 30, '2022-05-08 17:39:45', '2022-05-08 17:39:45'),
(2069, 'talha dARP', 'babARP jamil', '19F-CS-47', 2, 30, '2022-05-08 17:39:45', '2022-05-08 17:39:45'),
(2070, 'INSARPAM ALAM SIDDIQUE', 'IMTIAZ ALAM', '19F-CS-48', 2, 30, '2022-05-08 17:39:45', '2022-05-08 17:39:45'),
(2071, 'Ali Raza', 'Khan Muhammad', '19F-CS-49', 2, 30, '2022-05-08 17:39:45', '2022-05-08 17:39:45'),
(2072, 'Sahil KumARP', 'Lakhmi CHEand', '19F-CS-50', 2, 30, '2022-05-08 17:39:45', '2022-05-08 17:39:45'),
(2073, 'Muhammad Mustafa Solangi', 'Mashhood Mustafa Solangi', '19/F-CS-01', 1, 30, '2022-05-08 17:39:52', '2022-05-08 17:39:52'),
(2074, 'Muhammad Sammam Raza', 'Masood Iqbal', '19/F-CS-02', 1, 30, '2022-05-08 17:39:52', '2022-05-08 17:39:52'),
(2075, 'MUHAMMAD OSAMA', 'ABDUL SALAM', '19/F-CS-03', 1, 30, '2022-05-08 17:39:52', '2022-05-08 17:39:52'),
(2076, 'Abdul Sami', 'AkbARP Hussain', '19/F-CS-04', 1, 30, '2022-05-08 17:39:52', '2022-05-08 17:39:52'),
(2077, 'Muhammad ARPslan', 'Muhammad Ramzan', '19/F-CS-05', 1, 30, '2022-05-08 17:39:52', '2022-05-08 17:39:52'),
(2078, 'Faizan Ali', 'TARPiq Aslam', '19/F-CS-06', 1, 30, '2022-05-08 17:39:52', '2022-05-08 17:39:52'),
(2079, 'Mohammed Faizan', 'Mohammed Ramzan', '19/F-CS-07', 1, 30, '2022-05-08 17:39:52', '2022-05-08 17:39:52'),
(2080, 'MUHAMMAD USMAN', 'ABDUL QADEER', '19/F-CS-08', 1, 30, '2022-05-08 17:39:52', '2022-05-08 17:39:52'),
(2081, 'QAISER EJAZ', 'EJAZ AHMED', '19/F-CS-09', 1, 30, '2022-05-08 17:39:52', '2022-05-08 17:39:52'),
(2082, 'Raseen Ahmed CHEaudARPy', 'Aftab Ahmed CHEaudARPy', '19/F-CS-10', 1, 30, '2022-05-08 17:39:52', '2022-05-08 17:39:52'),
(2083, 'Abdul Azeem', 'Abdul SattARP Qureshi', '19/F-CS-11', 1, 30, '2022-05-08 17:39:52', '2022-05-08 17:39:52'),
(2084, 'Muhammad Umair', 'Khadim Hussain', '19/F-CS-12', 1, 30, '2022-05-08 17:39:52', '2022-05-08 17:39:52'),
(2085, 'SYED SHAHEER HASAN', 'SYED SAIF-UL-ISLAM', '19/F-CS-13', 1, 30, '2022-05-08 17:39:52', '2022-05-08 17:39:52'),
(2086, 'Yasir Aziz', 'Abdul Aziz', '19/F-CS-14', 1, 30, '2022-05-08 17:39:52', '2022-05-08 17:39:52'),
(2087, 'MUHAMMAD DANISH', 'ABDUL WAHAB TAGARP', '19/F-CS-15', 1, 30, '2022-05-08 17:39:52', '2022-05-08 17:39:52'),
(2088, 'SYED YASIR UL HAQ', 'SYED NAWAID UL HAQ', '19/F-CS-16', 1, 30, '2022-05-08 17:39:52', '2022-05-08 17:39:52'),
(2089, 'JUNAID AHMED', 'MOULANA MUHAMMAD QASIM CHEISHTI', '19/F-CS-17', 1, 30, '2022-05-08 17:39:52', '2022-05-08 17:39:52'),
(2090, 'faiz mohammad shah', 'azhARP ali shah', '19/F-CS-18', 1, 30, '2022-05-08 17:39:52', '2022-05-08 17:39:52'),
(2091, 'Hamdan Ahmed', 'Uzair Ahmed', '19/F-CS-19', 1, 30, '2022-05-08 17:39:52', '2022-05-08 17:39:52'),
(2092, 'Muhammad Hassan', 'Muhammad Hanif', '19/F-CS-20', 1, 30, '2022-05-08 17:39:52', '2022-05-08 17:39:52'),
(2093, 'ATTA UR RAHMAN FARPOOQI', 'MUHAMMAD FARPOOQ', '19/F-CS-21', 1, 30, '2022-05-08 17:39:52', '2022-05-08 17:39:52'),
(2094, 'Abdullah Saqib', 'Saqib Saleem', '19/F-CS-22', 1, 30, '2022-05-08 17:39:52', '2022-05-08 17:39:52'),
(2095, 'muhammad umair ul islam', 'muhammad akram', '19/F-CS-24', 1, 30, '2022-05-08 17:39:52', '2022-05-08 17:39:52'),
(2096, 'TANVEER', 'MAZHARP ALI', '19/F-CS-25', 2, 30, '2022-05-08 17:39:52', '2022-05-08 17:39:52'),
(2097, 'Muhib Dad Khan', 'Fazal Dad Khan', '19/F-CS-26', 2, 30, '2022-05-08 17:39:52', '2022-05-08 17:39:52'),
(2098, 'Nida WARPis', 'Muhammad WARPis', '19/F-CS-27', 2, 30, '2022-05-08 17:39:52', '2022-05-08 17:39:52'),
(2099, 'RAZAULLAH HUSSAIN', 'MUHAMMAD HUSSAIN', '19/F-CS-28', 2, 30, '2022-05-08 17:39:52', '2022-05-08 17:39:52'),
(2100, 'MUHAMMAD USMAN SAGRI', 'REHAN AHMED SAGRI', '19/F-CS-29', 2, 30, '2022-05-08 17:39:52', '2022-05-08 17:39:52'),
(2101, 'SARPDARP MUHAMMAD JAWWAD ISHTIAQ', 'SARPDARP MUHAMMAD ISHTIAQ KHAN', '19/F-CS-30', 2, 30, '2022-05-08 17:39:52', '2022-05-08 17:39:52'),
(2102, 'Shahzaib KARPim', 'KARPim Dad', '19/F-CS-31', 2, 30, '2022-05-08 17:39:52', '2022-05-08 17:39:52'),
(2103, 'AMNA RAJAB', 'MUHAMMAD RAJAB', '19/F-CS-32', 2, 30, '2022-05-08 17:39:52', '2022-05-08 17:39:52'),
(2104, 'MUHAMMAD MURTUZA KAMLEEN', 'MUHAMMAD KAMLEEN', '19/F-CS-33', 2, 30, '2022-05-08 17:39:52', '2022-05-08 17:39:52'),
(2105, 'MUHAMMAD ZAEM SIDDIQUI', 'MUHAMMAD SOHAIL SIDDIQUI', '19/F-CS-34', 2, 30, '2022-05-08 17:39:52', '2022-05-08 17:39:52'),
(2106, 'Muhammad Shahzil', 'Shahid Hussain', '19/F-CS-35', 2, 30, '2022-05-08 17:39:52', '2022-05-08 17:39:52'),
(2107, 'USMAN TARPIQ', 'MUHAMMAD TARPIQ', '19/F-CS-36', 2, 30, '2022-05-08 17:39:52', '2022-05-08 17:39:52'),
(2108, 'MUHAMMAD HASEEB', 'AYAZ AHMED', '19/F-CS-37', 2, 30, '2022-05-08 17:39:52', '2022-05-08 17:39:52'),
(2109, 'Altamash', 'Salahud Din', '19/F-CS-38', 2, 30, '2022-05-08 17:39:52', '2022-05-08 17:39:52'),
(2110, 'MARPIYAM SHEIKH', 'MUHAMMAD JAFFARP SHEIKH', '19/F-CS-39', 2, 30, '2022-05-08 17:39:52', '2022-05-08 17:39:52'),
(2111, 'Mishaal Amir Qureshi', 'Muhammad Amir Qureshi', '19/F-CS-40', 2, 30, '2022-05-08 17:39:52', '2022-05-08 17:39:52'),
(2112, 'Hasnain mahdi', 'Muhammad Ali', '19/F-CS-41', 2, 30, '2022-05-08 17:39:53', '2022-05-08 17:39:53'),
(2113, 'SYED ROHAN UDDIN', 'SYED ABDUL BASIT', '19/F-CS-42', 2, 30, '2022-05-08 17:39:53', '2022-05-08 17:39:53'),
(2114, 'ABDUL WASAY', 'SIRAJ UR REHMAN MUJAHID', '19/F-CS-43', 2, 30, '2022-05-08 17:39:53', '2022-05-08 17:39:53'),
(2115, 'RANA MUZAMMIL ASHRAF', 'RANA JAVED ASHRAF', '19/F-CS-44', 2, 30, '2022-05-08 17:39:53', '2022-05-08 17:39:53'),
(2116, 'MUHAMMAD HARPIS', 'MUHAMMAD IQBAL', '19/F-CS-45', 2, 30, '2022-05-08 17:39:53', '2022-05-08 17:39:53'),
(2117, 'Imtiaz Ahmed', 'Abdul Wahab', '19/F-CS-46', 2, 30, '2022-05-08 17:39:53', '2022-05-08 17:39:53'),
(2118, 'WaqARP Ahmed', 'Muhammad Akram', '19/F-CS-47', 2, 30, '2022-05-08 17:39:53', '2022-05-08 17:39:53'),
(2119, 'Muhammad Rizwan ul Hassan', 'Noor Hassan', '19/F-CS-48', 2, 30, '2022-05-08 17:39:53', '2022-05-08 17:39:53'),
(2120, 'Suresh', 'Pehlaj', '19/F-CS-49', 2, 30, '2022-05-08 17:39:53', '2022-05-08 17:39:53'),
(2121, 'AQSA IFTIKHARP', 'IFTIKHARP AHMED KHAN', '20-CS-02', 1, 29, '2022-05-08 17:40:03', '2022-05-08 17:40:03'),
(2122, 'AMMARP SHAHZAD IRFAN', 'IRFAN ULLAH', '20-CS-03', 1, 29, '2022-05-08 17:40:03', '2022-05-08 17:40:03'),
(2123, 'Saad Hussain Baig', 'Shahid Hussain', '20-CS-04', 1, 29, '2022-05-08 17:40:03', '2022-05-08 17:40:03'),
(2124, 'Shah Safiullah', 'Abdul KARPim Memon', '20-CS-05', 1, 29, '2022-05-08 17:40:03', '2022-05-08 17:40:03'),
(2125, 'Abdul Qudoos', 'Ismail', '20-CS-06', 1, 29, '2022-05-08 17:40:03', '2022-05-08 17:40:03'),
(2126, 'SALEEM ULLAH KHAN', 'RAFIULLAH KHAN', '20-CS-07', 1, 29, '2022-05-08 17:40:03', '2022-05-08 17:40:03'),
(2127, 'Fida Ullah', 'Rehman Gul', '20-CS-08', 1, 29, '2022-05-08 17:40:03', '2022-05-08 17:40:03'),
(2128, 'Naveed Ahmed', 'Abdul Qayoom', '20-CS-09', 1, 29, '2022-05-08 17:40:03', '2022-05-08 17:40:03'),
(2129, 'Saleh MuzaffARP', 'MuzaffARP Hussain', '20-CS-10', 1, 29, '2022-05-08 17:40:03', '2022-05-08 17:40:03'),
(2130, 'MARPyam Haseeb', 'Haseeb Ahmed', '20-CS-11', 1, 29, '2022-05-08 17:40:03', '2022-05-08 17:40:03'),
(2131, 'Aqsa Iqra', 'AzhARP Ali', '20-CS-12', 1, 29, '2022-05-08 17:40:03', '2022-05-08 17:40:03'),
(2132, 'saad', 'Mushtaque Ahmed', '20-CS-14', 1, 29, '2022-05-08 17:40:03', '2022-05-08 17:40:03'),
(2133, 'Mohammad Shahbaz', 'Manzoor Ali Sohoo', '20-CS-15', 1, 29, '2022-05-08 17:40:03', '2022-05-08 17:40:03'),
(2134, 'Muhammad UmARP', 'Muhammad Ilyas Memon', '20-CS-16', 1, 29, '2022-05-08 17:40:03', '2022-05-08 17:40:03'),
(2135, 'Muhammad ARPqum Khan', 'Imran Ahmed Khan', '20-CS-19', 1, 29, '2022-05-08 17:40:03', '2022-05-08 17:40:03'),
(2136, 'MUHAMMAD SHAHZAIB KHAN', 'ARPSHAD ALI', '20-CS-20', 2, 29, '2022-05-08 17:40:03', '2022-05-08 17:40:03'),
(2137, 'Muhammad Mohib Khan', 'Mahmood Khan', '20-CS-21', 2, 29, '2022-05-08 17:40:03', '2022-05-08 17:40:03'),
(2138, 'Amber Riaz', 'riaz ARPshad', '20-CS-22', 2, 29, '2022-05-08 17:40:03', '2022-05-08 17:40:03'),
(2139, 'faisal ali', 'inayat ali', '20-CS-23', 2, 29, '2022-05-08 17:40:03', '2022-05-08 17:40:03'),
(2140, 'Muhammad Hussain', 'Ayaz Ahmed', '20-CS-24', 2, 29, '2022-05-08 17:40:03', '2022-05-08 17:40:03'),
(2141, 'Aisha Eman', 'Shaikh Khalid Hussain', '20-CS-27', 2, 29, '2022-05-08 17:40:03', '2022-05-08 17:40:03'),
(2142, 'MUHAMMAD ZAIN-UL-ABIDEEN', 'MUHAMMAD NADEEM', '20-CS-28', 2, 29, '2022-05-08 17:40:03', '2022-05-08 17:40:03'),
(2143, 'IBRARP MAQSOOD', 'MAQSOOD AHMED', '20-CS-29', 2, 29, '2022-05-08 17:40:03', '2022-05-08 17:40:03'),
(2144, 'Vimal', 'Bhagu Mal', '20-CS-30', 2, 29, '2022-05-08 17:40:03', '2022-05-08 17:40:03'),
(2145, 'Shahi Rose', 'Shah Alam', '20-CS-31', 2, 29, '2022-05-08 17:40:03', '2022-05-08 17:40:03'),
(2146, 'SUHAIB HYDER BALOUCHE', 'MUHAMMAD ASHRAF BALOUCHE', '20-CS-32', 2, 29, '2022-05-08 17:40:03', '2022-05-08 17:40:03'),
(2147, 'Waniza Ahmed Siddiqui', 'Shakil Ahmed', '20-CS-33', 2, 29, '2022-05-08 17:40:03', '2022-05-08 17:40:03'),
(2148, 'ARPeeba', 'AbrARP Ahmed', '20-CS-34', 2, 29, '2022-05-08 17:40:03', '2022-05-08 17:40:03'),
(2149, 'Sajid Hussain', 'BashARPat Hussain', '20-CS-35', 2, 29, '2022-05-08 17:40:03', '2022-05-08 17:40:03'),
(2150, 'Laiba Raheel', 'Muhammad Raheel Sheikh', '20-CS-36', 2, 29, '2022-05-08 17:40:03', '2022-05-08 17:40:03'),
(2151, 'Ghulam Muhammad', 'Abdul GhaffARP', '21/F-CS-01', 1, 28, '2022-05-08 17:40:09', '2022-05-08 17:40:09'),
(2152, 'TASHBIHA NAZ', 'MUHAMMAD TASLEEM', '21/F-CS-02', 1, 28, '2022-05-08 17:40:09', '2022-05-08 17:40:09'),
(2153, 'Muhammad Abdullah', 'Noor Muhammad', '21/F-CS-03', 1, 28, '2022-05-08 17:40:09', '2022-05-08 17:40:09'),
(2154, 'Haseeb Javed', 'Javed Iqbal', '21/F-CS-04', 1, 28, '2022-05-08 17:40:09', '2022-05-08 17:40:09'),
(2155, 'Muhammad Daniyal', 'Muhammad ARPif', '21/F-CS-05', 1, 28, '2022-05-08 17:40:09', '2022-05-08 17:40:09'),
(2156, 'AzhARP', 'AsghARP Ali', '21/F-CS-06', 1, 28, '2022-05-08 17:40:09', '2022-05-08 17:40:09'),
(2157, 'Shahzad Ali', 'Ghullam Naqi', '21/F-CS-07', 1, 28, '2022-05-08 17:40:09', '2022-05-08 17:40:09'),
(2158, 'Zainab Lakho', 'Abdul Rasool', '21/F-CS-08', 1, 28, '2022-05-08 17:40:09', '2022-05-08 17:40:09'),
(2159, 'ASMA ASLAM', 'MUHAMMAD ASLAM', '21/F-CS-09', 1, 28, '2022-05-08 17:40:09', '2022-05-08 17:40:09'),
(2160, 'HAIDER ALI', 'SARPWARP ALI', '21/F-CS-10', 1, 28, '2022-05-08 17:40:09', '2022-05-08 17:40:09'),
(2161, 'ShARPiq Ali', 'Muhammad Ashraf', '21/F-CS-11', 1, 28, '2022-05-08 17:40:09', '2022-05-08 17:40:09'),
(2162, 'AmmARP Rasool CHEanna', 'Rasool Bux CHEanna', '21/F-CS-12', 1, 28, '2022-05-08 17:40:09', '2022-05-08 17:40:09'),
(2163, 'Zayan Ikhlas', 'Ikhlas Ahmed', '21/F-CS-13', 1, 28, '2022-05-08 17:40:09', '2022-05-08 17:40:09'),
(2164, 'SYED KAIF ABBAS RIZVI', 'SYED QAMARP ABBAS RIZVI', '21/F-CS-14', 1, 28, '2022-05-08 17:40:09', '2022-05-08 17:40:09');
INSERT INTO `duet_students` (`id`, `first_name`, `last_name`, `roll_no`, `section`, `batch_id`, `created_at`, `updated_at`) VALUES
(2165, 'Muhammad ZAID', 'Waseem Ahmed', '21/F-CS-15', 1, 28, '2022-05-08 17:40:09', '2022-05-08 17:40:09'),
(2166, 'LAIBA BATOOL', 'UHAMMAD ATHARP', '21/F-CS-17', 1, 28, '2022-05-08 17:40:09', '2022-05-08 17:40:09'),
(2167, 'Hafiz Muhammad Talha', 'Muhammad Rafique Siddiqui', '21/F-CS-18', 1, 28, '2022-05-08 17:40:09', '2022-05-08 17:40:09'),
(2168, 'ABDUL BASIT', 'MUHAMMAD ABID', '21/F-CS-19', 1, 28, '2022-05-08 17:40:09', '2022-05-08 17:40:09'),
(2169, 'Muhammad Haseeb Hassan', 'Abid Hassan', '21/F-CS-20', 1, 28, '2022-05-08 17:40:09', '2022-05-08 17:40:09'),
(2170, 'Abdul Rafy Khan', 'Muhammad Ayub Khan', '21/F-CS-21', 1, 28, '2022-05-08 17:40:09', '2022-05-08 17:40:09'),
(2171, 'Syed Sameel Ali', 'Syed AzhARP Ali', '21/F-CS-22', 1, 28, '2022-05-08 17:40:09', '2022-05-08 17:40:09'),
(2172, 'Muhammad Saad', 'Muhammad Hanif', '21/F-CS-23', 1, 28, '2022-05-08 17:40:09', '2022-05-08 17:40:09'),
(2173, 'Muhammad Abdullah Shaikh', 'Muhammad Rajab Shaikh', '21/F-CS-24', 1, 28, '2022-05-08 17:40:09', '2022-05-08 17:40:09'),
(2174, 'USMAN AHMED KHAN', 'Matloob Ahmed Khan', '21/F-CS-25', 2, 28, '2022-05-08 17:40:09', '2022-05-08 17:40:09'),
(2175, 'ARPshad Nizam', 'Nizamuddin', '21/F-CS-26', 2, 28, '2022-05-08 17:40:09', '2022-05-08 17:40:09'),
(2176, 'Filza Thaboo', 'Mohammad Saleem', '21/F-CS-27', 2, 28, '2022-05-08 17:40:09', '2022-05-08 17:40:09'),
(2177, 'MUZAFARP HUSSAIN', 'ALI NAWAZ', '21/F-CS-28', 2, 28, '2022-05-08 17:40:09', '2022-05-08 17:40:09'),
(2178, 'QammARP Hassan', 'Jawaid Iqbal', '21/F-CS-30', 2, 28, '2022-05-08 17:40:09', '2022-05-08 17:40:09'),
(2179, 'Muhammad Abdullah', 'Amir Mehmood Khanzada', '21/F-CS-31', 2, 28, '2022-05-08 17:40:09', '2022-05-08 17:40:09'),
(2180, 'Muhammad moiz', 'Muhammad yameen AnsARPi', '21/F-CS-32', 2, 28, '2022-05-08 17:40:09', '2022-05-08 17:40:09'),
(2181, 'Okasha Rasool', 'Javeed Rasool', '21/F-CS-33', 2, 28, '2022-05-08 17:40:09', '2022-05-08 17:40:09'),
(2182, 'Muhammad Huzaifa Shaikh', 'Muhammad Nadeem', '21/F-CS-34', 2, 28, '2022-05-08 17:40:09', '2022-05-08 17:40:09'),
(2183, 'AHMED MUBASHIR ALEEM', 'ABDUL ALEEM AHMED', '21/F-CS-35', 2, 28, '2022-05-08 17:40:09', '2022-05-08 17:40:09'),
(2184, 'Amir Ali', 'Jan Muhammad', '21/F-CS-36', 2, 28, '2022-05-08 17:40:09', '2022-05-08 17:40:09'),
(2185, 'Shahzad Ali', 'Pervez Ali', '21/F-CS-38', 2, 28, '2022-05-08 17:40:09', '2022-05-08 17:40:09'),
(2186, 'Waseem Ahmed Jamali', 'Shoukat ali', '21/F-CS-40', 2, 28, '2022-05-08 17:40:09', '2022-05-08 17:40:09'),
(2187, 'Doshant', 'Rano', '21/F-CS-41', 2, 28, '2022-05-08 17:40:09', '2022-05-08 17:40:09'),
(2188, 'SIDRA NADEEM', 'NADEEM UD DIN', '21/F-CS-42', 2, 28, '2022-05-08 17:40:09', '2022-05-08 17:40:09'),
(2189, 'Muhammad Zain ul Hassan', 'Noor Hassan', '21/F-CS-43', 2, 28, '2022-05-08 17:40:09', '2022-05-08 17:40:09'),
(2190, 'ARPSLAN AHMED', 'KHADIM HUSSAIN', '21/F-CS-44', 2, 28, '2022-05-08 17:40:09', '2022-05-08 17:40:09'),
(2191, 'Muhammad Saddique Shah', 'Syed Shah', '21/F-CS-45', 2, 28, '2022-05-08 17:40:09', '2022-05-08 17:40:09'),
(2192, 'Ameer hamza', 'Raza hussain', '21/F-CS-46', 2, 28, '2022-05-08 17:40:09', '2022-05-08 17:40:09'),
(2193, 'Kamran Haider', 'Riaz Hussain', '21/F-CS-47', 2, 28, '2022-05-08 17:40:09', '2022-05-08 17:40:09'),
(2194, 'Bhawani ShankARP', 'Kirshan', '21/F-CS-48', 2, 28, '2022-05-08 17:40:09', '2022-05-08 17:40:09'),
(2195, 'Muhammad Ayaz', 'Bahlool', '21/F-CS-49', 2, 28, '2022-05-08 17:40:09', '2022-05-08 17:40:09'),
(2196, 'Sibtain Abbas', 'Asadullah', '21/F-CS-50', 2, 28, '2022-05-08 17:40:09', '2022-05-08 17:40:09'),
(2197, 'SYEDA RUMAISA AZFARP', 'SYED AZFARP IQBAL', '21/F-BSM-1', 1, 59, '2022-05-08 17:56:59', '2022-05-08 17:56:59'),
(2198, 'RAINA', 'NASIR HUSSAIN', '21/F-BSM-4', 1, 59, '2022-05-08 17:56:59', '2022-05-08 17:56:59'),
(2199, 'Esha WARPsi', 'Abdullah WARPsi', '21/F-BSM-5', 1, 59, '2022-05-08 17:56:59', '2022-05-08 17:56:59'),
(2200, 'Sumran', 'ARPman Qaiser', '21/F-BSM-6', 1, 59, '2022-05-08 17:56:59', '2022-05-08 17:56:59'),
(2201, 'SARPWAT KHAN', 'SABIT KHAN', '21/F-BSM-10', 1, 59, '2022-05-08 17:56:59', '2022-05-08 17:56:59'),
(2202, 'OKASHA TARPIQ', 'TARPIQ MEHMOOD', '21/F-BSM-11', 1, 59, '2022-05-08 17:56:59', '2022-05-08 17:56:59'),
(2203, 'DUA ZEHRA', 'WAQARP ASKARPI', '21/F-BSM-12', 1, 59, '2022-05-08 17:56:59', '2022-05-08 17:56:59'),
(2204, 'VARPISHA', 'ZULFIQARP ALI', '21/F-BSM-13', 1, 59, '2022-05-08 17:56:59', '2022-05-08 17:56:59'),
(2205, 'SYEDA NASHRA FATIMA', 'SYED SHAKEEL AHMED', '21/F-BSM-14', 1, 59, '2022-05-08 17:56:59', '2022-05-08 17:56:59'),
(2206, 'Ume roman', 'khalid hussain', '21/F-BSM-15', 1, 59, '2022-05-08 17:56:59', '2022-05-08 17:56:59'),
(2207, 'Muhammad Owais', 'IftikhARP Hussain', '21/F-BSM-16', 1, 59, '2022-05-08 17:56:59', '2022-05-08 17:56:59'),
(2208, 'Muhammad Jawad sajid', 'Muhammad sajid hussain', '21/F-BSM-17', 1, 59, '2022-05-08 17:56:59', '2022-05-08 17:56:59'),
(2209, 'Malik Umer Ashfaq', 'Malik ashfaq', '21/F-BSM-18', 1, 59, '2022-05-08 17:56:59', '2022-05-08 17:56:59'),
(2210, 'AMNA MUSTAFA', 'MUSTAFA TARPIQ', '21/F-BSM-19', 1, 59, '2022-05-08 17:56:59', '2022-05-08 17:56:59'),
(2211, 'IRSA', 'GHULAM MUSTAFA', '21/F-BSM-21', 1, 59, '2022-05-08 17:56:59', '2022-05-08 17:56:59'),
(2212, 'SHAFAQUE NAZ', 'FAYYAZ AHMED', '21/F-BSM-22', 1, 59, '2022-05-08 17:56:59', '2022-05-08 17:56:59'),
(2213, 'Ameer Hamza', 'Muhammad Iqbal', '21/F-BSM-24', 1, 59, '2022-05-08 17:56:59', '2022-05-08 17:56:59'),
(2214, 'Faiza Bibi', 'Pervaiz Akhter', '21/F-BSM-25', 1, 59, '2022-05-08 17:56:59', '2022-05-08 17:56:59'),
(2215, 'MUHAMMAD MAIRAJ UDDIN', 'IKRAM UDDIN', '21/F-BSM-26', 1, 59, '2022-05-08 17:56:59', '2022-05-08 17:56:59'),
(2216, 'ARPshad hussain', 'Bahadur', '21/F-BSM-27', 1, 59, '2022-05-08 17:56:59', '2022-05-08 17:56:59'),
(2217, 'ZAINAB SHERAZ KHAN', 'MUHAMMAD SHERAZ KHAN', '21/F-BSM-28', 1, 59, '2022-05-08 17:57:00', '2022-05-08 17:57:00'),
(2218, 'TASLEEM ALI', 'LOUNG CHEANNA', '21/F-BSM-29', 1, 59, '2022-05-08 17:57:00', '2022-05-08 17:57:00'),
(2219, 'BUSHRA', 'FAYAZ AHMED', '21/F-BSM-30', 1, 59, '2022-05-08 17:57:00', '2022-05-08 17:57:00'),
(2220, 'Usama Nazir', 'Nazir Ishaq', '21/F-BSM-31', 1, 59, '2022-05-08 17:57:00', '2022-05-08 17:57:00'),
(2221, 'Muhammad ARPsalan', 'NisARP Ahmed', '21/F-BSM-33', 1, 59, '2022-05-08 17:57:00', '2022-05-08 17:57:00'),
(2222, 'UMAIMA PARPEEHAN', 'WAQARP AHMED', '21/F-BSM-35', 1, 59, '2022-05-08 17:57:00', '2022-05-08 17:57:00'),
(2223, 'AYESHA', 'SHAHID UDDIN', '21/F-BSM-36', 1, 59, '2022-05-08 17:57:00', '2022-05-08 17:57:00'),
(2224, 'Afza Masroor Syed', 'Masroor Zia Ahmed Shah', '21/F-BSM-37', 1, 59, '2022-05-08 17:57:00', '2022-05-08 17:57:00'),
(2225, 'MUHAMMAD SALMAN KHAN', 'MUHAMMAD KASHIF KHAN', '21/F-BSM-38', 1, 59, '2022-05-08 17:57:00', '2022-05-08 17:57:00'),
(2226, 'Ghulam FARPeed', 'Azizullah', '21/F-BSM-39', 1, 59, '2022-05-08 17:57:00', '2022-05-08 17:57:00'),
(2227, 'Madiha Maqsood', 'Maqsood Ahmed', '21/F-BSM-40', 1, 59, '2022-05-08 17:57:00', '2022-05-08 17:57:00'),
(2228, 'abdul qadir saudagARP', 'faisal saudagARP', '21/F-BSM-42', 1, 59, '2022-05-08 17:57:00', '2022-05-08 17:57:00'),
(2229, 'Syeda ShARPmeen Asim Shah', 'Syed Asim Shah', '21/F-BSCY-01', 1, 57, '2022-05-08 17:57:40', '2022-05-08 17:57:40'),
(2230, 'MUHAMMAD YOUSHAA ALI', 'FARPHAN NIZAM', '21/F-BSCY-02', 1, 57, '2022-05-08 17:57:40', '2022-05-08 17:57:40'),
(2231, 'Muhammad ShARPjeel', 'Muhammad TARPiq Mahmood', '21/F-BSCY-03', 1, 57, '2022-05-08 17:57:40', '2022-05-08 17:57:40'),
(2232, 'FARPayha HydARPi', 'Nusrat HydARPi', '21/F-BSCY-04', 1, 57, '2022-05-08 17:57:40', '2022-05-08 17:57:40'),
(2233, 'Javeria khan', 'nazARP hayat khan', '21/F-BSCY-05', 1, 57, '2022-05-08 17:57:40', '2022-05-08 17:57:40'),
(2234, 'USAMA FARPAZ', 'IRFAN FARPAZ', '21/F-BSCY-06', 1, 57, '2022-05-08 17:57:40', '2022-05-08 17:57:40'),
(2235, 'MUHAMMAD HASAN ASHRAF', 'MUHAMMAD MAUDOOD ASHRAF', '21/F-BSCY-07', 1, 57, '2022-05-08 17:57:40', '2022-05-08 17:57:40'),
(2236, 'MUHAMMAD BILAL', 'ZAHID IQBAL', '21/F-BSCY-08', 1, 57, '2022-05-08 17:57:40', '2022-05-08 17:57:40'),
(2237, 'Rehmatullah', 'Muhammad Jameel', '21/F-BSCY-09', 1, 57, '2022-05-08 17:57:40', '2022-05-08 17:57:40'),
(2238, 'Huzefa khan', 'HARPis sheikh', '21/F-BSCY-10', 1, 57, '2022-05-08 17:57:40', '2022-05-08 17:57:40'),
(2239, 'AIZA ALI', 'SHAFQAT ALI KHAN', '21/F-BSCY-11', 1, 57, '2022-05-08 17:57:40', '2022-05-08 17:57:40'),
(2240, 'Muhammad Khan', 'Sanwan', '21/F-BSCY-13', 1, 57, '2022-05-08 17:57:40', '2022-05-08 17:57:40'),
(2241, 'Hasham Haider', 'Ali Ahmed', '21/F-BSCY-14', 1, 57, '2022-05-08 17:57:40', '2022-05-08 17:57:40'),
(2242, 'Muhammad Affan Zahid', 'Zahid Butt', '21/F-BSCY-15', 1, 57, '2022-05-08 17:57:40', '2022-05-08 17:57:40'),
(2243, 'MUHAMMAD EBAD ULLAH', 'MUHAMMAD IQBAL', '21/F-BSCY-16', 1, 57, '2022-05-08 17:57:40', '2022-05-08 17:57:40'),
(2244, 'Tehreem Rasheed', 'Muhammad Rasheed', '21/F-BSCY-17', 1, 57, '2022-05-08 17:57:40', '2022-05-08 17:57:40'),
(2245, 'Muhammad Fahad Iqbal', 'Zahid Iqbal', '21/F-BSCY-18', 1, 57, '2022-05-08 17:57:40', '2022-05-08 17:57:40'),
(2246, 'Abdullah', 'Muhammad Javed', '21/F-BSCY-19', 1, 57, '2022-05-08 17:57:40', '2022-05-08 17:57:40'),
(2247, 'JAAZIBAH SHAHAB', 'SYED SHAHABUDDIN', '21/F-BSCY-20', 1, 57, '2022-05-08 17:57:40', '2022-05-08 17:57:40'),
(2248, 'MUHAMMAD UMER FARPOOQ', 'JUNAID IQBAL', '21/F-BSCY-21', 1, 57, '2022-05-08 17:57:41', '2022-05-08 17:57:41'),
(2249, 'Abdul Basit Khan', 'Naseeb Ur Rehman', '21/F-BSCY-22', 1, 57, '2022-05-08 17:57:41', '2022-05-08 17:57:41'),
(2250, 'Mubashir Ahmed', 'Muhammad Ramzan', '21/F-BSCY-23', 1, 57, '2022-05-08 17:57:41', '2022-05-08 17:57:41'),
(2251, 'Muhammad Iqbal', 'Ghulam Mustafa', '21/F-BSCY-24', 1, 57, '2022-05-08 17:57:41', '2022-05-08 17:57:41'),
(2252, 'Maaz Bin Masroor', 'Masroor Hassan Kashif', '21/F-BSCY-25', 1, 57, '2022-05-08 17:57:41', '2022-05-08 17:57:41'),
(2253, 'Syed FARPman Hussain', 'Syed Asif Hussain', '21/F-BSCY-26', 1, 57, '2022-05-08 17:57:41', '2022-05-08 17:57:41'),
(2254, 'Madiha', 'Humayoun Taj', '21/F-BSCY-27', 1, 57, '2022-05-08 17:57:41', '2022-05-08 17:57:41'),
(2255, 'Anosh Ahmed', 'Ahmad Azam Qadri', '21/F-BSCY-28', 1, 57, '2022-05-08 17:57:41', '2022-05-08 17:57:41'),
(2256, 'RAO ABDUL HAI', 'RANA SAEED AHMED', '21/F-BSCY-29', 1, 57, '2022-05-08 17:57:41', '2022-05-08 17:57:41'),
(2257, 'maheen shahid hussain', 'syed shahid hussain', '21/F-BSCY-30', 1, 57, '2022-05-08 17:57:41', '2022-05-08 17:57:41'),
(2258, 'Fizza Javed', 'Javed Rasheed Khan', '21/F-BSCY-31', 1, 57, '2022-05-08 17:57:41', '2022-05-08 17:57:41'),
(2259, 'Huzaifa Ahmed AnsARPi', 'Rais MIan AnsARPi', '21/F-BSCY-32', 1, 57, '2022-05-08 17:57:41', '2022-05-08 17:57:41'),
(2260, 'EBAD UL HASSAN', 'AFTAB IQBAL', '21/F-BSCY-33', 1, 57, '2022-05-08 17:57:41', '2022-05-08 17:57:41'),
(2261, 'Hassan Ahmed FARPooqi', 'Junaid Ahmed FARPooqi', '21/F-BSCY-34', 1, 57, '2022-05-08 17:57:41', '2022-05-08 17:57:41'),
(2262, 'SYEDA LAIBA LATIF', 'SYED LATIF UR REHMAN KAZMI', '21/F-BSCY-35', 1, 57, '2022-05-08 17:57:41', '2022-05-08 17:57:41'),
(2263, 'SYED MUHAMMAD BAKHTIARP HUSSAIN', 'SYED NASIM HUSSAIN', '21/F-BSCY-36', 1, 57, '2022-05-08 17:57:41', '2022-05-08 17:57:41'),
(2264, 'MUHAMMAD SHIEMIR SAFDARP', 'SAFDARP HUSSAIN', '21/F-BSCY-37', 1, 57, '2022-05-08 17:57:41', '2022-05-08 17:57:41'),
(2265, 'Azmay ZulfiqARP', 'ZulfiqARP Zia', '21/F-BSCY-39', 1, 57, '2022-05-08 17:57:41', '2022-05-08 17:57:41'),
(2266, 'TEHREEM KHAN', 'GHOUS KHAN', '21/F-BSCY-40', 1, 57, '2022-05-08 17:57:41', '2022-05-08 17:57:41'),
(2267, 'Shahbaz Ali', 'Khalid Hussain', '21/F-BSCY-41', 1, 57, '2022-05-08 17:57:41', '2022-05-08 17:57:41'),
(2268, 'faheem hussain', 'muneer hussain', '21/F-BSCY-42', 1, 57, '2022-05-08 17:57:41', '2022-05-08 17:57:41'),
(2269, 'NAVEED', 'ABDUL REHMANN', '21/F-BSCY-43', 1, 57, '2022-05-08 17:57:41', '2022-05-08 17:57:41'),
(2270, 'mujtuba hussain', 'jaffer hussain', '21/F-BSCY-44', 1, 57, '2022-05-08 17:57:41', '2022-05-08 17:57:41'),
(2271, 'Bilal Samir Khan', 'Sami Ur Rehman', '21/F-BSCY-45', 1, 57, '2022-05-08 17:57:41', '2022-05-08 17:57:41'),
(2272, 'NAVEED KHAN', 'AQEEL AHMED KHAN', '21/F-BSCY-46', 1, 57, '2022-05-08 17:57:41', '2022-05-08 17:57:41'),
(2273, 'Muhammad Hammad Khan', 'Kala Khan', '21/F-BSCY-47', 1, 57, '2022-05-08 17:57:41', '2022-05-08 17:57:41'),
(2274, 'Syed Ali Yousha Naqvi', 'Syed Ali Abbas Naqvi', '21/F-BSCY-48', 1, 57, '2022-05-08 17:57:41', '2022-05-08 17:57:41'),
(2275, 'usman ahmed', 'sARPfARPaz ahmed', '21/F-BSCY-49', 1, 57, '2022-05-08 17:57:41', '2022-05-08 17:57:41'),
(2276, 'Abdul Haseeb', 'Muhammad Husain', '21/F-BSCY-50', 1, 57, '2022-05-08 17:57:41', '2022-05-08 17:57:41'),
(2277, 'Aliza Javed', 'Javed Iqbal', '21/F-BSCY-51', 1, 57, '2022-05-08 17:57:41', '2022-05-08 17:57:41'),
(2278, 'WAQAS AHMED', 'MANSOOR AHMED', '21/F-BSCY-52', 1, 57, '2022-05-08 17:57:41', '2022-05-08 17:57:41'),
(2279, 'ZulqARPnaine BadARP', 'BadARP Salam', '21/F-BSCY-53', 1, 57, '2022-05-08 17:57:41', '2022-05-08 17:57:41'),
(2280, 'MUHAMMAD BARPIK REHAN', 'MUHAMMAD REHAN', '21/F-BSCY-54', 1, 57, '2022-05-08 17:57:41', '2022-05-08 17:57:41'),
(2281, 'Muhammad ZARPyab', 'Shakil Ahmed', '21/F-BSCY-55', 1, 57, '2022-05-08 17:57:41', '2022-05-08 17:57:41'),
(2282, 'MUHAMMAD ZUBAIR', 'MUHAMMAD ARPSHAD', '21/F-BSAI-01', 1, 58, '2022-05-08 17:57:58', '2022-05-08 17:57:58'),
(2283, 'Abdul Samad Ali Abbasi', 'TARPiq Ali Abbasi', '21/F-BSAI-02', 1, 58, '2022-05-08 17:57:58', '2022-05-08 17:57:58'),
(2284, 'MUHAMMAD SAMI ANSARPI', 'MUHAMMAD ARPIF ANSARPI', '21/F-BSAI-04', 1, 58, '2022-05-08 17:57:58', '2022-05-08 17:57:58'),
(2285, 'IFHAM AHMED ANSARPI', 'M.YASEEN', '21/F-BSAI-05', 1, 58, '2022-05-08 17:57:58', '2022-05-08 17:57:58'),
(2286, 'Moazzam Pasha', 'Mansoor Pasha', '21/F-BSAI-06', 1, 58, '2022-05-08 17:57:58', '2022-05-08 17:57:58'),
(2287, 'Alishba', 'Riaz Ahmed', '21/F-BSAI-07', 1, 58, '2022-05-08 17:57:58', '2022-05-08 17:57:58'),
(2288, 'Alizay Khan', 'AzhARP Ullah Khan', '21/F-BSAI-08', 1, 58, '2022-05-08 17:57:58', '2022-05-08 17:57:58'),
(2289, 'SYEDA UMAIMA TAMKEEN', 'SYED ZAKIR ALI', '21/F-BSAI-09', 1, 58, '2022-05-08 17:57:58', '2022-05-08 17:57:58'),
(2290, 'Unaiza', 'Muhammad Khalid', '21/F-BSAI-11', 1, 58, '2022-05-08 17:57:58', '2022-05-08 17:57:58'),
(2291, 'Sandeep kumARP', 'Ramesh kumARP', '21/F-BSAI-12', 1, 58, '2022-05-08 17:57:58', '2022-05-08 17:57:58'),
(2292, 'Zain', 'Muhammad Zakir', '21/F-BSAI-13', 1, 58, '2022-05-08 17:57:58', '2022-05-08 17:57:58'),
(2293, 'MALAIKA IMRAN', 'MUHAMMAD IMRAN AFZAL KHAN', '21/F-BSAI-14', 1, 58, '2022-05-08 17:57:58', '2022-05-08 17:57:58'),
(2294, 'SARPim Ajlal', 'Asif Zia', '21/F-BSAI-15', 1, 58, '2022-05-08 17:57:58', '2022-05-08 17:57:58'),
(2295, 'Labeeb Ebad', 'Muhammad Monis BakhtiARP', '21/F-BSAI-16', 1, 58, '2022-05-08 17:57:58', '2022-05-08 17:57:58'),
(2296, 'Syed ismail shah', 'Iqbal shah', '21/F-BSAI-17', 1, 58, '2022-05-08 17:57:58', '2022-05-08 17:57:58'),
(2297, 'AbubakARP', 'Sagheer Alam', '21/F-BSAI-18', 1, 58, '2022-05-08 17:57:58', '2022-05-08 17:57:58'),
(2298, 'MUHAMMAD FAIZAN TARPIQ', 'MUHAMMAD TARPIQ', '21/F-BSAI-20', 1, 58, '2022-05-08 17:57:58', '2022-05-08 17:57:58'),
(2299, 'Maaz Umer', 'Umer Khaliq', '21/F-BSAI-21', 1, 58, '2022-05-08 17:57:58', '2022-05-08 17:57:58'),
(2300, 'Muhammad Ali', 'Abdul Aziz', '21/F-BSAI-22', 1, 58, '2022-05-08 17:57:58', '2022-05-08 17:57:58'),
(2301, 'Syed Muhammad Ali Kazmi', 'Syed Zaheer Ahmed Kaazmi', '21/F-BSAI-23', 1, 58, '2022-05-08 17:57:58', '2022-05-08 17:57:58'),
(2302, 'Muhammad Zayan Bin Irfan', 'Muhammad Irfan', '21/F-BSAI-24', 1, 58, '2022-05-08 17:57:58', '2022-05-08 17:57:58'),
(2303, 'ZARPrARP Khawaja', 'Niaz Muhammad', '21/F-BSAI-25', 1, 58, '2022-05-08 17:57:58', '2022-05-08 17:57:58'),
(2304, 'Muhammad Ahmed Tanveer', 'Tanveer ul Haq', '21/F-BSAI-26', 1, 58, '2022-05-08 17:57:58', '2022-05-08 17:57:58'),
(2305, 'Muhammad Shafay', 'Shahjehan', '21/F-BSAI-27', 1, 58, '2022-05-08 17:57:58', '2022-05-08 17:57:58'),
(2306, 'MAHRUKH BAIG', 'ARPIF', '21/F-BSAI-28', 1, 58, '2022-05-08 17:57:58', '2022-05-08 17:57:58'),
(2307, 'Syed Mahmood ejaz', 'Syed Muzaffer Ejaz', '21/F-BSAI-29', 1, 58, '2022-05-08 17:57:58', '2022-05-08 17:57:58'),
(2308, 'Muhammad ARPeeb Khan', 'AnwARP Adil Khan', '21/F-BSAI-31', 1, 58, '2022-05-08 17:57:58', '2022-05-08 17:57:58'),
(2309, 'Zeeshan', 'ZafARP Ali', '21/F-BSAI-32', 1, 58, '2022-05-08 17:57:58', '2022-05-08 17:57:58'),
(2310, 'MUHAMMAD BILAL MADNI KHAN', 'NADEEM AKHTARP KHAN', '21/F-BSAI-33', 1, 58, '2022-05-08 17:57:58', '2022-05-08 17:57:58'),
(2311, 'MUHAMMAD ABDUL REHMAN', 'M.A.ALEEM', '21/F-BSAI-34', 1, 58, '2022-05-08 17:57:58', '2022-05-08 17:57:58'),
(2312, 'ume-shanfa', 'muhammad afzaal', '21/F-BSAI-35', 1, 58, '2022-05-08 17:57:58', '2022-05-08 17:57:58'),
(2313, 'OKASHA TARPIQ', 'MUHAMMAD TARPIQ', '21/F-BSAI-36', 1, 58, '2022-05-08 17:57:58', '2022-05-08 17:57:58'),
(2314, 'Muhammad shoaib ghani jokhio', 'abdul', '21/F-BSAI-37', 1, 58, '2022-05-08 17:57:58', '2022-05-08 17:57:58'),
(2315, 'Muhammad Faizan Norangey', 'Muhammad Aqeel Norangey', '21/F-BSAI-38', 1, 58, '2022-05-08 17:57:58', '2022-05-08 17:57:58'),
(2316, 'HASSAN AHMED', 'MUHAMMAD SHAMIM AZIM', '21/F-BSAI-39', 1, 58, '2022-05-08 17:57:58', '2022-05-08 17:57:58'),
(2317, 'RABIA IMRAN', 'MUHAMMAD IMRAN', '21/F-BSAI-40', 1, 58, '2022-05-08 17:57:58', '2022-05-08 17:57:58'),
(2318, 'NAHARP YOUNUS', 'MUHAMMAD YOUNUS', '21/F-BSAI-41', 1, 58, '2022-05-08 17:57:58', '2022-05-08 17:57:58'),
(2319, 'Muhammad Yousuf', 'Abdul Ghafoor', '21/F-BSAI-42', 1, 58, '2022-05-08 17:57:58', '2022-05-08 17:57:58'),
(2320, 'Moazzam Ahmed Hussain', 'Muhammad Ahmed Hussain', '21/F-BSAI-43', 1, 58, '2022-05-08 17:57:58', '2022-05-08 17:57:58'),
(2321, 'MUSAB AHMED', 'IQBAL AHMED', '21/F-BSAI-44', 1, 58, '2022-05-08 17:57:58', '2022-05-08 17:57:58'),
(2322, 'Muhammad Ashiq Alam', 'Muhammad Maqbool Alam', '21/F-BSAI-45', 1, 58, '2022-05-08 17:57:58', '2022-05-08 17:57:58'),
(2323, 'Muhammad Ghous', 'Muhammad Qadeer AkhtARP', '21/F-BSAI-46', 1, 58, '2022-05-08 17:57:58', '2022-05-08 17:57:58'),
(2324, 'Syed Abdul Rafay', 'Khurram Shahzad', '21/F-BSAI-47', 1, 58, '2022-05-08 17:57:58', '2022-05-08 17:57:58'),
(2325, 'Malaika', 'Muhammad Yousuf', '21/F-BSAI-48', 1, 58, '2022-05-08 17:57:58', '2022-05-08 17:57:58'),
(2326, 'Muhammad Musab ARPshad', 'Muhammad ARPshad Iqbal', '21/F-BSAI-49', 1, 58, '2022-05-08 17:57:58', '2022-05-08 17:57:58'),
(2327, 'Hoor ul ain jamil', 'Jamil Ahmed', '21/F-BSAI-50', 1, 58, '2022-05-08 17:57:58', '2022-05-08 17:57:58'),
(2328, 'Musfirah binte Moin', 'Moin Uddin', '21/F-BSAI-51', 1, 58, '2022-05-08 17:57:58', '2022-05-08 17:57:58'),
(2329, 'Muhammad Shuja Siddiqui', 'Muhammad Shamim AkhtARP', '21/F-BSAI-52', 1, 58, '2022-05-08 17:57:58', '2022-05-08 17:57:58'),
(2330, 'Rasikh', 'ARPshad', '21/F-BSAI-53', 1, 58, '2022-05-08 17:57:58', '2022-05-08 17:57:58'),
(2331, 'Abdul Hannan', 'Muhammad Irfan', '21/F-BSAI-54', 1, 58, '2022-05-08 17:57:58', '2022-05-08 17:57:58'),
(2332, 'Muhammad ARPeeb Qurashi', 'Anwer Hussain Qurashi', '21/F-BSAI-55', 1, 58, '2022-05-08 17:57:58', '2022-05-08 17:57:58'),
(2333, 'WARPda IftikhARP', 'Muhammad IftikhARP Ashraf', '21/F-BSAI-56', 1, 58, '2022-05-08 17:57:58', '2022-05-08 17:57:58'),
(2334, 'AMEEN HAMZA SIDDIQUI', 'ABID HUSSAIN SIDDIQUI', '21/F-BSAI-57', 1, 58, '2022-05-08 17:57:58', '2022-05-08 17:57:58');

-- --------------------------------------------------------

--
-- Table structure for table `duet_subjects`
--

CREATE TABLE `duet_subjects` (
  `id` bigint(20) UNSIGNED NOT NULL,
  `name` varchar(256) COLLATE utf8mb4_unicode_ci NOT NULL,
  `type` bigint(20) UNSIGNED NOT NULL,
  `semester_id` bigint(20) UNSIGNED NOT NULL,
  `teacher_id` bigint(20) UNSIGNED NOT NULL,
  `created_at` timestamp NULL DEFAULT NULL,
  `updated_at` timestamp NULL DEFAULT NULL
) ENGINE=InnoDB DEFAULT CHARSET=utf8mb4 COLLATE=utf8mb4_unicode_ci;

--
-- Dumping data for table `duet_subjects`
--

INSERT INTO `duet_subjects` (`id`, `name`, `type`, `semester_id`, `teacher_id`, `created_at`, `updated_at`) VALUES
(1084, 'Navigational Aids & Radar Systems', 2, 25, 613, '2022-05-08 09:06:10', '2022-05-08 09:06:10'),
(1085, 'Satellite Communication', 2, 25, 673, '2022-05-08 09:06:10', '2022-05-08 09:06:10'),
(1086, 'Telecommunication Network Planning & Management', 2, 25, 674, '2022-05-08 09:06:10', '2022-05-08 09:06:10'),
(1087, 'Telecommunication Network Planning & Management', 1, 25, 674, '2022-05-08 09:06:10', '2022-05-08 09:06:10'),
(1088, 'Digital Signal & Filter Design', 2, 24, 650, '2022-05-08 09:06:10', '2022-05-08 09:06:10'),
(1089, 'Digital Signal & Filter Design', 1, 24, 650, '2022-05-08 09:06:10', '2022-05-08 09:06:10'),
(1090, 'Enterpreneurship', 2, 24, 676, '2022-05-08 09:06:10', '2022-05-08 09:06:10'),
(1091, 'Software Define Radio Networks', 2, 24, 673, '2022-05-08 09:06:10', '2022-05-08 09:06:10'),
(1092, 'Software Define Radio Networks', 1, 24, 674, '2022-05-08 09:06:10', '2022-05-08 09:06:10'),
(1093, 'Transmission & Switching Systems', 2, 24, 677, '2022-05-08 09:06:10', '2022-05-08 09:06:10'),
(1094, 'Wireless & Mobile Communication', 2, 24, 678, '2022-05-08 09:06:10', '2022-05-08 09:06:10'),
(1095, 'Electronic Devices & Circuits ', 2, 22, 684, '2022-05-08 09:06:10', '2022-05-08 09:06:10'),
(1096, 'Electronic Devices & Circuits ', 1, 22, 684, '2022-05-08 09:06:10', '2022-05-08 09:06:10'),
(1097, 'Computer Programming ', 2, 22, 685, '2022-05-08 09:06:10', '2022-05-08 09:06:10'),
(1098, 'Computer Programming ', 1, 22, 685, '2022-05-08 09:06:10', '2022-05-08 09:06:10'),
(1099, 'Communication Skills', 2, 22, 682, '2022-05-08 09:06:10', '2022-05-08 09:06:10'),
(1100, 'Linear Algebra ', 2, 22, 687, '2022-05-08 09:06:10', '2022-05-08 09:06:10'),
(1101, 'Computer Aided Engineering Design', 1, 22, 678, '2022-05-08 09:06:10', '2022-05-08 09:06:10'),
(1102, 'Human Computer Interfacing ', 2, 33, 763, '2022-05-08 09:06:10', '2022-05-08 09:06:10'),
(1103, 'Mobile & Wireless Communication ', 2, 33, 764, '2022-05-08 09:06:10', '2022-05-08 09:06:10'),
(1104, 'Mobile & Wireless Communication ', 1, 33, 747, '2022-05-08 09:06:10', '2022-05-08 09:06:10'),
(1105, 'Embedded Systems', 1, 33, 766, '2022-05-08 09:06:10', '2022-05-08 10:11:09'),
(1106, 'Professional Ethics ', 2, 33, 768, '2022-05-08 09:06:10', '2022-05-08 09:06:10'),
(1107, 'Final Year Project-II', 1, 33, 769, '2022-05-08 09:06:10', '2022-05-08 09:06:10'),
(1108, 'Complex Variable & Transform ', 2, 31, 683, '2022-05-08 09:06:11', '2022-05-08 09:06:11'),
(1109, 'Engineering Economics & Management', 2, 31, 768, '2022-05-08 09:06:11', '2022-05-08 10:13:14'),
(1110, 'Computer Architecture & Organization', 2, 31, 778, '2022-05-08 09:06:11', '2022-05-08 10:14:07'),
(1111, 'Database Management System', 2, 31, 764, '2022-05-08 09:06:11', '2022-05-08 09:06:11'),
(1112, 'Database Management System', 1, 31, 767, '2022-05-08 09:06:11', '2022-05-08 09:06:11'),
(1113, 'Electrical Network Analysis', 1, 31, 746, '2022-05-08 09:06:11', '2022-05-08 09:06:11'),
(1114, 'Linear Algebra', 2, 30, 779, '2022-05-08 09:06:11', '2022-05-08 10:14:47'),
(1115, 'Basic Electronics & Circuits ', 2, 30, 771, '2022-05-08 09:06:11', '2022-05-08 09:06:11'),
(1116, 'Engineering Workshop', 1, 30, 747, '2022-05-08 09:06:11', '2022-05-08 09:06:11'),
(1117, 'Computer Programming Principles', 2, 30, 770, '2022-05-08 09:06:11', '2022-05-08 09:06:11'),
(1118, 'Communication Skill', 2, 30, 730, '2022-05-08 09:06:11', '2022-05-08 09:06:11'),
(1119, 'Basic Electronics & Circuits ', 1, 30, 746, '2022-05-08 09:06:11', '2022-05-08 09:06:11'),
(1120, 'Computer Programming Principles', 1, 30, 774, '2022-05-08 09:06:11', '2022-05-08 09:06:11'),
(1121, 'Foundry Engineering & Practice', 1, 53, 753, '2022-05-08 09:06:11', '2022-05-08 09:06:11'),
(1122, 'Materials Characterization ', 2, 53, 732, '2022-05-08 09:06:11', '2022-05-08 09:06:11'),
(1123, 'Materials Characterization ', 1, 53, 732, '2022-05-08 09:06:11', '2022-05-08 09:06:11'),
(1124, 'Vacume Technology ', 2, 52, 754, '2022-05-08 09:06:11', '2022-05-08 09:06:11'),
(1125, 'Welding & Other Joining Processes', 2, 52, 757, '2022-05-08 09:06:11', '2022-05-08 09:06:11'),
(1126, 'Welding & Other Joining Processes', 1, 52, 757, '2022-05-08 09:06:11', '2022-05-08 09:06:11'),
(1127, 'Numerical Analysis ', 2, 52, 625, '2022-05-08 09:06:11', '2022-05-08 09:06:11'),
(1128, 'Engineering Economics & Management', 2, 52, 759, '2022-05-08 09:06:11', '2022-05-08 10:26:18'),
(1129, 'Industrial Safety & Environmental Engineering', 2, 51, 752, '2022-05-08 09:06:11', '2022-05-08 09:06:11'),
(1130, 'Engineering Ceramics & Glasses ', 2, 51, 753, '2022-05-08 09:06:11', '2022-05-08 09:06:11'),
(1131, 'Engineering Ceramics & Glasses ', 1, 51, 753, '2022-05-08 09:06:11', '2022-05-08 09:06:11'),
(1132, 'Iron Making Technology ', 2, 51, 754, '2022-05-08 09:06:11', '2022-05-08 09:06:11'),
(1133, 'Foundry Engineering', 1, 51, 751, '2022-05-08 09:06:11', '2022-05-08 09:06:11'),
(1134, 'Physcial Metallurgy', 2, 51, 756, '2022-05-08 09:06:11', '2022-05-08 09:06:11'),
(1135, 'Physcial Metallurgy', 1, 51, 756, '2022-05-08 09:06:11', '2022-05-08 09:06:11'),
(1136, 'Computing Fundamental ', 2, 50, 746, '2022-05-08 09:06:11', '2022-05-08 09:06:11'),
(1137, 'Computing Fundamental ', 1, 50, 747, '2022-05-08 09:06:11', '2022-05-08 09:06:11'),
(1138, 'Linear Algebra ', 2, 50, 687, '2022-05-08 09:06:11', '2022-05-08 09:06:11'),
(1139, 'Pakistan Studies ', 2, 50, 650, '2022-05-08 09:06:11', '2022-05-08 09:06:11'),
(1140, 'Technical Report Writing & Communication Skills', 2, 50, 730, '2022-05-08 09:06:11', '2022-05-08 09:06:11'),
(1141, 'Workshop Practice', 1, 50, 751, '2022-05-08 09:06:11', '2022-05-08 09:06:11'),
(1142, 'Enviornmental Impact Assessment ', 2, 45, 733, '2022-05-08 09:06:11', '2022-05-08 09:06:11'),
(1143, 'Wind Energy Engineering', 2, 45, 727, '2022-05-08 09:06:11', '2022-05-08 09:06:11'),
(1144, 'Advance Clean Coal Technologies', 2, 45, 732, '2022-05-08 09:06:11', '2022-05-08 09:06:11'),
(1145, 'Advance Clean Coal Technologies', 1, 45, 728, '2022-05-08 09:06:11', '2022-05-08 09:06:11'),
(1146, 'Instruction & Control', 2, 44, 638, '2022-05-08 09:06:11', '2022-05-08 09:06:11'),
(1147, 'Instruction & Control', 1, 44, 740, '2022-05-08 09:06:11', '2022-05-08 09:06:11'),
(1148, 'Petroleum Geology & Geophysical Exploration', 2, 44, 610, '2022-05-08 09:06:11', '2022-05-08 09:06:11'),
(1149, 'Solar Energy Engineering', 2, 44, 743, '2022-05-08 09:06:11', '2022-05-08 09:06:11'),
(1150, 'Solar Energy Engineering', 2, 44, 735, '2022-05-08 09:06:11', '2022-05-08 09:06:11'),
(1151, 'Heat & Mass Transfer', 2, 43, 731, '2022-05-08 09:06:11', '2022-05-08 09:06:11'),
(1152, 'Heat & Mass Transfer', 1, 43, 731, '2022-05-08 09:06:11', '2022-05-08 09:06:11'),
(1153, 'Bio Energy Engineering ', 2, 43, 732, '2022-05-08 09:06:11', '2022-05-08 09:06:11'),
(1154, 'Engineering Materials ', 2, 43, 733, '2022-05-08 09:06:11', '2022-05-08 09:06:11'),
(1155, 'Fuels & Combustion ', 2, 43, 734, '2022-05-08 09:06:11', '2022-05-08 09:06:11'),
(1156, 'Fuels & Combustion ', 1, 43, 735, '2022-05-08 09:06:11', '2022-05-08 09:06:11'),
(1157, 'Complex Variable & Transforms ', 2, 43, 618, '2022-05-08 09:06:11', '2022-05-08 09:06:11'),
(1158, 'Energy Resources & Environment ', 2, 42, 656, '2022-05-08 09:06:11', '2022-05-08 09:06:11'),
(1159, 'Introduction to Computing ', 2, 42, 725, '2022-05-08 09:06:11', '2022-05-08 09:06:11'),
(1160, 'Introduction to Computing ', 1, 42, 726, '2022-05-08 09:06:11', '2022-05-08 09:06:11'),
(1161, 'Engineering Drawing & Computer Aided Design', 2, 42, 727, '2022-05-08 09:06:11', '2022-05-08 09:06:11'),
(1162, 'Engineering Drawing & Computer Aided Design', 1, 42, 728, '2022-05-08 09:06:11', '2022-05-08 09:06:11'),
(1163, 'Islamic Studies', 2, 42, 729, '2022-05-08 09:06:11', '2022-05-08 10:18:29'),
(1164, 'Technical Report Writing & Communication Skills', 2, 42, 730, '2022-05-08 09:06:11', '2022-05-08 09:06:11'),
(1165, 'Linear Algebra', 2, 26, 697, '2022-05-08 09:06:11', '2022-05-08 09:06:11'),
(1166, 'Communication & Presentation Skills', 2, 26, 696, '2022-05-08 09:06:11', '2022-05-08 09:06:11'),
(1167, 'Object Oriented  Programing', 2, 26, 698, '2022-05-08 09:06:11', '2022-05-08 09:06:11'),
(1168, 'Object Oriented  Programing', 1, 26, 699, '2022-05-08 09:06:11', '2022-05-08 09:06:11'),
(1169, 'Electronic Device & Circuits', 2, 26, 702, '2022-05-08 09:06:11', '2022-05-08 09:06:11'),
(1170, 'Electronic Device & Circuits', 1, 26, 703, '2022-05-08 09:06:11', '2022-05-08 09:06:11'),
(1171, 'Differential Equations', 2, 27, 705, '2022-05-08 09:06:11', '2022-05-08 09:06:11'),
(1172, 'Electrical Machines', 2, 27, 706, '2022-05-08 09:06:11', '2022-05-08 09:06:11'),
(1173, 'Electrical Machines', 1, 27, 699, '2022-05-08 09:06:11', '2022-05-08 09:06:11'),
(1174, 'Electromagnetic Field Theory', 2, 27, 707, '2022-05-08 09:06:11', '2022-05-08 09:06:11'),
(1175, 'instrumentation & Measurement', 2, 27, 708, '2022-05-08 09:06:11', '2022-05-08 09:06:11'),
(1176, 'Microprocessor & Microcontroller System', 2, 27, 710, '2022-05-08 09:06:11', '2022-05-08 09:06:11'),
(1177, 'Microprocessor & Microcontroller System', 1, 27, 711, '2022-05-08 09:06:11', '2022-05-08 09:06:11'),
(1178, 'Engineering Economics & Project Management', 2, 28, 712, '2022-05-08 09:06:11', '2022-05-08 09:06:11'),
(1179, 'Numerical Analysis ', 2, 28, 713, '2022-05-08 09:06:11', '2022-05-08 09:06:11'),
(1180, 'Control Engineering ', 2, 28, 714, '2022-05-08 09:06:11', '2022-05-08 09:06:11'),
(1181, 'Control Engineering ', 1, 28, 715, '2022-05-08 09:06:11', '2022-05-08 09:06:11'),
(1182, 'Digital Signal Processing & Filter Design', 2, 28, 716, '2022-05-08 09:06:11', '2022-05-08 09:06:11'),
(1183, 'Industrial Automation & Robotics', 1, 28, 718, '2022-05-08 09:06:11', '2022-05-08 09:06:11'),
(1184, 'Professional Psychology ', 2, 29, 719, '2022-05-08 09:06:11', '2022-05-08 09:06:11'),
(1185, 'Digital Instrumentation System', 2, 29, 720, '2022-05-08 09:06:11', '2022-05-08 09:06:11'),
(1186, 'Digital Instrumentation System', 1, 29, 704, '2022-05-08 09:06:11', '2022-05-08 09:06:11'),
(1187, 'Entrepreneurship ', 2, 29, 722, '2022-05-08 09:06:11', '2022-05-08 09:06:11'),
(1188, 'Final Year Project-II', 1, 29, 707, '2022-05-08 09:06:11', '2022-05-08 09:06:11'),
(1189, 'Object Oriented  Programing', 1, 26, 700, '2022-05-08 09:06:11', '2022-05-08 09:06:11'),
(1190, 'Electronic Device & Circuits', 1, 26, 704, '2022-05-08 09:06:11', '2022-05-08 09:06:11'),
(1191, 'Electrical Machines', 1, 27, 700, '2022-05-08 09:06:11', '2022-05-08 09:06:11'),
(1192, 'Digital Instrumentation System', 1, 29, 703, '2022-05-08 09:06:11', '2022-05-08 09:06:11'),
(1193, 'Linear Algebra', 2, 59, 689, '2022-05-08 09:06:11', '2022-05-08 09:06:11'),
(1194, 'Programming Fundamentals', 2, 59, 786, '2022-05-08 09:06:11', '2022-05-08 09:06:11'),
(1195, 'Programming Fundamentals', 1, 59, 786, '2022-05-08 09:06:11', '2022-05-08 09:06:11'),
(1196, 'Communication Skills', 2, 59, 784, '2022-05-08 09:06:11', '2022-05-08 09:06:11'),
(1197, 'Introduction to Economics ', 2, 59, 784, '2022-05-08 09:06:11', '2022-05-08 09:06:11'),
(1198, 'Islamic Studies / Ethics', 2, 59, 784, '2022-05-08 09:06:11', '2022-05-08 09:06:11'),
(1199, 'Method of Data Analysis ', 1, 58, 781, '2022-05-08 09:06:11', '2022-05-08 09:06:11'),
(1200, 'Method of Data Analysis ', 2, 58, 781, '2022-05-08 09:06:11', '2022-05-08 09:06:11'),
(1201, 'Communication Skills', 2, 58, 784, '2022-05-08 09:06:11', '2022-05-08 09:06:11'),
(1202, 'Macroeconomics ', 2, 58, 781, '2022-05-08 09:06:11', '2022-05-08 09:06:11'),
(1203, 'Communication Skills', 2, 60, 690, '2022-05-08 09:06:11', '2022-05-08 09:06:11'),
(1204, 'Programming Fundamentals', 2, 60, 688, '2022-05-08 09:06:11', '2022-05-08 09:06:11'),
(1205, 'Programming Fundamentals', 1, 60, 688, '2022-05-08 09:06:11', '2022-05-08 09:06:11'),
(1206, 'Linear Algebra', 2, 60, 689, '2022-05-08 09:06:11', '2022-05-08 09:06:11'),
(1207, 'Islamic Studies & Ethics ', 2, 60, 690, '2022-05-08 09:06:11', '2022-05-08 09:06:11'),
(1208, 'Linear Algebra', 2, 61, 691, '2022-05-08 09:06:11', '2022-05-08 09:06:11'),
(1209, 'Communication Skills', 2, 61, 690, '2022-05-08 09:06:11', '2022-05-08 09:06:11'),
(1210, 'Programming Fundamentals ', 2, 61, 693, '2022-05-08 09:06:11', '2022-05-08 09:06:11'),
(1211, 'Islamic Studies / Ethics', 2, 61, 690, '2022-05-08 09:06:11', '2022-05-08 09:06:11'),
(1212, 'Introduction to Economics', 2, 61, 690, '2022-05-08 09:06:11', '2022-05-08 09:06:11'),
(1213, 'Programming Fundamentals ', 1, 61, 693, '2022-05-08 09:06:11', '2022-05-08 09:06:11'),
(1214, 'Industrial Chemistry', 1, 38, 649, '2022-05-08 09:06:11', '2022-05-08 09:06:11'),
(1215, 'Pakistan Studies', 2, 38, 650, '2022-05-08 09:06:11', '2022-05-08 09:06:11'),
(1216, 'Chemical Engineering Thermodynamics I', 2, 38, 652, '2022-05-08 09:06:11', '2022-05-08 09:42:26'),
(1217, 'Particulate Technology', 1, 38, 653, '2022-05-08 09:06:11', '2022-05-08 09:06:11'),
(1218, 'Engineering Drawing & Graphics', 2, 38, 655, '2022-05-08 09:06:11', '2022-05-08 09:06:11'),
(1219, 'Engineering Drawing & Graphics', 1, 38, 655, '2022-05-08 09:06:11', '2022-05-08 09:06:11'),
(1220, 'Workshop Practice', 1, 38, 656, '2022-05-08 09:06:11', '2022-05-08 09:06:11'),
(1221, 'Complex Variables & Transforms', 2, 39, 657, '2022-05-08 09:06:11', '2022-05-08 09:06:11'),
(1222, 'Technical Report Writing & Skills', 2, 39, 658, '2022-05-08 09:06:11', '2022-05-08 09:06:11'),
(1223, 'Heat Transfer', 2, 39, 659, '2022-05-08 09:06:11', '2022-05-08 09:06:11'),
(1224, 'Heat Transfer', 1, 39, 655, '2022-05-08 09:06:11', '2022-05-08 09:06:11'),
(1225, 'Mass Transfer', 2, 39, 660, '2022-05-08 09:06:11', '2022-05-08 09:06:11'),
(1226, 'Mass Transfer', 1, 39, 660, '2022-05-08 09:06:11', '2022-05-08 09:06:11'),
(1227, 'Numerical Analysis', 2, 40, 662, '2022-05-08 09:06:11', '2022-05-08 09:06:11'),
(1228, 'Numerical Analysis', 1, 40, 662, '2022-05-08 09:06:11', '2022-05-08 09:06:11'),
(1229, 'Chemical Reaction Engineering', 2, 40, 663, '2022-05-08 09:06:11', '2022-05-08 09:06:11'),
(1230, 'Chemical Reaction Engineering', 1, 40, 663, '2022-05-08 09:06:11', '2022-05-08 09:06:11'),
(1231, 'Chemical Product Design', 2, 40, 664, '2022-05-08 09:06:11', '2022-05-08 09:06:11'),
(1232, 'Chemical Product Design', 1, 40, 664, '2022-05-08 09:06:11', '2022-05-08 09:06:11'),
(1233, 'Transport Phenomena', 2, 40, 665, '2022-05-08 09:06:11', '2022-05-08 09:06:11'),
(1234, 'Petroleum Refinery Engineering', 2, 41, 669, '2022-05-08 09:06:11', '2022-05-08 09:06:11'),
(1235, 'Petrochemical Engineering', 2, 41, 664, '2022-05-08 09:06:11', '2022-05-08 09:06:11'),
(1236, 'Production & Operation Management', 2, 41, 670, '2022-05-08 09:06:11', '2022-05-08 09:06:11'),
(1237, 'Applied Geology', 2, 54, 610, '2022-05-08 09:06:11', '2022-05-08 09:06:11'),
(1238, 'Applied Geology', 1, 54, 610, '2022-05-08 09:06:11', '2022-05-08 09:06:11'),
(1239, 'Pakistan Studies', 2, 54, 612, '2022-05-08 09:06:11', '2022-05-08 09:06:11'),
(1240, 'Technical Report Writing & Communication Skills', 2, 54, 613, '2022-05-08 09:06:11', '2022-05-08 09:06:11'),
(1241, 'Computer Programming & Software Application', 2, 54, 772, '2022-05-08 09:06:11', '2022-05-08 09:06:11'),
(1242, 'Computer Programming & Software Application', 1, 54, 772, '2022-05-08 09:06:11', '2022-05-08 09:06:11'),
(1243, 'Engineering Drawing', 1, 54, 648, '2022-05-08 09:06:11', '2022-05-08 09:06:11'),
(1244, 'Drilling Engineering', 2, 55, 636, '2022-05-08 09:06:11', '2022-05-08 09:06:11'),
(1245, 'Drilling Engineering', 1, 55, 636, '2022-05-08 09:06:11', '2022-05-08 09:06:11'),
(1246, 'Petrophysics', 2, 55, 616, '2022-05-08 09:06:11', '2022-05-08 09:06:11'),
(1247, 'Petrophysics', 1, 55, 616, '2022-05-08 09:06:11', '2022-05-08 09:06:11'),
(1248, 'Properties of Reservoir Fluids', 2, 55, 617, '2022-05-08 09:06:11', '2022-05-08 09:06:11'),
(1249, 'Properties of Reservoir Fluids', 1, 55, 617, '2022-05-08 09:06:11', '2022-05-08 09:06:11'),
(1250, 'Complex Variables & Linear Transform', 2, 55, 618, '2022-05-08 09:06:11', '2022-05-08 09:06:11'),
(1251, 'Professional Ethics', 2, 55, 619, '2022-05-08 09:06:11', '2022-05-08 09:06:11'),
(1252, 'Well Completions & Integrity', 2, 56, 621, '2022-05-08 09:06:11', '2022-05-08 09:06:11'),
(1253, 'Well Completions & Integrity', 1, 56, 621, '2022-05-08 09:06:11', '2022-05-08 09:06:11'),
(1254, 'Gas Reservoir Engineering', 2, 56, 622, '2022-05-08 09:06:11', '2022-05-08 09:06:11'),
(1255, 'Gas Reservoir Engineering', 1, 56, 622, '2022-05-08 09:06:11', '2022-05-08 09:06:11'),
(1256, 'Instrumentation & Process Control', 2, 56, 638, '2022-05-08 09:06:11', '2022-05-08 09:06:11'),
(1257, 'Instrumentation & Process Control', 1, 56, 638, '2022-05-08 09:06:11', '2022-05-08 09:06:11'),
(1258, 'Petroleum Refinery Engineering', 1, 56, 624, '2022-05-08 09:06:11', '2022-05-08 09:06:11'),
(1259, 'Numerical Analysis', 2, 56, 625, '2022-05-08 09:06:11', '2022-05-08 09:06:11'),
(1260, 'Petroleum Economics', 2, 57, 619, '2022-05-08 09:06:11', '2022-05-08 09:06:11'),
(1261, 'Gas Reservoir Engineering', 2, 57, 617, '2022-05-08 09:06:11', '2022-05-08 09:06:11'),
(1262, 'Principles of Enhanced Oil Recovery', 2, 57, 626, '2022-05-08 09:06:11', '2022-05-08 09:06:11'),
(1263, 'Principles of Enhanced Oil Recovery', 1, 57, 626, '2022-05-08 09:06:11', '2022-05-08 10:36:17'),
(1264, 'Natural Gas Engineering', 2, 57, 624, '2022-05-08 09:06:11', '2022-05-08 10:36:53'),
(1265, 'Natural Gas Engineering', 1, 57, 619, '2022-05-08 09:06:11', '2022-05-08 09:06:11'),
(1266, 'Technical Report Writing & Communication Skills', 2, 46, 613, '2022-05-08 09:06:11', '2022-05-08 09:06:11'),
(1267, 'Pakistan Studies', 2, 46, 612, '2022-05-08 09:06:11', '2022-05-08 09:06:11'),
(1268, 'Applied Physics', 2, 46, 629, '2022-05-08 09:06:11', '2022-05-08 09:06:11'),
(1269, 'Applied Physics', 1, 46, 629, '2022-05-08 09:06:11', '2022-05-08 09:06:11'),
(1270, 'Linear Algebra', 2, 46, 630, '2022-05-08 09:06:11', '2022-05-08 09:06:11'),
(1271, 'Manufacturing Processes', 2, 46, 631, '2022-05-08 09:06:11', '2022-05-08 09:06:11'),
(1272, 'Manufacturing Processes', 1, 46, 656, '2022-05-08 09:06:11', '2022-05-08 09:06:11'),
(1273, 'Workshop Practice', 1, 46, 656, '2022-05-08 09:06:11', '2022-05-08 09:06:11'),
(1274, 'Engineering Economics', 2, 47, 633, '2022-05-08 09:06:11', '2022-05-08 09:06:11'),
(1275, 'Mechanics of Materials', 2, 47, 634, '2022-05-08 09:06:11', '2022-05-08 09:06:11'),
(1276, 'Mechanics of Materials', 1, 47, 635, '2022-05-08 09:06:11', '2022-05-08 09:06:11'),
(1277, 'Metrology & Statistical Quality', 2, 47, 631, '2022-05-08 09:06:11', '2022-05-08 10:07:16'),
(1278, 'Fluid Mechanics', 2, 47, 631, '2022-05-08 09:06:11', '2022-05-08 09:06:11'),
(1279, 'Fluid Mechanics', 1, 47, 637, '2022-05-08 09:06:11', '2022-05-08 09:06:11'),
(1280, 'Instrumentation & Control', 2, 47, 638, '2022-05-08 09:06:11', '2022-05-08 09:06:11'),
(1281, 'Instrumentation & Control', 1, 47, 639, '2022-05-08 09:06:11', '2022-05-08 09:06:11'),
(1282, 'Numerical Analysis & Computer Application', 2, 48, 630, '2022-05-08 09:06:11', '2022-05-08 09:06:11'),
(1283, 'Production Planning & Control', 2, 48, 678, '2022-05-08 09:06:11', '2022-05-08 09:06:11'),
(1284, 'Computer Simulations', 2, 48, 633, '2022-05-08 09:06:11', '2022-05-08 09:06:11'),
(1285, 'Computer Simulations', 1, 48, 637, '2022-05-08 09:06:11', '2022-05-08 09:06:11'),
(1286, 'Project Management', 2, 48, 643, '2022-05-08 09:06:11', '2022-05-08 09:06:11'),
(1287, 'Project Management', 1, 48, 643, '2022-05-08 09:06:11', '2022-05-08 09:06:11'),
(1288, 'Computer Integrated Manufacturing', 2, 49, 647, '2022-05-08 09:06:11', '2022-05-08 09:06:11'),
(1289, 'Computer Integrated Manufacturing', 1, 49, 648, '2022-05-08 09:06:11', '2022-05-08 09:06:11'),
(1290, 'Professional Practices', 2, 25, 672, '2022-05-08 09:06:11', '2022-05-08 09:06:11'),
(1291, 'Programming Fundamentals', 2, 61, 694, '2022-05-08 09:06:11', '2022-05-08 09:06:11'),
(1292, 'Programming Fundamentals', 1, 61, 694, '2022-05-08 09:06:11', '2022-05-08 09:06:11'),
(1293, 'Industrial Chemistry', 2, 38, 789, '2022-05-08 09:39:36', '2022-05-08 09:39:36'),
(1294, 'Logic And Critical Thinking', 2, 38, 651, '2022-05-08 09:41:16', '2022-05-08 09:41:16'),
(1295, 'Particulate Technology', 2, 38, 654, '2022-05-08 09:43:38', '2022-05-08 09:43:38'),
(1296, 'Chemical Engineering Thermodynamics II', 2, 39, 661, '2022-05-08 09:45:58', '2022-05-08 09:45:58'),
(1297, 'Chemical Engineering Thermodynamics II', 1, 39, 661, '2022-05-08 09:46:13', '2022-05-08 09:46:13'),
(1298, 'Chemical Process Equipment', 2, 40, 666, '2022-05-08 09:48:10', '2022-05-08 09:48:10'),
(1299, 'Environmental Engineering', 2, 41, 667, '2022-05-08 09:49:34', '2022-05-08 09:49:34'),
(1300, 'Chemical Engineering Process Safety', 2, 41, 668, '2022-05-08 09:50:22', '2022-05-08 09:50:22'),
(1301, 'Final Year Project-II', 1, 41, 668, '2022-05-08 09:51:14', '2022-05-08 09:51:14'),
(1302, 'Microprocessor & Microcontroller System', 1, 23, 679, '2022-05-08 14:48:30', '2022-05-08 14:48:30'),
(1303, 'Data Communication and Networking', 1, 23, 680, '2022-05-08 14:49:14', '2022-05-08 14:49:14'),
(1304, 'Technical Report Writing', 2, 23, 682, '2022-05-08 14:50:05', '2022-05-08 14:50:05'),
(1305, 'Complex Variable & Transform', 2, 23, 683, '2022-05-08 14:50:51', '2022-05-08 14:50:51'),
(1306, 'Islamic Studies', 2, 26, 695, '2022-05-08 14:58:01', '2022-05-08 14:58:01'),
(1307, 'instrumentation & Measurement', 1, 27, 709, '2022-05-08 15:04:53', '2022-05-08 15:04:53'),
(1308, 'Digital Signal Processing & Filter Design', 1, 28, 711, '2022-05-08 15:07:31', '2022-05-08 15:07:31'),
(1309, 'Wireless & Mobile Communication', 2, 29, 721, '2022-05-08 15:12:07', '2022-05-08 15:12:07'),
(1310, 'Data Communication & Computer Networks', 1, 32, 772, '2022-05-08 15:19:15', '2022-05-08 15:22:50'),
(1311, 'Software Engineering', 1, 32, 774, '2022-05-08 15:19:46', '2022-05-08 15:19:46'),
(1312, 'Digital System Design', 2, 32, 773, '2022-05-08 15:20:18', '2022-05-08 15:20:18'),
(1313, 'Data Communication & Computer Networks', 2, 32, 770, '2022-05-08 15:20:49', '2022-05-08 15:23:08'),
(1314, 'Health Safety & Environment', 2, 44, 738, '2022-05-08 15:42:58', '2022-05-08 15:42:58'),
(1315, 'Water And Waste Water Engineering', 2, 44, 742, '2022-05-08 15:44:24', '2022-05-08 15:44:24'),
(1316, 'Wind Energy Engineering', 1, 45, 724, '2022-05-08 15:45:45', '2022-05-08 15:45:45'),
(1317, 'Industrial Maintenance & safety', 2, 48, 641, '2022-05-08 15:52:34', '2022-05-08 15:52:34'),
(1318, 'Total Quality Management', 2, 49, 644, '2022-05-08 15:54:39', '2022-05-08 15:54:39'),
(1319, 'Supply Chain & Logistics', 2, 49, 646, '2022-05-08 15:55:37', '2022-05-08 15:55:37'),
(1320, 'Engineering Drawing & Graphics', 1, 50, 745, '2022-05-08 15:59:02', '2022-05-08 15:59:02'),
(1321, 'Foundry Engineering And Practices', 2, 53, 755, '2022-05-08 16:09:35', '2022-05-08 16:09:35'),
(1322, 'Applied Physics', 1, 54, 611, '2022-05-08 16:12:59', '2022-05-08 16:12:59'),
(1323, 'Applied Physics', 2, 54, 611, '2022-05-08 16:13:50', '2022-05-08 16:13:50'),
(1324, 'Final Year Project II', 1, 57, 623, '2022-05-08 16:19:02', '2022-05-08 16:19:02');

-- --------------------------------------------------------

--
-- Table structure for table `duet_teachers`
--

CREATE TABLE `duet_teachers` (
  `id` bigint(20) UNSIGNED NOT NULL,
  `first_name` varchar(256) COLLATE utf8mb4_unicode_ci NOT NULL,
  `last_name` varchar(256) COLLATE utf8mb4_unicode_ci NOT NULL,
  `qualification` bigint(20) UNSIGNED NOT NULL,
  `department_id` bigint(20) UNSIGNED NOT NULL,
  `created_at` timestamp NULL DEFAULT NULL,
  `updated_at` timestamp NULL DEFAULT NULL
) ENGINE=InnoDB DEFAULT CHARSET=utf8mb4 COLLATE=utf8mb4_unicode_ci;

--
-- Dumping data for table `duet_teachers`
--

INSERT INTO `duet_teachers` (`id`, `first_name`, `last_name`, `qualification`, `department_id`, `created_at`, `updated_at`) VALUES
(610, ' Suresh ', 'Kumar', 2, 32, '2022-05-08 09:05:48', '2022-05-08 09:05:48'),
(611, ' Sikanadar', 'Ali', 3, 32, '2022-05-08 09:05:49', '2022-05-08 09:05:49'),
(612, 'Zunera ', 'Memon', 5, 32, '2022-05-08 09:05:49', '2022-05-08 09:05:49'),
(613, 'Ayesha ', 'Amir', 5, 32, '2022-05-08 09:05:49', '2022-05-08 09:05:49'),
(614, 'Motia', 'Rani ', 2, 32, '2022-05-08 09:05:49', '2022-05-08 09:05:49'),
(615, 'Darya Khan', 'Bhutto', 2, 32, '2022-05-08 09:05:49', '2022-05-08 09:05:49'),
(616, 'Waseem ', 'Ahmed', 2, 32, '2022-05-08 09:05:49', '2022-05-08 09:05:49'),
(617, 'Afroze', 'Khatoon', 2, 32, '2022-05-08 09:05:49', '2022-05-08 09:05:49'),
(618, 'Fouzia', 'Abid', 5, 32, '2022-05-08 09:05:49', '2022-05-08 09:05:49'),
(619, 'Muhammad', 'Murtaza', 2, 32, '2022-05-08 09:05:49', '2022-05-08 09:05:49'),
(620, 'Waheed Ali', 'Abro', 1, 32, '2022-05-08 09:05:49', '2022-05-08 09:05:49'),
(621, 'Najeeb', 'Soomro', 2, 32, '2022-05-08 09:05:49', '2022-05-08 09:05:49'),
(622, 'Hassan', 'Aziz', 2, 32, '2022-05-08 09:05:49', '2022-05-08 09:05:49'),
(623, 'Rashid Mustafa', 'Korai', 1, 32, '2022-05-08 09:05:49', '2022-05-08 09:05:49'),
(624, 'Bharat', 'Kumar', 2, 32, '2022-05-08 09:05:49', '2022-05-08 09:05:49'),
(625, 'Fida ', 'Hussain', 3, 32, '2022-05-08 09:05:49', '2022-05-08 09:05:49'),
(626, 'Khalid', 'Waheed', 2, 32, '2022-05-08 09:05:49', '2022-05-08 09:05:49'),
(627, 'Ayesha', 'Amir', 4, 37, '2022-05-08 09:05:49', '2022-05-08 09:05:49'),
(628, 'Zunaira', 'Memon', 5, 37, '2022-05-08 09:05:49', '2022-05-08 09:05:49'),
(629, 'Sumrah', 'Hussain', 5, 37, '2022-05-08 09:05:49', '2022-05-08 09:05:49'),
(630, 'Ismat', 'Zehra', 5, 37, '2022-05-08 09:05:49', '2022-05-08 09:05:49'),
(631, 'Nabeel ', 'Ahmed', 2, 37, '2022-05-08 09:05:49', '2022-05-08 09:05:49'),
(632, 'Ghulam Mujtaba', 'Khan', 2, 37, '2022-05-08 09:05:49', '2022-05-08 09:05:49'),
(633, 'Jansher', 'Ansari', 2, 37, '2022-05-08 09:05:49', '2022-05-08 09:05:49'),
(634, 'Abdul ', 'Rahman', 2, 37, '2022-05-08 09:05:49', '2022-05-08 09:05:49'),
(635, 'Kanwal', 'Zehra', 2, 37, '2022-05-08 09:05:49', '2022-05-08 09:05:49'),
(636, 'Darya', 'Khan', 2, 37, '2022-05-08 09:05:49', '2022-05-08 09:05:49'),
(637, 'Malikah', 'Ibrahim', 2, 37, '2022-05-08 09:05:49', '2022-05-08 09:05:49'),
(638, 'Muhammad', 'Shahid', 3, 37, '2022-05-08 09:05:49', '2022-05-08 09:05:49'),
(639, 'Amna', 'Najab', 5, 37, '2022-05-08 09:05:49', '2022-05-08 09:05:49'),
(640, 'Imran Khan', 'Shaikh', 2, 37, '2022-05-08 09:05:49', '2022-05-08 09:05:49'),
(641, 'Rano Khan', 'Wassan', 2, 37, '2022-05-08 09:05:49', '2022-05-08 09:05:49'),
(642, 'Ali Akbar', 'Jaffari', 2, 37, '2022-05-08 09:05:49', '2022-05-08 09:05:49'),
(643, 'Shoaib', 'Kaka', 2, 37, '2022-05-08 09:05:49', '2022-05-08 09:05:49'),
(644, ' Zahid Hussain ', 'Hulio', 1, 37, '2022-05-08 09:05:49', '2022-05-08 09:05:49'),
(645, 'Muhammad Dawood ', 'Idress', 1, 37, '2022-05-08 09:05:49', '2022-05-08 09:05:49'),
(646, 'Ghulam Sarwar', 'Chandio', 2, 37, '2022-05-08 09:05:49', '2022-05-08 09:05:49'),
(647, 'Shahzada', 'Umair', 1, 37, '2022-05-08 09:05:49', '2022-05-08 09:05:49'),
(648, 'Shahnawaz', 'Ali', 2, 37, '2022-05-08 09:05:49', '2022-05-08 09:05:49'),
(649, 'Shahab', 'Alam', 1, 31, '2022-05-08 09:05:49', '2022-05-08 09:05:49'),
(650, 'Faisal', 'Khan', 3, 31, '2022-05-08 09:05:49', '2022-05-08 09:05:49'),
(651, 'Maqsood Ali', 'Shah', 2, 31, '2022-05-08 09:05:49', '2022-05-08 09:05:49'),
(652, 'Muhammad Azam', 'Usto', 2, 31, '2022-05-08 09:05:49', '2022-05-08 09:05:49'),
(653, 'Mir', 'Muhammad', 2, 31, '2022-05-08 09:05:49', '2022-05-08 09:05:49'),
(654, 'Syed Mazhar', 'Imam', 2, 31, '2022-05-08 09:05:49', '2022-05-08 09:05:49'),
(655, 'ShahRukh ', 'Memon', 2, 31, '2022-05-08 09:05:49', '2022-05-08 09:05:49'),
(656, 'Ghulam', 'Mujtaba', 2, 31, '2022-05-08 09:05:49', '2022-05-08 09:05:49'),
(657, 'Bulbul', 'Jan', 1, 31, '2022-05-08 09:05:49', '2022-05-08 09:05:49'),
(658, 'Irum', 'Pervez', 5, 31, '2022-05-08 09:05:49', '2022-05-08 09:05:49'),
(659, 'Sadia', 'Karim', 2, 31, '2022-05-08 09:05:49', '2022-05-08 09:05:49'),
(660, 'Amna', 'Anjum', 2, 31, '2022-05-08 09:05:49', '2022-05-08 09:05:49'),
(661, 'Atta', 'Muhammad', 2, 31, '2022-05-08 09:05:49', '2022-05-08 09:05:49'),
(662, 'Shafqat', 'Lashari', 3, 31, '2022-05-08 09:05:49', '2022-05-08 09:05:49'),
(663, 'Azka', 'Rizwan', 2, 31, '2022-05-08 09:05:49', '2022-05-08 09:05:49'),
(664, 'Zubair', 'Hashmi', 2, 31, '2022-05-08 09:05:49', '2022-05-08 09:05:49'),
(665, 'Nusrat', 'Kiran', 2, 31, '2022-05-08 09:05:49', '2022-05-08 09:05:49'),
(666, 'Abdul Waheed', 'Bhutto', 1, 31, '2022-05-08 09:05:49', '2022-05-08 09:05:49'),
(667, 'Shoaib Ahmed', 'Qureshi', 2, 31, '2022-05-08 09:05:49', '2022-05-08 09:05:49'),
(668, 'Abdul Karim', 'Shah', 1, 31, '2022-05-08 09:05:49', '2022-05-08 09:05:49'),
(669, 'Tanzeel ', 'Usman', 2, 31, '2022-05-08 09:05:49', '2022-05-08 09:05:49'),
(670, 'Haroon', 'Jandhgha', 1, 31, '2022-05-08 09:05:49', '2022-05-08 09:05:49'),
(671, 'Ayesha', 'Amir', 1, 28, '2022-05-08 09:05:49', '2022-05-08 09:05:49'),
(672, 'Prem', 'Singh', 2, 28, '2022-05-08 09:05:49', '2022-05-08 09:05:49'),
(673, 'Zeeshan', 'Ali', 1, 28, '2022-05-08 09:05:49', '2022-05-08 09:05:49'),
(674, 'Aziza', 'Fazal', 2, 28, '2022-05-08 09:05:49', '2022-05-08 09:05:49'),
(675, 'Faisal', 'Khan', 2, 28, '2022-05-08 09:05:49', '2022-05-08 09:05:49'),
(676, 'Kashif', 'Saleem', 2, 28, '2022-05-08 09:05:49', '2022-05-08 09:05:49'),
(677, 'Rizwan', 'Iqbal', 2, 28, '2022-05-08 09:05:49', '2022-05-08 09:05:49'),
(678, 'Imran', 'Khan', 2, 28, '2022-05-08 09:05:49', '2022-05-08 09:05:49'),
(679, 'Junaid', 'Ahmed', 2, 28, '2022-05-08 09:05:49', '2022-05-08 09:05:49'),
(680, 'Saima', 'Khadim', 2, 28, '2022-05-08 09:05:49', '2022-05-08 09:05:49'),
(681, 'Matloob', 'Ahmed', 2, 28, '2022-05-08 09:05:49', '2022-05-08 09:05:49'),
(682, 'Mushtaque', 'Ahmed', 3, 28, '2022-05-08 09:05:49', '2022-05-08 09:05:49'),
(683, 'Sidra', 'Khan', 1, 28, '2022-05-08 09:05:49', '2022-05-08 09:05:49'),
(684, 'Areez', 'Khalil', 2, 28, '2022-05-08 09:05:49', '2022-05-08 09:05:49'),
(685, 'Imran', 'Alvi', 2, 28, '2022-05-08 09:05:49', '2022-05-08 09:05:49'),
(686, 'Mehvish Asif', 'Shaikh', 5, 28, '2022-05-08 09:05:49', '2022-05-08 09:05:49'),
(687, 'Nazia', 'Irshad', 1, 28, '2022-05-08 09:05:49', '2022-05-08 09:05:49'),
(688, 'Asma', 'Sanam', 1, 39, '2022-05-08 09:05:49', '2022-05-08 09:05:49'),
(689, 'Maria', 'Khan', 5, 39, '2022-05-08 09:05:49', '2022-05-08 09:05:49'),
(690, 'Visiting', 'Teacher', 3, 39, '2022-05-08 09:05:49', '2022-05-08 09:05:49'),
(691, 'Zehra', 'Naveed', 5, 36, '2022-05-08 09:05:49', '2022-05-08 09:05:49'),
(692, 'Visiting', 'Teacher', 3, 36, '2022-05-08 09:05:49', '2022-05-08 09:05:49'),
(693, 'Sarwat', 'Iqbal', 1, 36, '2022-05-08 09:05:49', '2022-05-08 09:05:49'),
(694, 'Irfan', 'Abbasi', 3, 36, '2022-05-08 09:05:49', '2022-05-08 09:05:49'),
(695, 'Naveed uz', 'Zafar', 3, 29, '2022-05-08 09:05:49', '2022-05-08 09:05:49'),
(696, 'Muhammad', 'Hassan', 3, 29, '2022-05-08 09:05:49', '2022-05-08 09:05:49'),
(697, 'Faisal', 'Nawaz', 1, 29, '2022-05-08 09:05:49', '2022-05-08 09:05:49'),
(698, 'Adnan', 'Waqar', 1, 29, '2022-05-08 09:05:49', '2022-05-08 09:05:49'),
(699, 'Rohai ', 'Shaikh', 2, 29, '2022-05-08 09:05:49', '2022-05-08 09:05:49'),
(700, 'Talha', 'Tariq', 2, 29, '2022-05-08 09:05:49', '2022-05-08 09:05:49'),
(701, 'Syed Waqar', 'Alam', 2, 29, '2022-05-08 09:05:49', '2022-05-08 09:05:49'),
(702, 'Ghazala', 'Bhutto', 2, 29, '2022-05-08 09:05:49', '2022-05-08 09:05:49'),
(703, 'Amjad', 'Hussain', 2, 29, '2022-05-08 09:05:49', '2022-05-08 09:05:49'),
(704, 'Altaf', 'Ahmed', 2, 29, '2022-05-08 09:05:49', '2022-05-08 09:05:49'),
(705, 'Sumaira', 'Khan', 1, 29, '2022-05-08 09:05:49', '2022-05-08 09:05:49'),
(706, 'Arsalan', 'Ansari', 1, 29, '2022-05-08 09:05:49', '2022-05-08 09:05:49'),
(707, 'Muhammad', 'Rauf', 1, 29, '2022-05-08 09:05:49', '2022-05-08 09:05:49'),
(708, 'Arif ', 'Abdullah', 2, 29, '2022-05-08 09:05:49', '2022-05-08 09:05:49'),
(709, 'Anum Nadir', 'Ali', 2, 29, '2022-05-08 09:05:49', '2022-05-08 09:05:49'),
(710, 'Musharraf', 'Alam', 1, 29, '2022-05-08 09:05:49', '2022-05-08 09:05:49'),
(711, 'Majid', 'Ahmed', 2, 29, '2022-05-08 09:05:49', '2022-05-08 09:05:49'),
(712, 'Bushra', 'Akhtar', 2, 29, '2022-05-08 09:05:49', '2022-05-08 09:05:49'),
(713, 'Faraz', 'Mehmood', 1, 29, '2022-05-08 09:05:49', '2022-05-08 09:05:49'),
(714, 'Muhammad', 'Ismail', 2, 29, '2022-05-08 09:05:49', '2022-05-08 09:05:49'),
(715, 'Sanjha', 'Khan', 2, 29, '2022-05-08 09:05:49', '2022-05-08 09:05:49'),
(716, 'Dilip ', 'Kumar', 2, 29, '2022-05-08 09:05:49', '2022-05-08 09:05:49'),
(717, 'Maqsood ur', 'Rehman', 2, 29, '2022-05-08 09:05:49', '2022-05-08 09:05:49'),
(718, 'Mustafa', 'Mohiuddin', 2, 29, '2022-05-08 09:05:49', '2022-05-08 09:05:49'),
(719, 'Muhammad', 'Ashan', 2, 29, '2022-05-08 09:05:49', '2022-05-08 09:05:49'),
(720, 'Awais', 'Gul', 1, 29, '2022-05-08 09:05:49', '2022-05-08 09:05:49'),
(721, 'Muhammad Hashim', 'Dahri', 1, 29, '2022-05-08 09:05:49', '2022-05-08 09:05:49'),
(722, 'Nadia', 'Mustaqim', 2, 29, '2022-05-08 09:05:49', '2022-05-08 09:05:49'),
(723, ' Ghulam ', 'Mujtaba ', 1, 40, '2022-05-08 09:05:49', '2022-05-08 09:05:49'),
(724, 'Waseem ', 'Ali ', 2, 40, '2022-05-08 09:05:49', '2022-05-08 09:05:49'),
(725, 'Samia ', 'Izaz', 2, 40, '2022-05-08 09:05:49', '2022-05-08 09:05:49'),
(726, 'Mansoor', 'Maitlo', 2, 40, '2022-05-08 09:05:49', '2022-05-08 09:05:49'),
(727, 'Khuda ', 'Bux', 2, 40, '2022-05-08 09:05:49', '2022-05-08 09:05:49'),
(728, 'Zuhaib ', 'Ahmed', 2, 40, '2022-05-08 09:05:49', '2022-05-08 09:05:49'),
(729, 'Naveed ', 'Zafar', 3, 40, '2022-05-08 09:05:49', '2022-05-08 09:05:49'),
(730, 'Suneeta', 'Ramesh', 5, 40, '2022-05-08 09:05:49', '2022-05-08 09:05:49'),
(731, 'Aamir ', 'Raza', 2, 40, '2022-05-08 09:05:49', '2022-05-08 09:05:49'),
(732, 'Zubair ', 'Ahmed', 1, 40, '2022-05-08 09:05:49', '2022-05-08 09:05:49'),
(733, 'Aisha ', 'Memon', 2, 40, '2022-05-08 09:05:49', '2022-05-08 09:05:49'),
(734, 'Tahir ', 'Hussain', 1, 40, '2022-05-08 09:05:49', '2022-05-08 09:05:49'),
(735, 'Muhammad ', 'Raza', 2, 40, '2022-05-08 09:05:49', '2022-05-08 09:05:49'),
(736, 'Fouzia', 'Abid', 5, 40, '2022-05-08 09:05:49', '2022-05-08 09:05:49'),
(737, 'Muhammad Irfan', 'Rajput', 2, 40, '2022-05-08 09:05:49', '2022-05-08 09:05:49'),
(738, 'Ayaz Ali', 'Shah', 1, 40, '2022-05-08 09:05:49', '2022-05-08 09:05:49'),
(739, 'Muhammad', 'Shahid', 2, 40, '2022-05-08 09:05:49', '2022-05-08 09:05:49'),
(740, 'Nusrat ', 'Ahmed', 2, 40, '2022-05-08 09:05:49', '2022-05-08 09:05:49'),
(741, 'Suresh ', 'Kumar', 2, 40, '2022-05-08 09:05:49', '2022-05-08 09:05:49'),
(742, 'Abdul Fatah', 'Soomro', 1, 40, '2022-05-08 09:05:49', '2022-05-08 09:05:49'),
(743, 'Siraj ', 'Ahmed', 2, 40, '2022-05-08 09:05:49', '2022-05-08 09:05:49'),
(744, 'Sikandar Ali', 'Abbasi', 1, 40, '2022-05-08 09:05:49', '2022-05-08 09:05:49'),
(745, 'Sayed Ali', 'Afzal', 2, 33, '2022-05-08 09:05:49', '2022-05-08 09:05:49'),
(746, 'Sorath', 'Mumtaz', 5, 33, '2022-05-08 09:05:49', '2022-05-08 09:05:49'),
(747, 'Abdul ', 'Manan', 2, 33, '2022-05-08 09:05:49', '2022-05-08 09:05:49'),
(748, 'Nazia', 'Irshad', 1, 33, '2022-05-08 09:05:49', '2022-05-08 09:05:49'),
(749, 'Faisal', 'Khan', 3, 33, '2022-05-08 09:05:49', '2022-05-08 09:05:49'),
(750, 'Suneeta', 'Ramesh', 5, 33, '2022-05-08 09:05:49', '2022-05-08 09:05:49'),
(751, 'Sadam ', 'Ali', 2, 33, '2022-05-08 09:05:49', '2022-05-08 09:05:49'),
(752, 'Fahad ', 'Riaz', 2, 33, '2022-05-08 09:05:49', '2022-05-08 09:05:49'),
(753, 'Vinot', 'Kumar', 2, 33, '2022-05-08 09:05:49', '2022-05-08 09:05:49'),
(754, 'Tufail ', 'Ahmed', 2, 33, '2022-05-08 09:05:49', '2022-05-08 09:05:49'),
(755, 'Iftikhar Ahmed', 'Memon', 2, 33, '2022-05-08 09:05:49', '2022-05-08 09:05:49'),
(756, 'Shakir', 'Hussain', 2, 33, '2022-05-08 09:05:49', '2022-05-08 09:05:49'),
(757, 'Abdul', 'Qadir', 2, 33, '2022-05-08 09:05:49', '2022-05-08 09:05:49'),
(758, 'Inmillah ', 'Maitlo', 1, 33, '2022-05-08 09:05:49', '2022-05-08 09:05:49'),
(759, 'Fida', 'Hussain', 3, 33, '2022-05-08 09:05:49', '2022-05-08 09:05:49'),
(760, 'Zubair Ahmed', 'Laghari', 2, 33, '2022-05-08 09:05:49', '2022-05-08 09:05:49'),
(761, 'Sajid ', 'Hussain ', 1, 33, '2022-05-08 09:05:49', '2022-05-08 09:05:49'),
(762, 'Subhan Ali', 'Jogi', 2, 33, '2022-05-08 09:05:49', '2022-05-08 09:05:49'),
(763, 'Maria ', 'Abdullah', 2, 30, '2022-05-08 09:05:49', '2022-05-08 09:05:49'),
(764, 'Fahad', 'Iqbal', 2, 30, '2022-05-08 09:05:49', '2022-05-08 09:05:49'),
(765, 'Abdul ', 'Manan', 2, 30, '2022-05-08 09:05:49', '2022-05-08 09:05:49'),
(766, 'Shahid Jan', 'Suleman', 2, 30, '2022-05-08 09:05:49', '2022-05-08 09:05:49'),
(767, 'Rahila', 'Shah', 2, 30, '2022-05-08 09:05:49', '2022-05-08 09:05:49'),
(768, 'Saba ', 'Khan', 2, 30, '2022-05-08 09:05:49', '2022-05-08 09:05:49'),
(769, 'Saleem', 'Ahmed', 1, 30, '2022-05-08 09:05:49', '2022-05-08 09:05:49'),
(770, 'Ramesh', 'Kumar', 1, 30, '2022-05-08 09:05:49', '2022-05-08 09:05:49'),
(771, 'Atif', 'Jamil', 1, 30, '2022-05-08 09:05:49', '2022-05-08 09:05:49'),
(772, 'Motia', 'Rani', 2, 30, '2022-05-08 09:05:49', '2022-05-08 09:05:49'),
(773, 'Shamim ', 'ur Rehman', 2, 30, '2022-05-08 09:05:49', '2022-05-08 09:05:49'),
(774, 'Mansoor', 'Ali', 2, 30, '2022-05-08 09:05:49', '2022-05-08 09:05:49'),
(775, 'Irum ', 'Perviaz', 5, 30, '2022-05-08 09:05:49', '2022-05-08 09:05:49'),
(776, 'Sidra', 'Khan', 1, 30, '2022-05-08 09:05:49', '2022-05-08 09:05:49'),
(777, 'Sorath', 'Mumtaz', 2, 30, '2022-05-08 09:05:49', '2022-05-08 09:05:49'),
(778, 'Saima', 'Aijaz', 2, 30, '2022-05-08 09:05:49', '2022-05-08 09:05:49'),
(779, 'Ismat', 'Zehra', 5, 30, '2022-05-08 09:05:49', '2022-05-08 09:05:49'),
(780, 'Mevish', 'Asif', 5, 30, '2022-05-08 09:05:49', '2022-05-08 09:05:49'),
(781, 'Arslan', 'Ahmed', 1, 35, '2022-05-08 09:05:49', '2022-05-08 09:05:49'),
(782, 'Syed Nizam uddin', 'Shah', 3, 35, '2022-05-08 09:05:49', '2022-05-08 09:05:49'),
(783, 'Maqsood Ali', 'Shah', 3, 35, '2022-05-08 09:05:49', '2022-05-08 09:05:49'),
(784, 'Visiting', 'Faculty', 3, 35, '2022-05-08 09:05:49', '2022-05-08 09:05:49'),
(785, 'Maria', 'Khan', 5, 38, '2022-05-08 09:05:49', '2022-05-08 09:05:49'),
(786, 'Noor-ul-', 'Huda', 5, 38, '2022-05-08 09:05:49', '2022-05-08 09:05:49'),
(787, 'Visiting ', 'Faculty', 5, 38, '2022-05-08 09:05:49', '2022-05-08 09:05:49'),
(788, 'Suneeta', 'Ramesh', 5, 30, '2022-05-08 09:05:49', '2022-05-08 09:05:49'),
(789, 'Daraksha', 'Ara', 1, 31, '2022-05-08 09:39:07', '2022-05-08 09:39:07');

-- --------------------------------------------------------

--
-- Table structure for table `duet_time_tables`
--

CREATE TABLE `duet_time_tables` (
  `id` bigint(20) UNSIGNED NOT NULL,
  `department_id` bigint(20) UNSIGNED NOT NULL,
  `batch_id` bigint(20) UNSIGNED NOT NULL,
  `subject_id` bigint(20) UNSIGNED NOT NULL,
  `days` bigint(20) UNSIGNED NOT NULL,
  `start_time` time NOT NULL,
  `end_time` time NOT NULL,
  `section_id` bigint(20) UNSIGNED NOT NULL,
  `created_at` timestamp NULL DEFAULT NULL,
  `updated_at` timestamp NULL DEFAULT NULL
) ENGINE=InnoDB DEFAULT CHARSET=utf8mb4 COLLATE=utf8mb4_unicode_ci;

--
-- Dumping data for table `duet_time_tables`
--

INSERT INTO `duet_time_tables` (`id`, `department_id`, `batch_id`, `subject_id`, `days`, `start_time`, `end_time`, `section_id`, `created_at`, `updated_at`) VALUES
(138, 28, 20, 1100, 1, '10:00:00', '10:55:00', 1, '2022-05-08 14:45:23', '2022-05-08 14:45:23'),
(139, 28, 20, 1100, 1, '11:00:00', '11:55:00', 1, '2022-05-08 14:45:39', '2022-05-08 14:45:39'),
(140, 28, 20, 1101, 1, '12:00:00', '15:55:00', 1, '2022-05-08 14:46:09', '2022-05-08 14:46:09'),
(141, 28, 21, 1302, 1, '09:00:00', '11:55:00', 1, '2022-05-08 14:51:34', '2022-05-08 14:51:34'),
(142, 28, 21, 1303, 1, '09:00:00', '11:55:00', 2, '2022-05-08 14:51:51', '2022-05-08 14:51:51'),
(143, 28, 21, 1304, 1, '12:00:00', '12:55:00', 1, '2022-05-08 14:52:13', '2022-05-08 14:52:13'),
(144, 28, 21, 1305, 1, '14:00:00', '14:55:00', 1, '2022-05-08 14:52:31', '2022-05-08 14:52:31'),
(145, 28, 21, 1305, 1, '15:00:00', '15:55:00', 1, '2022-05-08 14:52:46', '2022-05-08 14:52:46'),
(146, 28, 22, 1089, 1, '09:00:00', '11:55:00', 1, '2022-05-08 14:53:26', '2022-05-08 14:53:26'),
(147, 28, 22, 1090, 1, '12:00:00', '12:55:00', 1, '2022-05-08 14:53:53', '2022-05-08 14:53:53'),
(148, 28, 22, 1088, 1, '14:00:00', '14:55:00', 1, '2022-05-08 14:54:15', '2022-05-08 14:54:15'),
(149, 28, 22, 1088, 1, '15:00:00', '15:55:00', 1, '2022-05-08 14:54:27', '2022-05-08 14:54:27'),
(150, 28, 23, 1084, 1, '09:00:00', '09:55:00', 1, '2022-05-08 14:55:12', '2022-05-08 14:55:12'),
(151, 28, 23, 1084, 1, '10:00:00', '10:55:00', 1, '2022-05-08 14:55:26', '2022-05-08 14:55:26'),
(152, 28, 23, 1086, 1, '11:00:00', '11:55:00', 1, '2022-05-08 14:55:44', '2022-05-08 14:55:44'),
(153, 28, 23, 1087, 1, '12:00:00', '15:55:00', 2, '2022-05-08 14:56:19', '2022-05-08 14:56:19'),
(154, 29, 24, 1306, 1, '12:00:00', '12:55:00', 3, '2022-05-08 14:58:28', '2022-05-08 14:59:34'),
(155, 29, 24, 1166, 1, '14:00:00', '14:05:00', 3, '2022-05-08 14:58:54', '2022-05-08 14:59:42'),
(156, 29, 24, 1166, 1, '15:00:00', '15:55:00', 3, '2022-05-08 14:59:09', '2022-05-08 14:59:48'),
(157, 29, 24, 1169, 1, '09:00:00', '09:55:00', 1, '2022-05-08 15:00:15', '2022-05-08 15:00:15'),
(158, 29, 24, 1169, 1, '10:00:00', '10:55:00', 1, '2022-05-08 15:00:30', '2022-05-08 15:00:30'),
(159, 29, 24, 1306, 1, '11:00:00', '11:55:00', 1, '2022-05-08 15:00:55', '2022-05-08 15:00:55'),
(160, 29, 24, 1170, 1, '12:00:00', '15:55:00', 2, '2022-05-08 15:01:19', '2022-05-08 15:01:19'),
(161, 29, 25, 1172, 1, '09:00:00', '09:55:00', 3, '2022-05-08 15:02:00', '2022-05-08 15:02:00'),
(162, 29, 25, 1171, 1, '12:00:00', '12:55:00', 3, '2022-05-08 15:02:27', '2022-05-08 15:02:27'),
(163, 29, 25, 1174, 1, '14:00:00', '14:55:00', 3, '2022-05-08 15:02:56', '2022-05-08 15:02:56'),
(164, 29, 25, 1174, 1, '15:00:00', '15:55:00', 3, '2022-05-08 15:03:14', '2022-05-08 15:03:14'),
(165, 29, 25, 1172, 1, '10:00:00', '10:55:00', 1, '2022-05-08 15:03:43', '2022-05-08 15:03:43'),
(166, 29, 25, 1171, 1, '11:00:00', '11:55:00', 1, '2022-05-08 15:04:04', '2022-05-08 15:04:04'),
(167, 29, 25, 1307, 1, '12:00:00', '15:55:00', 1, '2022-05-08 15:05:22', '2022-05-08 15:05:22'),
(168, 29, 26, 1181, 1, '09:00:00', '11:55:00', 3, '2022-05-08 15:06:40', '2022-05-08 15:08:12'),
(169, 29, 26, 1308, 1, '09:00:00', '11:55:00', 4, '2022-05-08 15:07:54', '2022-05-08 15:07:54'),
(170, 29, 26, 1180, 1, '12:00:00', '12:55:00', 3, '2022-05-08 15:08:35', '2022-05-08 15:08:35'),
(171, 29, 26, 1178, 1, '09:00:00', '09:55:00', 1, '2022-05-08 15:09:04', '2022-05-08 15:09:04'),
(172, 29, 26, 1178, 1, '10:00:00', '10:55:00', 1, '2022-05-08 15:09:26', '2022-05-08 15:09:26'),
(173, 29, 26, 1180, 1, '11:00:00', '11:55:00', 1, '2022-05-08 15:10:10', '2022-05-08 15:10:37'),
(174, 29, 27, 1187, 1, '12:00:00', '12:55:00', 3, '2022-05-08 15:11:10', '2022-05-08 15:11:10'),
(175, 29, 27, 1309, 1, '14:00:00', '14:55:00', 3, '2022-05-08 15:12:39', '2022-05-08 15:12:39'),
(176, 29, 27, 1309, 1, '15:00:00', '15:55:00', 3, '2022-05-08 15:12:57', '2022-05-08 15:12:57'),
(177, 29, 27, 1185, 1, '09:00:00', '09:55:00', 1, '2022-05-08 15:13:21', '2022-05-08 15:13:21'),
(178, 29, 27, 1185, 1, '10:00:00', '10:55:00', 1, '2022-05-08 15:13:39', '2022-05-08 15:13:39'),
(179, 29, 27, 1187, 1, '12:00:00', '12:55:00', 1, '2022-05-08 15:14:04', '2022-05-08 15:14:04'),
(180, 29, 27, 1185, 1, '12:00:00', '15:55:00', 1, '2022-05-08 15:14:25', '2022-05-08 15:14:25'),
(181, 30, 28, 1118, 1, '09:00:00', '09:55:00', 1, '2022-05-08 15:16:16', '2022-05-08 15:16:16'),
(182, 30, 28, 1118, 1, '10:00:00', '10:55:00', 1, '2022-05-08 15:16:32', '2022-05-08 15:16:32'),
(183, 30, 28, 1114, 1, '11:00:00', '11:55:00', 1, '2022-05-08 15:16:48', '2022-05-08 15:16:48'),
(184, 30, 29, 1113, 1, '09:00:00', '11:55:00', 2, '2022-05-08 15:17:24', '2022-05-08 15:17:24'),
(185, 30, 29, 1110, 1, '12:00:00', '12:55:00', 1, '2022-05-08 15:17:44', '2022-05-08 15:17:44'),
(186, 30, 29, 1111, 1, '14:00:00', '14:55:00', 1, '2022-05-08 15:18:01', '2022-05-08 15:18:01'),
(187, 30, 30, 1310, 1, '09:00:00', '11:55:00', 1, '2022-05-08 15:21:12', '2022-05-08 15:21:12'),
(188, 30, 30, 1311, 1, '09:00:00', '11:55:00', 2, '2022-05-08 15:21:50', '2022-05-08 15:21:50'),
(189, 30, 30, 1312, 1, '12:00:00', '12:55:00', 1, '2022-05-08 15:22:05', '2022-05-08 15:22:05'),
(190, 30, 30, 1313, 1, '14:00:00', '14:55:00', 1, '2022-05-08 15:23:50', '2022-05-08 15:23:50'),
(191, 30, 30, 1313, 1, '15:00:00', '15:55:00', 1, '2022-05-08 15:24:07', '2022-05-08 15:24:07'),
(192, 30, 31, 1106, 1, '09:00:00', '09:55:00', 1, '2022-05-08 15:24:42', '2022-05-08 15:24:42'),
(193, 30, 31, 1106, 1, '10:00:00', '10:55:00', 1, '2022-05-08 15:24:57', '2022-05-08 15:24:57'),
(194, 30, 31, 1102, 1, '11:00:00', '11:55:00', 1, '2022-05-08 15:25:15', '2022-05-08 15:25:15'),
(195, 30, 31, 1105, 1, '12:00:00', '15:55:00', 1, '2022-05-08 15:25:40', '2022-05-08 15:25:40'),
(196, 30, 31, 1104, 1, '12:00:00', '15:55:00', 2, '2022-05-08 15:26:04', '2022-05-08 15:26:04'),
(197, 31, 36, 1295, 1, '09:00:00', '09:55:00', 3, '2022-05-08 15:27:31', '2022-05-08 15:27:31'),
(198, 31, 36, 1295, 1, '10:00:00', '10:55:00', 1, '2022-05-08 15:27:45', '2022-05-08 15:27:45'),
(199, 31, 36, 1216, 1, '11:00:00', '11:55:00', 3, '2022-05-08 15:28:07', '2022-05-08 15:28:07'),
(200, 31, 36, 1214, 1, '12:00:00', '15:55:00', 3, '2022-05-08 15:28:28', '2022-05-08 15:28:28'),
(201, 31, 36, 1219, 1, '09:00:00', '11:55:00', 1, '2022-05-08 15:28:53', '2022-05-08 15:28:53'),
(202, 31, 36, 1295, 1, '12:00:00', '12:55:00', 1, '2022-05-08 15:29:09', '2022-05-08 15:29:09'),
(203, 31, 37, 1225, 1, '09:00:00', '09:55:00', 3, '2022-05-08 15:29:38', '2022-05-08 15:29:38'),
(204, 31, 37, 1225, 1, '10:00:00', '10:55:00', 3, '2022-05-08 15:29:52', '2022-05-08 15:29:52'),
(205, 31, 37, 1221, 1, '11:00:00', '11:55:00', 3, '2022-05-08 15:30:21', '2022-05-08 15:30:21'),
(206, 31, 37, 1222, 1, '12:00:00', '12:55:00', 1, '2022-05-08 15:30:41', '2022-05-08 15:30:41'),
(207, 31, 37, 1225, 1, '14:00:00', '14:55:00', 1, '2022-05-08 15:31:07', '2022-05-08 15:31:07'),
(208, 31, 37, 1223, 1, '15:00:00', '15:55:00', 1, '2022-05-08 15:31:36', '2022-05-08 15:31:36'),
(209, 31, 38, 1298, 1, '09:00:00', '09:55:00', 3, '2022-05-08 15:32:38', '2022-05-08 15:32:38'),
(210, 31, 38, 1231, 1, '10:00:00', '10:55:00', 3, '2022-05-08 15:32:59', '2022-05-08 15:32:59'),
(211, 31, 38, 1231, 1, '11:00:00', '11:55:00', 3, '2022-05-08 15:33:17', '2022-05-08 15:33:17'),
(212, 31, 38, 1230, 1, '09:00:00', '11:55:00', 1, '2022-05-08 15:33:38', '2022-05-08 15:33:38'),
(213, 31, 38, 1229, 1, '12:00:00', '12:55:00', 1, '2022-05-08 15:33:56', '2022-05-08 15:33:56'),
(214, 31, 38, 1231, 1, '14:00:00', '14:55:00', 1, '2022-05-08 15:34:16', '2022-05-08 15:34:16'),
(215, 31, 38, 1231, 1, '15:00:00', '15:55:00', 1, '2022-05-08 15:34:36', '2022-05-08 15:34:36'),
(216, 31, 39, 1234, 1, '09:00:00', '09:55:00', 3, '2022-05-08 15:35:10', '2022-05-08 15:35:10'),
(217, 31, 39, 1234, 1, '10:00:00', '10:55:00', 3, '2022-05-08 15:35:30', '2022-05-08 15:35:30'),
(218, 31, 39, 1299, 1, '11:00:00', '11:55:00', 3, '2022-05-08 15:35:51', '2022-05-08 15:35:51'),
(219, 31, 39, 1299, 1, '12:00:00', '12:55:00', 3, '2022-05-08 15:36:08', '2022-05-08 15:36:18'),
(220, 31, 39, 1300, 1, '14:00:00', '14:55:00', 3, '2022-05-08 15:36:40', '2022-05-08 15:36:40'),
(221, 31, 39, 1300, 1, '15:00:00', '15:55:00', 3, '2022-05-08 15:36:57', '2022-05-08 15:36:57'),
(222, 31, 39, 1301, 1, '09:00:00', '11:55:00', 1, '2022-05-08 15:37:48', '2022-05-08 15:37:48'),
(223, 31, 39, 1301, 1, '12:00:00', '15:55:00', 1, '2022-05-08 15:38:09', '2022-05-08 15:38:09'),
(224, 40, 40, 1160, 1, '09:00:00', '11:55:00', 1, '2022-05-08 15:39:47', '2022-05-08 15:39:47'),
(225, 40, 40, 1161, 1, '12:00:00', '12:55:00', 1, '2022-05-08 15:40:09', '2022-05-08 15:40:09'),
(226, 40, 40, 1163, 1, '14:00:00', '14:55:00', 1, '2022-05-08 15:40:24', '2022-05-08 15:40:24'),
(227, 40, 40, 1163, 1, '15:00:00', '15:55:00', 1, '2022-05-08 15:40:38', '2022-05-08 15:40:38'),
(228, 40, 41, 1155, 1, '09:00:00', '09:55:00', 1, '2022-05-08 15:41:02', '2022-05-08 15:41:02'),
(229, 40, 41, 1155, 1, '10:00:00', '10:55:00', 1, '2022-05-08 15:41:15', '2022-05-08 15:41:15'),
(230, 40, 41, 1154, 1, '11:00:00', '11:55:00', 1, '2022-05-08 15:41:31', '2022-05-08 15:41:31'),
(231, 40, 41, 1156, 1, '12:00:00', '15:55:00', 1, '2022-05-08 15:41:54', '2022-05-08 15:41:54'),
(232, 40, 42, 1314, 1, '09:00:00', '09:55:00', 1, '2022-05-08 15:43:26', '2022-05-08 15:43:26'),
(233, 40, 42, 1314, 1, '10:00:00', '10:55:00', 1, '2022-05-08 15:43:41', '2022-05-08 15:43:41'),
(234, 40, 42, 1315, 1, '11:00:00', '11:55:00', 1, '2022-05-08 15:44:51', '2022-05-08 15:44:51'),
(235, 40, 43, 1316, 1, '09:00:00', '11:55:00', 1, '2022-05-08 15:46:08', '2022-05-08 15:46:08'),
(236, 40, 43, 1144, 1, '14:00:00', '14:55:00', 1, '2022-05-08 15:46:25', '2022-05-08 15:46:25'),
(237, 40, 43, 1144, 1, '15:00:00', '15:55:00', 1, '2022-05-08 15:46:37', '2022-05-08 15:46:37'),
(238, 37, 44, 1270, 1, '09:00:00', '09:55:00', 1, '2022-05-08 15:48:01', '2022-05-08 15:48:01'),
(239, 37, 44, 1270, 1, '10:00:00', '10:55:00', 1, '2022-05-08 15:48:14', '2022-05-08 15:48:14'),
(240, 37, 44, 1268, 1, '11:00:00', '11:55:00', 1, '2022-05-08 15:48:37', '2022-05-08 15:48:37'),
(241, 37, 44, 1273, 1, '12:00:00', '15:55:00', 1, '2022-05-08 15:48:54', '2022-05-08 15:48:54'),
(242, 37, 45, 1281, 1, '09:00:00', '11:55:00', 1, '2022-05-08 15:49:34', '2022-05-08 15:49:34'),
(243, 37, 45, 1279, 1, '09:00:00', '11:55:00', 2, '2022-05-08 15:49:58', '2022-05-08 15:49:58'),
(244, 37, 45, 1274, 1, '12:00:00', '12:55:00', 1, '2022-05-08 15:50:16', '2022-05-08 15:50:16'),
(245, 37, 45, 1278, 1, '14:00:00', '14:55:00', 1, '2022-05-08 15:50:32', '2022-05-08 15:50:32'),
(246, 37, 45, 1278, 1, '15:00:00', '15:55:00', 1, '2022-05-08 15:50:49', '2022-05-08 15:50:49'),
(247, 37, 46, 1287, 1, '09:00:00', '11:55:00', 1, '2022-05-08 15:51:32', '2022-05-08 15:51:32'),
(248, 37, 46, 1317, 1, '12:00:00', '12:55:00', 1, '2022-05-08 15:52:49', '2022-05-08 15:52:49'),
(249, 37, 46, 1283, 1, '14:00:00', '14:55:00', 1, '2022-05-08 15:53:08', '2022-05-08 15:53:08'),
(250, 37, 46, 1283, 1, '15:00:00', '15:55:00', 1, '2022-05-08 15:53:23', '2022-05-08 15:53:39'),
(251, 37, 47, 1318, 1, '09:00:00', '09:55:00', 1, '2022-05-08 15:55:55', '2022-05-08 15:55:55'),
(252, 37, 47, 1318, 1, '10:00:00', '10:55:00', 1, '2022-05-08 15:56:08', '2022-05-08 15:56:08'),
(253, 37, 47, 1319, 1, '11:00:00', '11:55:00', 1, '2022-05-08 15:56:23', '2022-05-08 15:56:23'),
(254, 37, 47, 1289, 1, '12:00:00', '15:55:00', 1, '2022-05-08 15:56:39', '2022-05-08 15:56:46'),
(255, 33, 48, 1136, 1, '09:00:00', '09:55:00', 1, '2022-05-08 15:57:35', '2022-05-08 15:57:35'),
(256, 33, 48, 1136, 1, '10:00:00', '10:55:00', 1, '2022-05-08 15:57:50', '2022-05-08 15:57:50'),
(257, 33, 48, 1140, 1, '11:00:00', '11:55:00', 1, '2022-05-08 15:58:14', '2022-05-08 15:58:14'),
(258, 33, 48, 1320, 1, '12:00:00', '15:55:00', 1, '2022-05-08 15:59:22', '2022-05-08 15:59:22'),
(259, 33, 49, 1135, 1, '09:00:00', '11:55:00', 1, '2022-05-08 15:59:47', '2022-05-08 15:59:47'),
(260, 33, 49, 1135, 1, '09:00:00', '11:55:00', 1, '2022-05-08 15:59:47', '2022-05-08 15:59:47'),
(261, 33, 49, 1132, 1, '14:00:00', '14:55:00', 1, '2022-05-08 16:00:05', '2022-05-08 16:00:18'),
(262, 33, 49, 1132, 1, '15:00:00', '15:55:00', 1, '2022-05-08 16:00:39', '2022-05-08 16:00:39'),
(263, 33, 50, 1126, 1, '09:00:00', '11:55:00', 1, '2022-05-08 16:01:18', '2022-05-08 16:01:18'),
(264, 33, 50, 1127, 1, '12:00:00', '12:55:00', 1, '2022-05-08 16:01:36', '2022-05-08 16:01:56'),
(265, 33, 50, 1128, 1, '14:00:00', '14:55:00', 1, '2022-05-08 16:02:11', '2022-05-08 16:02:11'),
(266, 33, 50, 1128, 1, '15:00:00', '15:55:00', 1, '2022-05-08 16:02:26', '2022-05-08 16:02:26'),
(267, 33, 51, 1121, 1, '09:00:00', '09:55:00', 1, '2022-05-08 16:10:08', '2022-05-08 16:10:08'),
(268, 33, 51, 1321, 1, '10:00:00', '10:55:00', 1, '2022-05-08 16:10:25', '2022-05-08 16:10:25'),
(269, 33, 51, 1122, 1, '11:00:00', '11:55:00', 1, '2022-05-08 16:10:42', '2022-05-08 16:10:42'),
(270, 32, 52, 1243, 1, '09:00:00', '11:55:00', 1, '2022-05-08 16:12:21', '2022-05-08 16:12:21'),
(271, 32, 52, 1323, 1, '12:00:00', '12:55:00', 1, '2022-05-08 16:14:21', '2022-05-08 16:14:21'),
(272, 32, 52, 1237, 1, '14:00:00', '14:55:00', 1, '2022-05-08 16:14:38', '2022-05-08 16:14:52'),
(273, 32, 52, 1237, 1, '15:00:00', '15:55:00', 1, '2022-05-08 16:15:06', '2022-05-08 16:15:06'),
(274, 32, 53, 1248, 1, '09:00:00', '09:55:00', 1, '2022-05-08 16:15:45', '2022-05-08 16:15:45'),
(275, 32, 53, 1248, 1, '10:00:00', '10:55:00', 1, '2022-05-08 16:16:12', '2022-05-08 16:16:12'),
(276, 32, 53, 1244, 1, '11:00:00', '11:55:00', 1, '2022-05-08 16:16:31', '2022-05-08 16:16:57'),
(277, 32, 53, 1245, 1, '12:00:00', '15:55:00', 1, '2022-05-08 16:16:47', '2022-05-08 16:16:47'),
(278, 32, 54, 1252, 1, '09:00:00', '09:55:00', 1, '2022-05-08 16:17:14', '2022-05-08 16:17:14'),
(279, 32, 54, 1253, 1, '10:00:00', '12:55:00', 1, '2022-05-08 16:17:37', '2022-05-08 16:17:37'),
(280, 32, 54, 1256, 1, '14:00:00', '14:55:00', 1, '2022-05-08 16:17:54', '2022-05-08 16:17:54'),
(281, 32, 54, 1256, 1, '15:00:00', '15:55:00', 1, '2022-05-08 16:18:09', '2022-05-08 16:18:09'),
(282, 32, 55, 1324, 1, '09:00:00', '11:55:00', 1, '2022-05-08 16:20:38', '2022-05-08 16:20:38'),
(283, 32, 55, 1324, 1, '12:00:00', '15:55:00', 1, '2022-05-08 16:20:52', '2022-05-08 16:20:52'),
(284, 36, 56, 1208, 1, '09:00:00', '09:55:00', 1, '2022-05-08 16:22:24', '2022-05-08 16:22:24'),
(285, 36, 56, 1212, 1, '10:00:00', '10:55:00', 1, '2022-05-08 16:22:46', '2022-05-08 16:22:46'),
(286, 36, 56, 1209, 1, '11:00:00', '11:55:00', 1, '2022-05-08 16:23:05', '2022-05-08 16:23:05'),
(287, 36, 56, 1209, 1, '12:00:00', '12:55:00', 1, '2022-05-08 16:23:20', '2022-05-08 16:23:20'),
(288, 38, 57, 1193, 1, '09:00:00', '09:55:00', 1, '2022-05-08 16:24:15', '2022-05-08 16:24:15'),
(289, 38, 57, 1193, 1, '10:00:00', '10:55:00', 1, '2022-05-08 16:24:32', '2022-05-08 16:24:32'),
(290, 38, 57, 1197, 1, '11:00:00', '11:55:00', 1, '2022-05-08 16:24:49', '2022-05-08 16:24:49'),
(291, 38, 57, 1196, 1, '14:00:00', '14:55:00', 1, '2022-05-08 16:25:04', '2022-05-08 16:25:04'),
(292, 38, 57, 1198, 1, '15:00:00', '15:55:00', 1, '2022-05-08 16:25:19', '2022-05-08 16:25:19'),
(293, 39, 58, 1203, 1, '09:00:00', '09:55:00', 1, '2022-05-08 16:25:43', '2022-05-08 16:25:43'),
(294, 39, 58, 1204, 1, '10:00:00', '10:55:00', 1, '2022-05-08 16:26:01', '2022-05-08 16:26:01'),
(295, 39, 58, 1204, 1, '11:00:00', '11:55:00', 1, '2022-05-08 16:26:18', '2022-05-08 16:26:18'),
(296, 39, 58, 1206, 1, '12:00:00', '12:55:00', 1, '2022-05-08 16:26:37', '2022-05-08 16:26:37'),
(297, 35, 59, 1199, 1, '10:00:00', '12:55:00', 1, '2022-05-08 16:27:23', '2022-05-08 16:27:23'),
(298, 35, 59, 1201, 1, '14:00:00', '14:55:00', 1, '2022-05-08 16:27:39', '2022-05-08 16:27:39'),
(299, 35, 59, 1201, 1, '15:00:00', '15:55:00', 1, '2022-05-08 16:27:54', '2022-05-08 16:27:54');

-- --------------------------------------------------------

--
-- Table structure for table `duet_users`
--

CREATE TABLE `duet_users` (
  `id` bigint(20) UNSIGNED NOT NULL,
  `name` varchar(255) COLLATE utf8mb4_unicode_ci NOT NULL,
  `email` varchar(255) COLLATE utf8mb4_unicode_ci NOT NULL,
  `email_verified_at` timestamp NULL DEFAULT NULL,
  `password` varchar(255) COLLATE utf8mb4_unicode_ci NOT NULL,
  `remember_token` varchar(100) COLLATE utf8mb4_unicode_ci DEFAULT NULL,
  `created_at` timestamp NULL DEFAULT NULL,
  `updated_at` timestamp NULL DEFAULT NULL
) ENGINE=InnoDB DEFAULT CHARSET=utf8mb4 COLLATE=utf8mb4_unicode_ci;

--
-- Dumping data for table `duet_users`
--

INSERT INTO `duet_users` (`id`, `name`, `email`, `email_verified_at`, `password`, `remember_token`, `created_at`, `updated_at`) VALUES
(1, 'Muhammad Ismail', 'Ismail@yopmail.com', NULL, '$2y$10$e/z0ApTZo/kA2vCzIlRVJ.Bpzk7uBz7DtJbLmq.xbBWFTvgixH3re', NULL, '2022-05-02 03:04:00', '2022-05-02 03:04:00'),
(2, 'Ishraq', 'ishraqqureshi99@yopmail.com', NULL, '$2y$10$7LUWmWHQ08ZuFHABBmTIGO5aWNhEMPrfTbXpUB/df3GT9mKoiCGXi', NULL, '2022-05-03 08:37:29', '2022-05-03 08:37:29'),
(3, 'Muhammad Ismail', 'mismail@yopmail.com', NULL, '$2y$10$w2lQAa4qINmYMoE2eOxl1.s39XDYjkRwOT2nT3VLpBpwOj/NaLeve', NULL, '2022-05-05 18:42:03', '2022-05-05 18:42:03'),
(4, 'admin', 'admin@yopmail.com', NULL, '$2y$10$XbRa.6Qs0g5gHrmlkdD7eO9zDghgh1gLZzzMCml0I8J4hyzTORM2W', NULL, '2022-05-05 18:43:46', '2022-05-05 18:43:46'),
(5, 'admin', 'duetadmin@yopmail.com', NULL, '$2y$10$2BanXMMqe/lPLH77GcGusuYeoLfcwooWwJy2HZ0bWSi9i21fM/aui', NULL, '2022-05-06 03:48:16', '2022-05-06 03:48:16'),
(6, 'Ayub Laghari', 'ayub_laghari@ymail.com', NULL, '$2y$10$nM1fawOuq0xROHy/30ljQOfJXyxLQvVPRjlFsfFuEgX4Ss3s5g9ea', NULL, '2022-05-07 03:24:04', '2022-05-07 03:24:04');

--
-- Indexes for dumped tables
--

--
-- Indexes for table `duet_batches`
--
ALTER TABLE `duet_batches`
  ADD PRIMARY KEY (`id`),
  ADD KEY `duet_batches_department_id_foreign` (`department_id`),
  ADD KEY `duet_batches_current_semester_foreign` (`current_semester`);

--
-- Indexes for table `duet_departments`
--
ALTER TABLE `duet_departments`
  ADD PRIMARY KEY (`id`);

--
-- Indexes for table `duet_failed_jobs`
--
ALTER TABLE `duet_failed_jobs`
  ADD PRIMARY KEY (`id`),
  ADD UNIQUE KEY `duet_failed_jobs_uuid_unique` (`uuid`);

--
-- Indexes for table `duet_migrations`
--
ALTER TABLE `duet_migrations`
  ADD PRIMARY KEY (`id`);

--
-- Indexes for table `duet_password_resets`
--
ALTER TABLE `duet_password_resets`
  ADD KEY `duet_password_resets_email_index` (`email`);

--
-- Indexes for table `duet_personal_access_tokens`
--
ALTER TABLE `duet_personal_access_tokens`
  ADD PRIMARY KEY (`id`),
  ADD UNIQUE KEY `duet_personal_access_tokens_token_unique` (`token`),
  ADD KEY `duet_personal_access_tokens_tokenable_type_tokenable_id_index` (`tokenable_type`,`tokenable_id`);

--
-- Indexes for table `duet_semesters`
--
ALTER TABLE `duet_semesters`
  ADD PRIMARY KEY (`id`),
  ADD KEY `duet_semesters_department_id_foreign` (`department_id`);

--
-- Indexes for table `duet_students`
--
ALTER TABLE `duet_students`
  ADD PRIMARY KEY (`id`),
  ADD KEY `duet_students_batch_id_foreign` (`batch_id`);

--
-- Indexes for table `duet_subjects`
--
ALTER TABLE `duet_subjects`
  ADD PRIMARY KEY (`id`),
  ADD KEY `duet_subjects_semester_id_foreign` (`semester_id`),
  ADD KEY `duet_subjects_teacher_id_foreign` (`teacher_id`);

--
-- Indexes for table `duet_teachers`
--
ALTER TABLE `duet_teachers`
  ADD PRIMARY KEY (`id`),
  ADD KEY `duet_teachers_department_id_foreign` (`department_id`);

--
-- Indexes for table `duet_time_tables`
--
ALTER TABLE `duet_time_tables`
  ADD PRIMARY KEY (`id`),
  ADD KEY `duet_time_tables_batch_id_foreign` (`batch_id`),
  ADD KEY `duet_time_tables_subject_id_foreign` (`subject_id`),
  ADD KEY `duet_time_tables_department_id_foreign` (`department_id`);

--
-- Indexes for table `duet_users`
--
ALTER TABLE `duet_users`
  ADD PRIMARY KEY (`id`),
  ADD UNIQUE KEY `duet_users_email_unique` (`email`);

--
-- AUTO_INCREMENT for dumped tables
--

--
-- AUTO_INCREMENT for table `duet_batches`
--
ALTER TABLE `duet_batches`
  MODIFY `id` bigint(20) UNSIGNED NOT NULL AUTO_INCREMENT, AUTO_INCREMENT=60;

--
-- AUTO_INCREMENT for table `duet_departments`
--
ALTER TABLE `duet_departments`
  MODIFY `id` bigint(20) UNSIGNED NOT NULL AUTO_INCREMENT, AUTO_INCREMENT=41;

--
-- AUTO_INCREMENT for table `duet_failed_jobs`
--
ALTER TABLE `duet_failed_jobs`
  MODIFY `id` bigint(20) UNSIGNED NOT NULL AUTO_INCREMENT;

--
-- AUTO_INCREMENT for table `duet_migrations`
--
ALTER TABLE `duet_migrations`
  MODIFY `id` int(10) UNSIGNED NOT NULL AUTO_INCREMENT, AUTO_INCREMENT=6;

--
-- AUTO_INCREMENT for table `duet_personal_access_tokens`
--
ALTER TABLE `duet_personal_access_tokens`
  MODIFY `id` bigint(20) UNSIGNED NOT NULL AUTO_INCREMENT;

--
-- AUTO_INCREMENT for table `duet_semesters`
--
ALTER TABLE `duet_semesters`
  MODIFY `id` bigint(20) UNSIGNED NOT NULL AUTO_INCREMENT, AUTO_INCREMENT=62;

--
-- AUTO_INCREMENT for table `duet_students`
--
ALTER TABLE `duet_students`
  MODIFY `id` bigint(20) UNSIGNED NOT NULL AUTO_INCREMENT, AUTO_INCREMENT=2335;

--
-- AUTO_INCREMENT for table `duet_subjects`
--
ALTER TABLE `duet_subjects`
  MODIFY `id` bigint(20) UNSIGNED NOT NULL AUTO_INCREMENT, AUTO_INCREMENT=1325;

--
-- AUTO_INCREMENT for table `duet_teachers`
--
ALTER TABLE `duet_teachers`
  MODIFY `id` bigint(20) UNSIGNED NOT NULL AUTO_INCREMENT, AUTO_INCREMENT=790;

--
-- AUTO_INCREMENT for table `duet_time_tables`
--
ALTER TABLE `duet_time_tables`
  MODIFY `id` bigint(20) UNSIGNED NOT NULL AUTO_INCREMENT, AUTO_INCREMENT=300;

--
-- AUTO_INCREMENT for table `duet_users`
--
ALTER TABLE `duet_users`
  MODIFY `id` bigint(20) UNSIGNED NOT NULL AUTO_INCREMENT, AUTO_INCREMENT=7;

--
-- Constraints for dumped tables
--

--
-- Constraints for table `duet_batches`
--
ALTER TABLE `duet_batches`
  ADD CONSTRAINT `duet_batches_current_semester_foreign` FOREIGN KEY (`current_semester`) REFERENCES `duet_semesters` (`id`),
  ADD CONSTRAINT `duet_batches_department_id_foreign` FOREIGN KEY (`department_id`) REFERENCES `duet_departments` (`id`);

--
-- Constraints for table `duet_semesters`
--
ALTER TABLE `duet_semesters`
  ADD CONSTRAINT `duet_semesters_department_id_foreign` FOREIGN KEY (`department_id`) REFERENCES `duet_departments` (`id`);

--
-- Constraints for table `duet_students`
--
ALTER TABLE `duet_students`
  ADD CONSTRAINT `duet_students_batch_id_foreign` FOREIGN KEY (`batch_id`) REFERENCES `duet_batches` (`id`);

--
-- Constraints for table `duet_subjects`
--
ALTER TABLE `duet_subjects`
  ADD CONSTRAINT `duet_subjects_semester_id_foreign` FOREIGN KEY (`semester_id`) REFERENCES `duet_semesters` (`id`),
  ADD CONSTRAINT `duet_subjects_teacher_id_foreign` FOREIGN KEY (`teacher_id`) REFERENCES `duet_teachers` (`id`);

--
-- Constraints for table `duet_teachers`
--
ALTER TABLE `duet_teachers`
  ADD CONSTRAINT `duet_teachers_department_id_foreign` FOREIGN KEY (`department_id`) REFERENCES `duet_departments` (`id`);

--
-- Constraints for table `duet_time_tables`
--
ALTER TABLE `duet_time_tables`
  ADD CONSTRAINT `duet_time_tables_batch_id_foreign` FOREIGN KEY (`batch_id`) REFERENCES `duet_batches` (`id`),
  ADD CONSTRAINT `duet_time_tables_department_id_foreign` FOREIGN KEY (`department_id`) REFERENCES `duet_departments` (`id`),
  ADD CONSTRAINT `duet_time_tables_subject_id_foreign` FOREIGN KEY (`subject_id`) REFERENCES `duet_subjects` (`id`);
COMMIT;

/*!40101 SET CHARACTER_SET_CLIENT=@OLD_CHARACTER_SET_CLIENT */;
/*!40101 SET CHARACTER_SET_RESULTS=@OLD_CHARACTER_SET_RESULTS */;
/*!40101 SET COLLATION_CONNECTION=@OLD_COLLATION_CONNECTION */;
